
FinalFullProject.elf:     file format elf32-avr

Sections:
Idx Name          Size      VMA       LMA       File off  Algn
  0 .text         00006ca6  00000000  00000000  00000094  2**1
                  CONTENTS, ALLOC, LOAD, READONLY, CODE
  1 .data         0000025a  00800060  00006ca6  00006d3a  2**0
                  CONTENTS, ALLOC, LOAD, DATA
  2 .bss          00000004  008002ba  008002ba  00006f94  2**0
                  ALLOC
  3 .stab         000055a4  00000000  00000000  00006f94  2**2
                  CONTENTS, READONLY, DEBUGGING
  4 .stabstr      000013c8  00000000  00000000  0000c538  2**0
                  CONTENTS, READONLY, DEBUGGING
  5 .debug_aranges 000001a0  00000000  00000000  0000d900  2**0
                  CONTENTS, READONLY, DEBUGGING
  6 .debug_pubnames 000001f2  00000000  00000000  0000daa0  2**0
                  CONTENTS, READONLY, DEBUGGING
  7 .debug_info   0000240b  00000000  00000000  0000dc92  2**0
                  CONTENTS, READONLY, DEBUGGING
  8 .debug_abbrev 00001386  00000000  00000000  0001009d  2**0
                  CONTENTS, READONLY, DEBUGGING
  9 .debug_line   000011d6  00000000  00000000  00011423  2**0
                  CONTENTS, READONLY, DEBUGGING
 10 .debug_frame  000001c0  00000000  00000000  000125fc  2**2
                  CONTENTS, READONLY, DEBUGGING
 11 .debug_str    000002f6  00000000  00000000  000127bc  2**0
                  CONTENTS, READONLY, DEBUGGING
 12 .debug_loc    0000096e  00000000  00000000  00012ab2  2**0
                  CONTENTS, READONLY, DEBUGGING
 13 .debug_ranges 00000050  00000000  00000000  00013420  2**0
                  CONTENTS, READONLY, DEBUGGING

Disassembly of section .text:

00000000 <__vectors>:
       0:	0c 94 2a 00 	jmp	0x54	; 0x54 <__ctors_end>
       4:	0c 94 4c 1d 	jmp	0x3a98	; 0x3a98 <__vector_1>
       8:	0c 94 47 00 	jmp	0x8e	; 0x8e <__bad_interrupt>
       c:	0c 94 47 00 	jmp	0x8e	; 0x8e <__bad_interrupt>
      10:	0c 94 47 00 	jmp	0x8e	; 0x8e <__bad_interrupt>
      14:	0c 94 47 00 	jmp	0x8e	; 0x8e <__bad_interrupt>
      18:	0c 94 47 00 	jmp	0x8e	; 0x8e <__bad_interrupt>
      1c:	0c 94 47 00 	jmp	0x8e	; 0x8e <__bad_interrupt>
      20:	0c 94 47 00 	jmp	0x8e	; 0x8e <__bad_interrupt>
      24:	0c 94 47 00 	jmp	0x8e	; 0x8e <__bad_interrupt>
      28:	0c 94 47 00 	jmp	0x8e	; 0x8e <__bad_interrupt>
      2c:	0c 94 47 00 	jmp	0x8e	; 0x8e <__bad_interrupt>
      30:	0c 94 47 00 	jmp	0x8e	; 0x8e <__bad_interrupt>
      34:	0c 94 47 00 	jmp	0x8e	; 0x8e <__bad_interrupt>
      38:	0c 94 47 00 	jmp	0x8e	; 0x8e <__bad_interrupt>
      3c:	0c 94 47 00 	jmp	0x8e	; 0x8e <__bad_interrupt>
      40:	0c 94 47 00 	jmp	0x8e	; 0x8e <__bad_interrupt>
      44:	0c 94 47 00 	jmp	0x8e	; 0x8e <__bad_interrupt>
      48:	0c 94 47 00 	jmp	0x8e	; 0x8e <__bad_interrupt>
      4c:	0c 94 47 00 	jmp	0x8e	; 0x8e <__bad_interrupt>
      50:	0c 94 47 00 	jmp	0x8e	; 0x8e <__bad_interrupt>

00000054 <__ctors_end>:
      54:	11 24       	eor	r1, r1
      56:	1f be       	out	0x3f, r1	; 63
      58:	cf e5       	ldi	r28, 0x5F	; 95
      5a:	d8 e0       	ldi	r29, 0x08	; 8
      5c:	de bf       	out	0x3e, r29	; 62
      5e:	cd bf       	out	0x3d, r28	; 61

00000060 <__do_copy_data>:
      60:	12 e0       	ldi	r17, 0x02	; 2
      62:	a0 e6       	ldi	r26, 0x60	; 96
      64:	b0 e0       	ldi	r27, 0x00	; 0
      66:	e6 ea       	ldi	r30, 0xA6	; 166
      68:	fc e6       	ldi	r31, 0x6C	; 108
      6a:	02 c0       	rjmp	.+4      	; 0x70 <.do_copy_data_start>

0000006c <.do_copy_data_loop>:
      6c:	05 90       	lpm	r0, Z+
      6e:	0d 92       	st	X+, r0

00000070 <.do_copy_data_start>:
      70:	aa 3b       	cpi	r26, 0xBA	; 186
      72:	b1 07       	cpc	r27, r17
      74:	d9 f7       	brne	.-10     	; 0x6c <.do_copy_data_loop>

00000076 <__do_clear_bss>:
      76:	12 e0       	ldi	r17, 0x02	; 2
      78:	aa eb       	ldi	r26, 0xBA	; 186
      7a:	b2 e0       	ldi	r27, 0x02	; 2
      7c:	01 c0       	rjmp	.+2      	; 0x80 <.do_clear_bss_start>

0000007e <.do_clear_bss_loop>:
      7e:	1d 92       	st	X+, r1

00000080 <.do_clear_bss_start>:
      80:	ae 3b       	cpi	r26, 0xBE	; 190
      82:	b1 07       	cpc	r27, r17
      84:	e1 f7       	brne	.-8      	; 0x7e <.do_clear_bss_loop>
      86:	0e 94 01 09 	call	0x1202	; 0x1202 <main>
      8a:	0c 94 51 36 	jmp	0x6ca2	; 0x6ca2 <_exit>

0000008e <__bad_interrupt>:
      8e:	0c 94 00 00 	jmp	0	; 0x0 <__vectors>

00000092 <__fixunssfsi>:
      92:	ef 92       	push	r14
      94:	ff 92       	push	r15
      96:	0f 93       	push	r16
      98:	1f 93       	push	r17
      9a:	7b 01       	movw	r14, r22
      9c:	8c 01       	movw	r16, r24
      9e:	20 e0       	ldi	r18, 0x00	; 0
      a0:	30 e0       	ldi	r19, 0x00	; 0
      a2:	40 e0       	ldi	r20, 0x00	; 0
      a4:	5f e4       	ldi	r21, 0x4F	; 79
      a6:	0e 94 f5 03 	call	0x7ea	; 0x7ea <__gesf2>
      aa:	88 23       	and	r24, r24
      ac:	8c f0       	brlt	.+34     	; 0xd0 <__fixunssfsi+0x3e>
      ae:	c8 01       	movw	r24, r16
      b0:	b7 01       	movw	r22, r14
      b2:	20 e0       	ldi	r18, 0x00	; 0
      b4:	30 e0       	ldi	r19, 0x00	; 0
      b6:	40 e0       	ldi	r20, 0x00	; 0
      b8:	5f e4       	ldi	r21, 0x4F	; 79
      ba:	0e 94 c1 01 	call	0x382	; 0x382 <__subsf3>
      be:	0e 94 55 04 	call	0x8aa	; 0x8aa <__fixsfsi>
      c2:	9b 01       	movw	r18, r22
      c4:	ac 01       	movw	r20, r24
      c6:	20 50       	subi	r18, 0x00	; 0
      c8:	30 40       	sbci	r19, 0x00	; 0
      ca:	40 40       	sbci	r20, 0x00	; 0
      cc:	50 48       	sbci	r21, 0x80	; 128
      ce:	06 c0       	rjmp	.+12     	; 0xdc <__fixunssfsi+0x4a>
      d0:	c8 01       	movw	r24, r16
      d2:	b7 01       	movw	r22, r14
      d4:	0e 94 55 04 	call	0x8aa	; 0x8aa <__fixsfsi>
      d8:	9b 01       	movw	r18, r22
      da:	ac 01       	movw	r20, r24
      dc:	b9 01       	movw	r22, r18
      de:	ca 01       	movw	r24, r20
      e0:	1f 91       	pop	r17
      e2:	0f 91       	pop	r16
      e4:	ff 90       	pop	r15
      e6:	ef 90       	pop	r14
      e8:	08 95       	ret

000000ea <_fpadd_parts>:
      ea:	a0 e0       	ldi	r26, 0x00	; 0
      ec:	b0 e0       	ldi	r27, 0x00	; 0
      ee:	eb e7       	ldi	r30, 0x7B	; 123
      f0:	f0 e0       	ldi	r31, 0x00	; 0
      f2:	0c 94 1a 36 	jmp	0x6c34	; 0x6c34 <__prologue_saves__>
      f6:	dc 01       	movw	r26, r24
      f8:	2b 01       	movw	r4, r22
      fa:	fa 01       	movw	r30, r20
      fc:	9c 91       	ld	r25, X
      fe:	92 30       	cpi	r25, 0x02	; 2
     100:	08 f4       	brcc	.+2      	; 0x104 <_fpadd_parts+0x1a>
     102:	39 c1       	rjmp	.+626    	; 0x376 <_fpadd_parts+0x28c>
     104:	eb 01       	movw	r28, r22
     106:	88 81       	ld	r24, Y
     108:	82 30       	cpi	r24, 0x02	; 2
     10a:	08 f4       	brcc	.+2      	; 0x10e <_fpadd_parts+0x24>
     10c:	33 c1       	rjmp	.+614    	; 0x374 <_fpadd_parts+0x28a>
     10e:	94 30       	cpi	r25, 0x04	; 4
     110:	69 f4       	brne	.+26     	; 0x12c <_fpadd_parts+0x42>
     112:	84 30       	cpi	r24, 0x04	; 4
     114:	09 f0       	breq	.+2      	; 0x118 <_fpadd_parts+0x2e>
     116:	2f c1       	rjmp	.+606    	; 0x376 <_fpadd_parts+0x28c>
     118:	11 96       	adiw	r26, 0x01	; 1
     11a:	9c 91       	ld	r25, X
     11c:	11 97       	sbiw	r26, 0x01	; 1
     11e:	89 81       	ldd	r24, Y+1	; 0x01
     120:	98 17       	cp	r25, r24
     122:	09 f4       	brne	.+2      	; 0x126 <_fpadd_parts+0x3c>
     124:	28 c1       	rjmp	.+592    	; 0x376 <_fpadd_parts+0x28c>
     126:	a2 eb       	ldi	r26, 0xB2	; 178
     128:	b1 e0       	ldi	r27, 0x01	; 1
     12a:	25 c1       	rjmp	.+586    	; 0x376 <_fpadd_parts+0x28c>
     12c:	84 30       	cpi	r24, 0x04	; 4
     12e:	09 f4       	brne	.+2      	; 0x132 <_fpadd_parts+0x48>
     130:	21 c1       	rjmp	.+578    	; 0x374 <_fpadd_parts+0x28a>
     132:	82 30       	cpi	r24, 0x02	; 2
     134:	a9 f4       	brne	.+42     	; 0x160 <_fpadd_parts+0x76>
     136:	92 30       	cpi	r25, 0x02	; 2
     138:	09 f0       	breq	.+2      	; 0x13c <_fpadd_parts+0x52>
     13a:	1d c1       	rjmp	.+570    	; 0x376 <_fpadd_parts+0x28c>
     13c:	9a 01       	movw	r18, r20
     13e:	ad 01       	movw	r20, r26
     140:	88 e0       	ldi	r24, 0x08	; 8
     142:	ea 01       	movw	r28, r20
     144:	09 90       	ld	r0, Y+
     146:	ae 01       	movw	r20, r28
     148:	e9 01       	movw	r28, r18
     14a:	09 92       	st	Y+, r0
     14c:	9e 01       	movw	r18, r28
     14e:	81 50       	subi	r24, 0x01	; 1
     150:	c1 f7       	brne	.-16     	; 0x142 <_fpadd_parts+0x58>
     152:	e2 01       	movw	r28, r4
     154:	89 81       	ldd	r24, Y+1	; 0x01
     156:	11 96       	adiw	r26, 0x01	; 1
     158:	9c 91       	ld	r25, X
     15a:	89 23       	and	r24, r25
     15c:	81 83       	std	Z+1, r24	; 0x01
     15e:	08 c1       	rjmp	.+528    	; 0x370 <_fpadd_parts+0x286>
     160:	92 30       	cpi	r25, 0x02	; 2
     162:	09 f4       	brne	.+2      	; 0x166 <_fpadd_parts+0x7c>
     164:	07 c1       	rjmp	.+526    	; 0x374 <_fpadd_parts+0x28a>
     166:	12 96       	adiw	r26, 0x02	; 2
     168:	2d 90       	ld	r2, X+
     16a:	3c 90       	ld	r3, X
     16c:	13 97       	sbiw	r26, 0x03	; 3
     16e:	eb 01       	movw	r28, r22
     170:	8a 81       	ldd	r24, Y+2	; 0x02
     172:	9b 81       	ldd	r25, Y+3	; 0x03
     174:	14 96       	adiw	r26, 0x04	; 4
     176:	ad 90       	ld	r10, X+
     178:	bd 90       	ld	r11, X+
     17a:	cd 90       	ld	r12, X+
     17c:	dc 90       	ld	r13, X
     17e:	17 97       	sbiw	r26, 0x07	; 7
     180:	ec 80       	ldd	r14, Y+4	; 0x04
     182:	fd 80       	ldd	r15, Y+5	; 0x05
     184:	0e 81       	ldd	r16, Y+6	; 0x06
     186:	1f 81       	ldd	r17, Y+7	; 0x07
     188:	91 01       	movw	r18, r2
     18a:	28 1b       	sub	r18, r24
     18c:	39 0b       	sbc	r19, r25
     18e:	b9 01       	movw	r22, r18
     190:	37 ff       	sbrs	r19, 7
     192:	04 c0       	rjmp	.+8      	; 0x19c <_fpadd_parts+0xb2>
     194:	66 27       	eor	r22, r22
     196:	77 27       	eor	r23, r23
     198:	62 1b       	sub	r22, r18
     19a:	73 0b       	sbc	r23, r19
     19c:	60 32       	cpi	r22, 0x20	; 32
     19e:	71 05       	cpc	r23, r1
     1a0:	0c f0       	brlt	.+2      	; 0x1a4 <_fpadd_parts+0xba>
     1a2:	61 c0       	rjmp	.+194    	; 0x266 <_fpadd_parts+0x17c>
     1a4:	12 16       	cp	r1, r18
     1a6:	13 06       	cpc	r1, r19
     1a8:	6c f5       	brge	.+90     	; 0x204 <_fpadd_parts+0x11a>
     1aa:	37 01       	movw	r6, r14
     1ac:	48 01       	movw	r8, r16
     1ae:	06 2e       	mov	r0, r22
     1b0:	04 c0       	rjmp	.+8      	; 0x1ba <_fpadd_parts+0xd0>
     1b2:	96 94       	lsr	r9
     1b4:	87 94       	ror	r8
     1b6:	77 94       	ror	r7
     1b8:	67 94       	ror	r6
     1ba:	0a 94       	dec	r0
     1bc:	d2 f7       	brpl	.-12     	; 0x1b2 <_fpadd_parts+0xc8>
     1be:	21 e0       	ldi	r18, 0x01	; 1
     1c0:	30 e0       	ldi	r19, 0x00	; 0
     1c2:	40 e0       	ldi	r20, 0x00	; 0
     1c4:	50 e0       	ldi	r21, 0x00	; 0
     1c6:	04 c0       	rjmp	.+8      	; 0x1d0 <_fpadd_parts+0xe6>
     1c8:	22 0f       	add	r18, r18
     1ca:	33 1f       	adc	r19, r19
     1cc:	44 1f       	adc	r20, r20
     1ce:	55 1f       	adc	r21, r21
     1d0:	6a 95       	dec	r22
     1d2:	d2 f7       	brpl	.-12     	; 0x1c8 <_fpadd_parts+0xde>
     1d4:	21 50       	subi	r18, 0x01	; 1
     1d6:	30 40       	sbci	r19, 0x00	; 0
     1d8:	40 40       	sbci	r20, 0x00	; 0
     1da:	50 40       	sbci	r21, 0x00	; 0
     1dc:	2e 21       	and	r18, r14
     1de:	3f 21       	and	r19, r15
     1e0:	40 23       	and	r20, r16
     1e2:	51 23       	and	r21, r17
     1e4:	21 15       	cp	r18, r1
     1e6:	31 05       	cpc	r19, r1
     1e8:	41 05       	cpc	r20, r1
     1ea:	51 05       	cpc	r21, r1
     1ec:	21 f0       	breq	.+8      	; 0x1f6 <_fpadd_parts+0x10c>
     1ee:	21 e0       	ldi	r18, 0x01	; 1
     1f0:	30 e0       	ldi	r19, 0x00	; 0
     1f2:	40 e0       	ldi	r20, 0x00	; 0
     1f4:	50 e0       	ldi	r21, 0x00	; 0
     1f6:	79 01       	movw	r14, r18
     1f8:	8a 01       	movw	r16, r20
     1fa:	e6 28       	or	r14, r6
     1fc:	f7 28       	or	r15, r7
     1fe:	08 29       	or	r16, r8
     200:	19 29       	or	r17, r9
     202:	3c c0       	rjmp	.+120    	; 0x27c <_fpadd_parts+0x192>
     204:	23 2b       	or	r18, r19
     206:	d1 f1       	breq	.+116    	; 0x27c <_fpadd_parts+0x192>
     208:	26 0e       	add	r2, r22
     20a:	37 1e       	adc	r3, r23
     20c:	35 01       	movw	r6, r10
     20e:	46 01       	movw	r8, r12
     210:	06 2e       	mov	r0, r22
     212:	04 c0       	rjmp	.+8      	; 0x21c <_fpadd_parts+0x132>
     214:	96 94       	lsr	r9
     216:	87 94       	ror	r8
     218:	77 94       	ror	r7
     21a:	67 94       	ror	r6
     21c:	0a 94       	dec	r0
     21e:	d2 f7       	brpl	.-12     	; 0x214 <_fpadd_parts+0x12a>
     220:	21 e0       	ldi	r18, 0x01	; 1
     222:	30 e0       	ldi	r19, 0x00	; 0
     224:	40 e0       	ldi	r20, 0x00	; 0
     226:	50 e0       	ldi	r21, 0x00	; 0
     228:	04 c0       	rjmp	.+8      	; 0x232 <_fpadd_parts+0x148>
     22a:	22 0f       	add	r18, r18
     22c:	33 1f       	adc	r19, r19
     22e:	44 1f       	adc	r20, r20
     230:	55 1f       	adc	r21, r21
     232:	6a 95       	dec	r22
     234:	d2 f7       	brpl	.-12     	; 0x22a <_fpadd_parts+0x140>
     236:	21 50       	subi	r18, 0x01	; 1
     238:	30 40       	sbci	r19, 0x00	; 0
     23a:	40 40       	sbci	r20, 0x00	; 0
     23c:	50 40       	sbci	r21, 0x00	; 0
     23e:	2a 21       	and	r18, r10
     240:	3b 21       	and	r19, r11
     242:	4c 21       	and	r20, r12
     244:	5d 21       	and	r21, r13
     246:	21 15       	cp	r18, r1
     248:	31 05       	cpc	r19, r1
     24a:	41 05       	cpc	r20, r1
     24c:	51 05       	cpc	r21, r1
     24e:	21 f0       	breq	.+8      	; 0x258 <_fpadd_parts+0x16e>
     250:	21 e0       	ldi	r18, 0x01	; 1
     252:	30 e0       	ldi	r19, 0x00	; 0
     254:	40 e0       	ldi	r20, 0x00	; 0
     256:	50 e0       	ldi	r21, 0x00	; 0
     258:	59 01       	movw	r10, r18
     25a:	6a 01       	movw	r12, r20
     25c:	a6 28       	or	r10, r6
     25e:	b7 28       	or	r11, r7
     260:	c8 28       	or	r12, r8
     262:	d9 28       	or	r13, r9
     264:	0b c0       	rjmp	.+22     	; 0x27c <_fpadd_parts+0x192>
     266:	82 15       	cp	r24, r2
     268:	93 05       	cpc	r25, r3
     26a:	2c f0       	brlt	.+10     	; 0x276 <_fpadd_parts+0x18c>
     26c:	1c 01       	movw	r2, r24
     26e:	aa 24       	eor	r10, r10
     270:	bb 24       	eor	r11, r11
     272:	65 01       	movw	r12, r10
     274:	03 c0       	rjmp	.+6      	; 0x27c <_fpadd_parts+0x192>
     276:	ee 24       	eor	r14, r14
     278:	ff 24       	eor	r15, r15
     27a:	87 01       	movw	r16, r14
     27c:	11 96       	adiw	r26, 0x01	; 1
     27e:	9c 91       	ld	r25, X
     280:	d2 01       	movw	r26, r4
     282:	11 96       	adiw	r26, 0x01	; 1
     284:	8c 91       	ld	r24, X
     286:	98 17       	cp	r25, r24
     288:	09 f4       	brne	.+2      	; 0x28c <_fpadd_parts+0x1a2>
     28a:	45 c0       	rjmp	.+138    	; 0x316 <_fpadd_parts+0x22c>
     28c:	99 23       	and	r25, r25
     28e:	39 f0       	breq	.+14     	; 0x29e <_fpadd_parts+0x1b4>
     290:	a8 01       	movw	r20, r16
     292:	97 01       	movw	r18, r14
     294:	2a 19       	sub	r18, r10
     296:	3b 09       	sbc	r19, r11
     298:	4c 09       	sbc	r20, r12
     29a:	5d 09       	sbc	r21, r13
     29c:	06 c0       	rjmp	.+12     	; 0x2aa <_fpadd_parts+0x1c0>
     29e:	a6 01       	movw	r20, r12
     2a0:	95 01       	movw	r18, r10
     2a2:	2e 19       	sub	r18, r14
     2a4:	3f 09       	sbc	r19, r15
     2a6:	40 0b       	sbc	r20, r16
     2a8:	51 0b       	sbc	r21, r17
     2aa:	57 fd       	sbrc	r21, 7
     2ac:	08 c0       	rjmp	.+16     	; 0x2be <_fpadd_parts+0x1d4>
     2ae:	11 82       	std	Z+1, r1	; 0x01
     2b0:	33 82       	std	Z+3, r3	; 0x03
     2b2:	22 82       	std	Z+2, r2	; 0x02
     2b4:	24 83       	std	Z+4, r18	; 0x04
     2b6:	35 83       	std	Z+5, r19	; 0x05
     2b8:	46 83       	std	Z+6, r20	; 0x06
     2ba:	57 83       	std	Z+7, r21	; 0x07
     2bc:	1d c0       	rjmp	.+58     	; 0x2f8 <_fpadd_parts+0x20e>
     2be:	81 e0       	ldi	r24, 0x01	; 1
     2c0:	81 83       	std	Z+1, r24	; 0x01
     2c2:	33 82       	std	Z+3, r3	; 0x03
     2c4:	22 82       	std	Z+2, r2	; 0x02
     2c6:	88 27       	eor	r24, r24
     2c8:	99 27       	eor	r25, r25
     2ca:	dc 01       	movw	r26, r24
     2cc:	82 1b       	sub	r24, r18
     2ce:	93 0b       	sbc	r25, r19
     2d0:	a4 0b       	sbc	r26, r20
     2d2:	b5 0b       	sbc	r27, r21
     2d4:	84 83       	std	Z+4, r24	; 0x04
     2d6:	95 83       	std	Z+5, r25	; 0x05
     2d8:	a6 83       	std	Z+6, r26	; 0x06
     2da:	b7 83       	std	Z+7, r27	; 0x07
     2dc:	0d c0       	rjmp	.+26     	; 0x2f8 <_fpadd_parts+0x20e>
     2de:	22 0f       	add	r18, r18
     2e0:	33 1f       	adc	r19, r19
     2e2:	44 1f       	adc	r20, r20
     2e4:	55 1f       	adc	r21, r21
     2e6:	24 83       	std	Z+4, r18	; 0x04
     2e8:	35 83       	std	Z+5, r19	; 0x05
     2ea:	46 83       	std	Z+6, r20	; 0x06
     2ec:	57 83       	std	Z+7, r21	; 0x07
     2ee:	82 81       	ldd	r24, Z+2	; 0x02
     2f0:	93 81       	ldd	r25, Z+3	; 0x03
     2f2:	01 97       	sbiw	r24, 0x01	; 1
     2f4:	93 83       	std	Z+3, r25	; 0x03
     2f6:	82 83       	std	Z+2, r24	; 0x02
     2f8:	24 81       	ldd	r18, Z+4	; 0x04
     2fa:	35 81       	ldd	r19, Z+5	; 0x05
     2fc:	46 81       	ldd	r20, Z+6	; 0x06
     2fe:	57 81       	ldd	r21, Z+7	; 0x07
     300:	da 01       	movw	r26, r20
     302:	c9 01       	movw	r24, r18
     304:	01 97       	sbiw	r24, 0x01	; 1
     306:	a1 09       	sbc	r26, r1
     308:	b1 09       	sbc	r27, r1
     30a:	8f 5f       	subi	r24, 0xFF	; 255
     30c:	9f 4f       	sbci	r25, 0xFF	; 255
     30e:	af 4f       	sbci	r26, 0xFF	; 255
     310:	bf 43       	sbci	r27, 0x3F	; 63
     312:	28 f3       	brcs	.-54     	; 0x2de <_fpadd_parts+0x1f4>
     314:	0b c0       	rjmp	.+22     	; 0x32c <_fpadd_parts+0x242>
     316:	91 83       	std	Z+1, r25	; 0x01
     318:	33 82       	std	Z+3, r3	; 0x03
     31a:	22 82       	std	Z+2, r2	; 0x02
     31c:	ea 0c       	add	r14, r10
     31e:	fb 1c       	adc	r15, r11
     320:	0c 1d       	adc	r16, r12
     322:	1d 1d       	adc	r17, r13
     324:	e4 82       	std	Z+4, r14	; 0x04
     326:	f5 82       	std	Z+5, r15	; 0x05
     328:	06 83       	std	Z+6, r16	; 0x06
     32a:	17 83       	std	Z+7, r17	; 0x07
     32c:	83 e0       	ldi	r24, 0x03	; 3
     32e:	80 83       	st	Z, r24
     330:	24 81       	ldd	r18, Z+4	; 0x04
     332:	35 81       	ldd	r19, Z+5	; 0x05
     334:	46 81       	ldd	r20, Z+6	; 0x06
     336:	57 81       	ldd	r21, Z+7	; 0x07
     338:	57 ff       	sbrs	r21, 7
     33a:	1a c0       	rjmp	.+52     	; 0x370 <_fpadd_parts+0x286>
     33c:	c9 01       	movw	r24, r18
     33e:	aa 27       	eor	r26, r26
     340:	97 fd       	sbrc	r25, 7
     342:	a0 95       	com	r26
     344:	ba 2f       	mov	r27, r26
     346:	81 70       	andi	r24, 0x01	; 1
     348:	90 70       	andi	r25, 0x00	; 0
     34a:	a0 70       	andi	r26, 0x00	; 0
     34c:	b0 70       	andi	r27, 0x00	; 0
     34e:	56 95       	lsr	r21
     350:	47 95       	ror	r20
     352:	37 95       	ror	r19
     354:	27 95       	ror	r18
     356:	82 2b       	or	r24, r18
     358:	93 2b       	or	r25, r19
     35a:	a4 2b       	or	r26, r20
     35c:	b5 2b       	or	r27, r21
     35e:	84 83       	std	Z+4, r24	; 0x04
     360:	95 83       	std	Z+5, r25	; 0x05
     362:	a6 83       	std	Z+6, r26	; 0x06
     364:	b7 83       	std	Z+7, r27	; 0x07
     366:	82 81       	ldd	r24, Z+2	; 0x02
     368:	93 81       	ldd	r25, Z+3	; 0x03
     36a:	01 96       	adiw	r24, 0x01	; 1
     36c:	93 83       	std	Z+3, r25	; 0x03
     36e:	82 83       	std	Z+2, r24	; 0x02
     370:	df 01       	movw	r26, r30
     372:	01 c0       	rjmp	.+2      	; 0x376 <_fpadd_parts+0x28c>
     374:	d2 01       	movw	r26, r4
     376:	cd 01       	movw	r24, r26
     378:	cd b7       	in	r28, 0x3d	; 61
     37a:	de b7       	in	r29, 0x3e	; 62
     37c:	e2 e1       	ldi	r30, 0x12	; 18
     37e:	0c 94 36 36 	jmp	0x6c6c	; 0x6c6c <__epilogue_restores__>

00000382 <__subsf3>:
     382:	a0 e2       	ldi	r26, 0x20	; 32
     384:	b0 e0       	ldi	r27, 0x00	; 0
     386:	e7 ec       	ldi	r30, 0xC7	; 199
     388:	f1 e0       	ldi	r31, 0x01	; 1
     38a:	0c 94 26 36 	jmp	0x6c4c	; 0x6c4c <__prologue_saves__+0x18>
     38e:	69 83       	std	Y+1, r22	; 0x01
     390:	7a 83       	std	Y+2, r23	; 0x02
     392:	8b 83       	std	Y+3, r24	; 0x03
     394:	9c 83       	std	Y+4, r25	; 0x04
     396:	2d 83       	std	Y+5, r18	; 0x05
     398:	3e 83       	std	Y+6, r19	; 0x06
     39a:	4f 83       	std	Y+7, r20	; 0x07
     39c:	58 87       	std	Y+8, r21	; 0x08
     39e:	e9 e0       	ldi	r30, 0x09	; 9
     3a0:	ee 2e       	mov	r14, r30
     3a2:	f1 2c       	mov	r15, r1
     3a4:	ec 0e       	add	r14, r28
     3a6:	fd 1e       	adc	r15, r29
     3a8:	ce 01       	movw	r24, r28
     3aa:	01 96       	adiw	r24, 0x01	; 1
     3ac:	b7 01       	movw	r22, r14
     3ae:	0e 94 46 06 	call	0xc8c	; 0xc8c <__unpack_f>
     3b2:	8e 01       	movw	r16, r28
     3b4:	0f 5e       	subi	r16, 0xEF	; 239
     3b6:	1f 4f       	sbci	r17, 0xFF	; 255
     3b8:	ce 01       	movw	r24, r28
     3ba:	05 96       	adiw	r24, 0x05	; 5
     3bc:	b8 01       	movw	r22, r16
     3be:	0e 94 46 06 	call	0xc8c	; 0xc8c <__unpack_f>
     3c2:	8a 89       	ldd	r24, Y+18	; 0x12
     3c4:	91 e0       	ldi	r25, 0x01	; 1
     3c6:	89 27       	eor	r24, r25
     3c8:	8a 8b       	std	Y+18, r24	; 0x12
     3ca:	c7 01       	movw	r24, r14
     3cc:	b8 01       	movw	r22, r16
     3ce:	ae 01       	movw	r20, r28
     3d0:	47 5e       	subi	r20, 0xE7	; 231
     3d2:	5f 4f       	sbci	r21, 0xFF	; 255
     3d4:	0e 94 75 00 	call	0xea	; 0xea <_fpadd_parts>
     3d8:	0e 94 71 05 	call	0xae2	; 0xae2 <__pack_f>
     3dc:	a0 96       	adiw	r28, 0x20	; 32
     3de:	e6 e0       	ldi	r30, 0x06	; 6
     3e0:	0c 94 42 36 	jmp	0x6c84	; 0x6c84 <__epilogue_restores__+0x18>

000003e4 <__addsf3>:
     3e4:	a0 e2       	ldi	r26, 0x20	; 32
     3e6:	b0 e0       	ldi	r27, 0x00	; 0
     3e8:	e8 ef       	ldi	r30, 0xF8	; 248
     3ea:	f1 e0       	ldi	r31, 0x01	; 1
     3ec:	0c 94 26 36 	jmp	0x6c4c	; 0x6c4c <__prologue_saves__+0x18>
     3f0:	69 83       	std	Y+1, r22	; 0x01
     3f2:	7a 83       	std	Y+2, r23	; 0x02
     3f4:	8b 83       	std	Y+3, r24	; 0x03
     3f6:	9c 83       	std	Y+4, r25	; 0x04
     3f8:	2d 83       	std	Y+5, r18	; 0x05
     3fa:	3e 83       	std	Y+6, r19	; 0x06
     3fc:	4f 83       	std	Y+7, r20	; 0x07
     3fe:	58 87       	std	Y+8, r21	; 0x08
     400:	f9 e0       	ldi	r31, 0x09	; 9
     402:	ef 2e       	mov	r14, r31
     404:	f1 2c       	mov	r15, r1
     406:	ec 0e       	add	r14, r28
     408:	fd 1e       	adc	r15, r29
     40a:	ce 01       	movw	r24, r28
     40c:	01 96       	adiw	r24, 0x01	; 1
     40e:	b7 01       	movw	r22, r14
     410:	0e 94 46 06 	call	0xc8c	; 0xc8c <__unpack_f>
     414:	8e 01       	movw	r16, r28
     416:	0f 5e       	subi	r16, 0xEF	; 239
     418:	1f 4f       	sbci	r17, 0xFF	; 255
     41a:	ce 01       	movw	r24, r28
     41c:	05 96       	adiw	r24, 0x05	; 5
     41e:	b8 01       	movw	r22, r16
     420:	0e 94 46 06 	call	0xc8c	; 0xc8c <__unpack_f>
     424:	c7 01       	movw	r24, r14
     426:	b8 01       	movw	r22, r16
     428:	ae 01       	movw	r20, r28
     42a:	47 5e       	subi	r20, 0xE7	; 231
     42c:	5f 4f       	sbci	r21, 0xFF	; 255
     42e:	0e 94 75 00 	call	0xea	; 0xea <_fpadd_parts>
     432:	0e 94 71 05 	call	0xae2	; 0xae2 <__pack_f>
     436:	a0 96       	adiw	r28, 0x20	; 32
     438:	e6 e0       	ldi	r30, 0x06	; 6
     43a:	0c 94 42 36 	jmp	0x6c84	; 0x6c84 <__epilogue_restores__+0x18>

0000043e <__mulsf3>:
     43e:	a0 e2       	ldi	r26, 0x20	; 32
     440:	b0 e0       	ldi	r27, 0x00	; 0
     442:	e5 e2       	ldi	r30, 0x25	; 37
     444:	f2 e0       	ldi	r31, 0x02	; 2
     446:	0c 94 1a 36 	jmp	0x6c34	; 0x6c34 <__prologue_saves__>
     44a:	69 83       	std	Y+1, r22	; 0x01
     44c:	7a 83       	std	Y+2, r23	; 0x02
     44e:	8b 83       	std	Y+3, r24	; 0x03
     450:	9c 83       	std	Y+4, r25	; 0x04
     452:	2d 83       	std	Y+5, r18	; 0x05
     454:	3e 83       	std	Y+6, r19	; 0x06
     456:	4f 83       	std	Y+7, r20	; 0x07
     458:	58 87       	std	Y+8, r21	; 0x08
     45a:	ce 01       	movw	r24, r28
     45c:	01 96       	adiw	r24, 0x01	; 1
     45e:	be 01       	movw	r22, r28
     460:	67 5f       	subi	r22, 0xF7	; 247
     462:	7f 4f       	sbci	r23, 0xFF	; 255
     464:	0e 94 46 06 	call	0xc8c	; 0xc8c <__unpack_f>
     468:	ce 01       	movw	r24, r28
     46a:	05 96       	adiw	r24, 0x05	; 5
     46c:	be 01       	movw	r22, r28
     46e:	6f 5e       	subi	r22, 0xEF	; 239
     470:	7f 4f       	sbci	r23, 0xFF	; 255
     472:	0e 94 46 06 	call	0xc8c	; 0xc8c <__unpack_f>
     476:	99 85       	ldd	r25, Y+9	; 0x09
     478:	92 30       	cpi	r25, 0x02	; 2
     47a:	88 f0       	brcs	.+34     	; 0x49e <__mulsf3+0x60>
     47c:	89 89       	ldd	r24, Y+17	; 0x11
     47e:	82 30       	cpi	r24, 0x02	; 2
     480:	c8 f0       	brcs	.+50     	; 0x4b4 <__mulsf3+0x76>
     482:	94 30       	cpi	r25, 0x04	; 4
     484:	19 f4       	brne	.+6      	; 0x48c <__mulsf3+0x4e>
     486:	82 30       	cpi	r24, 0x02	; 2
     488:	51 f4       	brne	.+20     	; 0x49e <__mulsf3+0x60>
     48a:	04 c0       	rjmp	.+8      	; 0x494 <__mulsf3+0x56>
     48c:	84 30       	cpi	r24, 0x04	; 4
     48e:	29 f4       	brne	.+10     	; 0x49a <__mulsf3+0x5c>
     490:	92 30       	cpi	r25, 0x02	; 2
     492:	81 f4       	brne	.+32     	; 0x4b4 <__mulsf3+0x76>
     494:	82 eb       	ldi	r24, 0xB2	; 178
     496:	91 e0       	ldi	r25, 0x01	; 1
     498:	c6 c0       	rjmp	.+396    	; 0x626 <__mulsf3+0x1e8>
     49a:	92 30       	cpi	r25, 0x02	; 2
     49c:	49 f4       	brne	.+18     	; 0x4b0 <__mulsf3+0x72>
     49e:	20 e0       	ldi	r18, 0x00	; 0
     4a0:	9a 85       	ldd	r25, Y+10	; 0x0a
     4a2:	8a 89       	ldd	r24, Y+18	; 0x12
     4a4:	98 13       	cpse	r25, r24
     4a6:	21 e0       	ldi	r18, 0x01	; 1
     4a8:	2a 87       	std	Y+10, r18	; 0x0a
     4aa:	ce 01       	movw	r24, r28
     4ac:	09 96       	adiw	r24, 0x09	; 9
     4ae:	bb c0       	rjmp	.+374    	; 0x626 <__mulsf3+0x1e8>
     4b0:	82 30       	cpi	r24, 0x02	; 2
     4b2:	49 f4       	brne	.+18     	; 0x4c6 <__mulsf3+0x88>
     4b4:	20 e0       	ldi	r18, 0x00	; 0
     4b6:	9a 85       	ldd	r25, Y+10	; 0x0a
     4b8:	8a 89       	ldd	r24, Y+18	; 0x12
     4ba:	98 13       	cpse	r25, r24
     4bc:	21 e0       	ldi	r18, 0x01	; 1
     4be:	2a 8b       	std	Y+18, r18	; 0x12
     4c0:	ce 01       	movw	r24, r28
     4c2:	41 96       	adiw	r24, 0x11	; 17
     4c4:	b0 c0       	rjmp	.+352    	; 0x626 <__mulsf3+0x1e8>
     4c6:	2d 84       	ldd	r2, Y+13	; 0x0d
     4c8:	3e 84       	ldd	r3, Y+14	; 0x0e
     4ca:	4f 84       	ldd	r4, Y+15	; 0x0f
     4cc:	58 88       	ldd	r5, Y+16	; 0x10
     4ce:	6d 88       	ldd	r6, Y+21	; 0x15
     4d0:	7e 88       	ldd	r7, Y+22	; 0x16
     4d2:	8f 88       	ldd	r8, Y+23	; 0x17
     4d4:	98 8c       	ldd	r9, Y+24	; 0x18
     4d6:	ee 24       	eor	r14, r14
     4d8:	ff 24       	eor	r15, r15
     4da:	87 01       	movw	r16, r14
     4dc:	aa 24       	eor	r10, r10
     4de:	bb 24       	eor	r11, r11
     4e0:	65 01       	movw	r12, r10
     4e2:	40 e0       	ldi	r20, 0x00	; 0
     4e4:	50 e0       	ldi	r21, 0x00	; 0
     4e6:	60 e0       	ldi	r22, 0x00	; 0
     4e8:	70 e0       	ldi	r23, 0x00	; 0
     4ea:	e0 e0       	ldi	r30, 0x00	; 0
     4ec:	f0 e0       	ldi	r31, 0x00	; 0
     4ee:	c1 01       	movw	r24, r2
     4f0:	81 70       	andi	r24, 0x01	; 1
     4f2:	90 70       	andi	r25, 0x00	; 0
     4f4:	89 2b       	or	r24, r25
     4f6:	e9 f0       	breq	.+58     	; 0x532 <__mulsf3+0xf4>
     4f8:	e6 0c       	add	r14, r6
     4fa:	f7 1c       	adc	r15, r7
     4fc:	08 1d       	adc	r16, r8
     4fe:	19 1d       	adc	r17, r9
     500:	9a 01       	movw	r18, r20
     502:	ab 01       	movw	r20, r22
     504:	2a 0d       	add	r18, r10
     506:	3b 1d       	adc	r19, r11
     508:	4c 1d       	adc	r20, r12
     50a:	5d 1d       	adc	r21, r13
     50c:	80 e0       	ldi	r24, 0x00	; 0
     50e:	90 e0       	ldi	r25, 0x00	; 0
     510:	a0 e0       	ldi	r26, 0x00	; 0
     512:	b0 e0       	ldi	r27, 0x00	; 0
     514:	e6 14       	cp	r14, r6
     516:	f7 04       	cpc	r15, r7
     518:	08 05       	cpc	r16, r8
     51a:	19 05       	cpc	r17, r9
     51c:	20 f4       	brcc	.+8      	; 0x526 <__mulsf3+0xe8>
     51e:	81 e0       	ldi	r24, 0x01	; 1
     520:	90 e0       	ldi	r25, 0x00	; 0
     522:	a0 e0       	ldi	r26, 0x00	; 0
     524:	b0 e0       	ldi	r27, 0x00	; 0
     526:	ba 01       	movw	r22, r20
     528:	a9 01       	movw	r20, r18
     52a:	48 0f       	add	r20, r24
     52c:	59 1f       	adc	r21, r25
     52e:	6a 1f       	adc	r22, r26
     530:	7b 1f       	adc	r23, r27
     532:	aa 0c       	add	r10, r10
     534:	bb 1c       	adc	r11, r11
     536:	cc 1c       	adc	r12, r12
     538:	dd 1c       	adc	r13, r13
     53a:	97 fe       	sbrs	r9, 7
     53c:	08 c0       	rjmp	.+16     	; 0x54e <__mulsf3+0x110>
     53e:	81 e0       	ldi	r24, 0x01	; 1
     540:	90 e0       	ldi	r25, 0x00	; 0
     542:	a0 e0       	ldi	r26, 0x00	; 0
     544:	b0 e0       	ldi	r27, 0x00	; 0
     546:	a8 2a       	or	r10, r24
     548:	b9 2a       	or	r11, r25
     54a:	ca 2a       	or	r12, r26
     54c:	db 2a       	or	r13, r27
     54e:	31 96       	adiw	r30, 0x01	; 1
     550:	e0 32       	cpi	r30, 0x20	; 32
     552:	f1 05       	cpc	r31, r1
     554:	49 f0       	breq	.+18     	; 0x568 <__mulsf3+0x12a>
     556:	66 0c       	add	r6, r6
     558:	77 1c       	adc	r7, r7
     55a:	88 1c       	adc	r8, r8
     55c:	99 1c       	adc	r9, r9
     55e:	56 94       	lsr	r5
     560:	47 94       	ror	r4
     562:	37 94       	ror	r3
     564:	27 94       	ror	r2
     566:	c3 cf       	rjmp	.-122    	; 0x4ee <__mulsf3+0xb0>
     568:	fa 85       	ldd	r31, Y+10	; 0x0a
     56a:	ea 89       	ldd	r30, Y+18	; 0x12
     56c:	2b 89       	ldd	r18, Y+19	; 0x13
     56e:	3c 89       	ldd	r19, Y+20	; 0x14
     570:	8b 85       	ldd	r24, Y+11	; 0x0b
     572:	9c 85       	ldd	r25, Y+12	; 0x0c
     574:	28 0f       	add	r18, r24
     576:	39 1f       	adc	r19, r25
     578:	2e 5f       	subi	r18, 0xFE	; 254
     57a:	3f 4f       	sbci	r19, 0xFF	; 255
     57c:	17 c0       	rjmp	.+46     	; 0x5ac <__mulsf3+0x16e>
     57e:	ca 01       	movw	r24, r20
     580:	81 70       	andi	r24, 0x01	; 1
     582:	90 70       	andi	r25, 0x00	; 0
     584:	89 2b       	or	r24, r25
     586:	61 f0       	breq	.+24     	; 0x5a0 <__mulsf3+0x162>
     588:	16 95       	lsr	r17
     58a:	07 95       	ror	r16
     58c:	f7 94       	ror	r15
     58e:	e7 94       	ror	r14
     590:	80 e0       	ldi	r24, 0x00	; 0
     592:	90 e0       	ldi	r25, 0x00	; 0
     594:	a0 e0       	ldi	r26, 0x00	; 0
     596:	b0 e8       	ldi	r27, 0x80	; 128
     598:	e8 2a       	or	r14, r24
     59a:	f9 2a       	or	r15, r25
     59c:	0a 2b       	or	r16, r26
     59e:	1b 2b       	or	r17, r27
     5a0:	76 95       	lsr	r23
     5a2:	67 95       	ror	r22
     5a4:	57 95       	ror	r21
     5a6:	47 95       	ror	r20
     5a8:	2f 5f       	subi	r18, 0xFF	; 255
     5aa:	3f 4f       	sbci	r19, 0xFF	; 255
     5ac:	77 fd       	sbrc	r23, 7
     5ae:	e7 cf       	rjmp	.-50     	; 0x57e <__mulsf3+0x140>
     5b0:	0c c0       	rjmp	.+24     	; 0x5ca <__mulsf3+0x18c>
     5b2:	44 0f       	add	r20, r20
     5b4:	55 1f       	adc	r21, r21
     5b6:	66 1f       	adc	r22, r22
     5b8:	77 1f       	adc	r23, r23
     5ba:	17 fd       	sbrc	r17, 7
     5bc:	41 60       	ori	r20, 0x01	; 1
     5be:	ee 0c       	add	r14, r14
     5c0:	ff 1c       	adc	r15, r15
     5c2:	00 1f       	adc	r16, r16
     5c4:	11 1f       	adc	r17, r17
     5c6:	21 50       	subi	r18, 0x01	; 1
     5c8:	30 40       	sbci	r19, 0x00	; 0
     5ca:	40 30       	cpi	r20, 0x00	; 0
     5cc:	90 e0       	ldi	r25, 0x00	; 0
     5ce:	59 07       	cpc	r21, r25
     5d0:	90 e0       	ldi	r25, 0x00	; 0
     5d2:	69 07       	cpc	r22, r25
     5d4:	90 e4       	ldi	r25, 0x40	; 64
     5d6:	79 07       	cpc	r23, r25
     5d8:	60 f3       	brcs	.-40     	; 0x5b2 <__mulsf3+0x174>
     5da:	2b 8f       	std	Y+27, r18	; 0x1b
     5dc:	3c 8f       	std	Y+28, r19	; 0x1c
     5de:	db 01       	movw	r26, r22
     5e0:	ca 01       	movw	r24, r20
     5e2:	8f 77       	andi	r24, 0x7F	; 127
     5e4:	90 70       	andi	r25, 0x00	; 0
     5e6:	a0 70       	andi	r26, 0x00	; 0
     5e8:	b0 70       	andi	r27, 0x00	; 0
     5ea:	80 34       	cpi	r24, 0x40	; 64
     5ec:	91 05       	cpc	r25, r1
     5ee:	a1 05       	cpc	r26, r1
     5f0:	b1 05       	cpc	r27, r1
     5f2:	61 f4       	brne	.+24     	; 0x60c <__mulsf3+0x1ce>
     5f4:	47 fd       	sbrc	r20, 7
     5f6:	0a c0       	rjmp	.+20     	; 0x60c <__mulsf3+0x1ce>
     5f8:	e1 14       	cp	r14, r1
     5fa:	f1 04       	cpc	r15, r1
     5fc:	01 05       	cpc	r16, r1
     5fe:	11 05       	cpc	r17, r1
     600:	29 f0       	breq	.+10     	; 0x60c <__mulsf3+0x1ce>
     602:	40 5c       	subi	r20, 0xC0	; 192
     604:	5f 4f       	sbci	r21, 0xFF	; 255
     606:	6f 4f       	sbci	r22, 0xFF	; 255
     608:	7f 4f       	sbci	r23, 0xFF	; 255
     60a:	40 78       	andi	r20, 0x80	; 128
     60c:	1a 8e       	std	Y+26, r1	; 0x1a
     60e:	fe 17       	cp	r31, r30
     610:	11 f0       	breq	.+4      	; 0x616 <__mulsf3+0x1d8>
     612:	81 e0       	ldi	r24, 0x01	; 1
     614:	8a 8f       	std	Y+26, r24	; 0x1a
     616:	4d 8f       	std	Y+29, r20	; 0x1d
     618:	5e 8f       	std	Y+30, r21	; 0x1e
     61a:	6f 8f       	std	Y+31, r22	; 0x1f
     61c:	78 a3       	std	Y+32, r23	; 0x20
     61e:	83 e0       	ldi	r24, 0x03	; 3
     620:	89 8f       	std	Y+25, r24	; 0x19
     622:	ce 01       	movw	r24, r28
     624:	49 96       	adiw	r24, 0x19	; 25
     626:	0e 94 71 05 	call	0xae2	; 0xae2 <__pack_f>
     62a:	a0 96       	adiw	r28, 0x20	; 32
     62c:	e2 e1       	ldi	r30, 0x12	; 18
     62e:	0c 94 36 36 	jmp	0x6c6c	; 0x6c6c <__epilogue_restores__>

00000632 <__divsf3>:
     632:	a8 e1       	ldi	r26, 0x18	; 24
     634:	b0 e0       	ldi	r27, 0x00	; 0
     636:	ef e1       	ldi	r30, 0x1F	; 31
     638:	f3 e0       	ldi	r31, 0x03	; 3
     63a:	0c 94 22 36 	jmp	0x6c44	; 0x6c44 <__prologue_saves__+0x10>
     63e:	69 83       	std	Y+1, r22	; 0x01
     640:	7a 83       	std	Y+2, r23	; 0x02
     642:	8b 83       	std	Y+3, r24	; 0x03
     644:	9c 83       	std	Y+4, r25	; 0x04
     646:	2d 83       	std	Y+5, r18	; 0x05
     648:	3e 83       	std	Y+6, r19	; 0x06
     64a:	4f 83       	std	Y+7, r20	; 0x07
     64c:	58 87       	std	Y+8, r21	; 0x08
     64e:	b9 e0       	ldi	r27, 0x09	; 9
     650:	eb 2e       	mov	r14, r27
     652:	f1 2c       	mov	r15, r1
     654:	ec 0e       	add	r14, r28
     656:	fd 1e       	adc	r15, r29
     658:	ce 01       	movw	r24, r28
     65a:	01 96       	adiw	r24, 0x01	; 1
     65c:	b7 01       	movw	r22, r14
     65e:	0e 94 46 06 	call	0xc8c	; 0xc8c <__unpack_f>
     662:	8e 01       	movw	r16, r28
     664:	0f 5e       	subi	r16, 0xEF	; 239
     666:	1f 4f       	sbci	r17, 0xFF	; 255
     668:	ce 01       	movw	r24, r28
     66a:	05 96       	adiw	r24, 0x05	; 5
     66c:	b8 01       	movw	r22, r16
     66e:	0e 94 46 06 	call	0xc8c	; 0xc8c <__unpack_f>
     672:	29 85       	ldd	r18, Y+9	; 0x09
     674:	22 30       	cpi	r18, 0x02	; 2
     676:	08 f4       	brcc	.+2      	; 0x67a <__divsf3+0x48>
     678:	7e c0       	rjmp	.+252    	; 0x776 <__divsf3+0x144>
     67a:	39 89       	ldd	r19, Y+17	; 0x11
     67c:	32 30       	cpi	r19, 0x02	; 2
     67e:	10 f4       	brcc	.+4      	; 0x684 <__divsf3+0x52>
     680:	b8 01       	movw	r22, r16
     682:	7c c0       	rjmp	.+248    	; 0x77c <__divsf3+0x14a>
     684:	8a 85       	ldd	r24, Y+10	; 0x0a
     686:	9a 89       	ldd	r25, Y+18	; 0x12
     688:	89 27       	eor	r24, r25
     68a:	8a 87       	std	Y+10, r24	; 0x0a
     68c:	24 30       	cpi	r18, 0x04	; 4
     68e:	11 f0       	breq	.+4      	; 0x694 <__divsf3+0x62>
     690:	22 30       	cpi	r18, 0x02	; 2
     692:	31 f4       	brne	.+12     	; 0x6a0 <__divsf3+0x6e>
     694:	23 17       	cp	r18, r19
     696:	09 f0       	breq	.+2      	; 0x69a <__divsf3+0x68>
     698:	6e c0       	rjmp	.+220    	; 0x776 <__divsf3+0x144>
     69a:	62 eb       	ldi	r22, 0xB2	; 178
     69c:	71 e0       	ldi	r23, 0x01	; 1
     69e:	6e c0       	rjmp	.+220    	; 0x77c <__divsf3+0x14a>
     6a0:	34 30       	cpi	r19, 0x04	; 4
     6a2:	39 f4       	brne	.+14     	; 0x6b2 <__divsf3+0x80>
     6a4:	1d 86       	std	Y+13, r1	; 0x0d
     6a6:	1e 86       	std	Y+14, r1	; 0x0e
     6a8:	1f 86       	std	Y+15, r1	; 0x0f
     6aa:	18 8a       	std	Y+16, r1	; 0x10
     6ac:	1c 86       	std	Y+12, r1	; 0x0c
     6ae:	1b 86       	std	Y+11, r1	; 0x0b
     6b0:	04 c0       	rjmp	.+8      	; 0x6ba <__divsf3+0x88>
     6b2:	32 30       	cpi	r19, 0x02	; 2
     6b4:	21 f4       	brne	.+8      	; 0x6be <__divsf3+0x8c>
     6b6:	84 e0       	ldi	r24, 0x04	; 4
     6b8:	89 87       	std	Y+9, r24	; 0x09
     6ba:	b7 01       	movw	r22, r14
     6bc:	5f c0       	rjmp	.+190    	; 0x77c <__divsf3+0x14a>
     6be:	2b 85       	ldd	r18, Y+11	; 0x0b
     6c0:	3c 85       	ldd	r19, Y+12	; 0x0c
     6c2:	8b 89       	ldd	r24, Y+19	; 0x13
     6c4:	9c 89       	ldd	r25, Y+20	; 0x14
     6c6:	28 1b       	sub	r18, r24
     6c8:	39 0b       	sbc	r19, r25
     6ca:	3c 87       	std	Y+12, r19	; 0x0c
     6cc:	2b 87       	std	Y+11, r18	; 0x0b
     6ce:	ed 84       	ldd	r14, Y+13	; 0x0d
     6d0:	fe 84       	ldd	r15, Y+14	; 0x0e
     6d2:	0f 85       	ldd	r16, Y+15	; 0x0f
     6d4:	18 89       	ldd	r17, Y+16	; 0x10
     6d6:	ad 88       	ldd	r10, Y+21	; 0x15
     6d8:	be 88       	ldd	r11, Y+22	; 0x16
     6da:	cf 88       	ldd	r12, Y+23	; 0x17
     6dc:	d8 8c       	ldd	r13, Y+24	; 0x18
     6de:	ea 14       	cp	r14, r10
     6e0:	fb 04       	cpc	r15, r11
     6e2:	0c 05       	cpc	r16, r12
     6e4:	1d 05       	cpc	r17, r13
     6e6:	40 f4       	brcc	.+16     	; 0x6f8 <__divsf3+0xc6>
     6e8:	ee 0c       	add	r14, r14
     6ea:	ff 1c       	adc	r15, r15
     6ec:	00 1f       	adc	r16, r16
     6ee:	11 1f       	adc	r17, r17
     6f0:	21 50       	subi	r18, 0x01	; 1
     6f2:	30 40       	sbci	r19, 0x00	; 0
     6f4:	3c 87       	std	Y+12, r19	; 0x0c
     6f6:	2b 87       	std	Y+11, r18	; 0x0b
     6f8:	20 e0       	ldi	r18, 0x00	; 0
     6fa:	30 e0       	ldi	r19, 0x00	; 0
     6fc:	40 e0       	ldi	r20, 0x00	; 0
     6fe:	50 e0       	ldi	r21, 0x00	; 0
     700:	80 e0       	ldi	r24, 0x00	; 0
     702:	90 e0       	ldi	r25, 0x00	; 0
     704:	a0 e0       	ldi	r26, 0x00	; 0
     706:	b0 e4       	ldi	r27, 0x40	; 64
     708:	60 e0       	ldi	r22, 0x00	; 0
     70a:	70 e0       	ldi	r23, 0x00	; 0
     70c:	ea 14       	cp	r14, r10
     70e:	fb 04       	cpc	r15, r11
     710:	0c 05       	cpc	r16, r12
     712:	1d 05       	cpc	r17, r13
     714:	40 f0       	brcs	.+16     	; 0x726 <__divsf3+0xf4>
     716:	28 2b       	or	r18, r24
     718:	39 2b       	or	r19, r25
     71a:	4a 2b       	or	r20, r26
     71c:	5b 2b       	or	r21, r27
     71e:	ea 18       	sub	r14, r10
     720:	fb 08       	sbc	r15, r11
     722:	0c 09       	sbc	r16, r12
     724:	1d 09       	sbc	r17, r13
     726:	b6 95       	lsr	r27
     728:	a7 95       	ror	r26
     72a:	97 95       	ror	r25
     72c:	87 95       	ror	r24
     72e:	ee 0c       	add	r14, r14
     730:	ff 1c       	adc	r15, r15
     732:	00 1f       	adc	r16, r16
     734:	11 1f       	adc	r17, r17
     736:	6f 5f       	subi	r22, 0xFF	; 255
     738:	7f 4f       	sbci	r23, 0xFF	; 255
     73a:	6f 31       	cpi	r22, 0x1F	; 31
     73c:	71 05       	cpc	r23, r1
     73e:	31 f7       	brne	.-52     	; 0x70c <__divsf3+0xda>
     740:	da 01       	movw	r26, r20
     742:	c9 01       	movw	r24, r18
     744:	8f 77       	andi	r24, 0x7F	; 127
     746:	90 70       	andi	r25, 0x00	; 0
     748:	a0 70       	andi	r26, 0x00	; 0
     74a:	b0 70       	andi	r27, 0x00	; 0
     74c:	80 34       	cpi	r24, 0x40	; 64
     74e:	91 05       	cpc	r25, r1
     750:	a1 05       	cpc	r26, r1
     752:	b1 05       	cpc	r27, r1
     754:	61 f4       	brne	.+24     	; 0x76e <__divsf3+0x13c>
     756:	27 fd       	sbrc	r18, 7
     758:	0a c0       	rjmp	.+20     	; 0x76e <__divsf3+0x13c>
     75a:	e1 14       	cp	r14, r1
     75c:	f1 04       	cpc	r15, r1
     75e:	01 05       	cpc	r16, r1
     760:	11 05       	cpc	r17, r1
     762:	29 f0       	breq	.+10     	; 0x76e <__divsf3+0x13c>
     764:	20 5c       	subi	r18, 0xC0	; 192
     766:	3f 4f       	sbci	r19, 0xFF	; 255
     768:	4f 4f       	sbci	r20, 0xFF	; 255
     76a:	5f 4f       	sbci	r21, 0xFF	; 255
     76c:	20 78       	andi	r18, 0x80	; 128
     76e:	2d 87       	std	Y+13, r18	; 0x0d
     770:	3e 87       	std	Y+14, r19	; 0x0e
     772:	4f 87       	std	Y+15, r20	; 0x0f
     774:	58 8b       	std	Y+16, r21	; 0x10
     776:	be 01       	movw	r22, r28
     778:	67 5f       	subi	r22, 0xF7	; 247
     77a:	7f 4f       	sbci	r23, 0xFF	; 255
     77c:	cb 01       	movw	r24, r22
     77e:	0e 94 71 05 	call	0xae2	; 0xae2 <__pack_f>
     782:	68 96       	adiw	r28, 0x18	; 24
     784:	ea e0       	ldi	r30, 0x0A	; 10
     786:	0c 94 3e 36 	jmp	0x6c7c	; 0x6c7c <__epilogue_restores__+0x10>

0000078a <__gtsf2>:
     78a:	a8 e1       	ldi	r26, 0x18	; 24
     78c:	b0 e0       	ldi	r27, 0x00	; 0
     78e:	eb ec       	ldi	r30, 0xCB	; 203
     790:	f3 e0       	ldi	r31, 0x03	; 3
     792:	0c 94 26 36 	jmp	0x6c4c	; 0x6c4c <__prologue_saves__+0x18>
     796:	69 83       	std	Y+1, r22	; 0x01
     798:	7a 83       	std	Y+2, r23	; 0x02
     79a:	8b 83       	std	Y+3, r24	; 0x03
     79c:	9c 83       	std	Y+4, r25	; 0x04
     79e:	2d 83       	std	Y+5, r18	; 0x05
     7a0:	3e 83       	std	Y+6, r19	; 0x06
     7a2:	4f 83       	std	Y+7, r20	; 0x07
     7a4:	58 87       	std	Y+8, r21	; 0x08
     7a6:	89 e0       	ldi	r24, 0x09	; 9
     7a8:	e8 2e       	mov	r14, r24
     7aa:	f1 2c       	mov	r15, r1
     7ac:	ec 0e       	add	r14, r28
     7ae:	fd 1e       	adc	r15, r29
     7b0:	ce 01       	movw	r24, r28
     7b2:	01 96       	adiw	r24, 0x01	; 1
     7b4:	b7 01       	movw	r22, r14
     7b6:	0e 94 46 06 	call	0xc8c	; 0xc8c <__unpack_f>
     7ba:	8e 01       	movw	r16, r28
     7bc:	0f 5e       	subi	r16, 0xEF	; 239
     7be:	1f 4f       	sbci	r17, 0xFF	; 255
     7c0:	ce 01       	movw	r24, r28
     7c2:	05 96       	adiw	r24, 0x05	; 5
     7c4:	b8 01       	movw	r22, r16
     7c6:	0e 94 46 06 	call	0xc8c	; 0xc8c <__unpack_f>
     7ca:	89 85       	ldd	r24, Y+9	; 0x09
     7cc:	82 30       	cpi	r24, 0x02	; 2
     7ce:	40 f0       	brcs	.+16     	; 0x7e0 <__gtsf2+0x56>
     7d0:	89 89       	ldd	r24, Y+17	; 0x11
     7d2:	82 30       	cpi	r24, 0x02	; 2
     7d4:	28 f0       	brcs	.+10     	; 0x7e0 <__gtsf2+0x56>
     7d6:	c7 01       	movw	r24, r14
     7d8:	b8 01       	movw	r22, r16
     7da:	0e 94 be 06 	call	0xd7c	; 0xd7c <__fpcmp_parts_f>
     7de:	01 c0       	rjmp	.+2      	; 0x7e2 <__gtsf2+0x58>
     7e0:	8f ef       	ldi	r24, 0xFF	; 255
     7e2:	68 96       	adiw	r28, 0x18	; 24
     7e4:	e6 e0       	ldi	r30, 0x06	; 6
     7e6:	0c 94 42 36 	jmp	0x6c84	; 0x6c84 <__epilogue_restores__+0x18>

000007ea <__gesf2>:
     7ea:	a8 e1       	ldi	r26, 0x18	; 24
     7ec:	b0 e0       	ldi	r27, 0x00	; 0
     7ee:	eb ef       	ldi	r30, 0xFB	; 251
     7f0:	f3 e0       	ldi	r31, 0x03	; 3
     7f2:	0c 94 26 36 	jmp	0x6c4c	; 0x6c4c <__prologue_saves__+0x18>
     7f6:	69 83       	std	Y+1, r22	; 0x01
     7f8:	7a 83       	std	Y+2, r23	; 0x02
     7fa:	8b 83       	std	Y+3, r24	; 0x03
     7fc:	9c 83       	std	Y+4, r25	; 0x04
     7fe:	2d 83       	std	Y+5, r18	; 0x05
     800:	3e 83       	std	Y+6, r19	; 0x06
     802:	4f 83       	std	Y+7, r20	; 0x07
     804:	58 87       	std	Y+8, r21	; 0x08
     806:	89 e0       	ldi	r24, 0x09	; 9
     808:	e8 2e       	mov	r14, r24
     80a:	f1 2c       	mov	r15, r1
     80c:	ec 0e       	add	r14, r28
     80e:	fd 1e       	adc	r15, r29
     810:	ce 01       	movw	r24, r28
     812:	01 96       	adiw	r24, 0x01	; 1
     814:	b7 01       	movw	r22, r14
     816:	0e 94 46 06 	call	0xc8c	; 0xc8c <__unpack_f>
     81a:	8e 01       	movw	r16, r28
     81c:	0f 5e       	subi	r16, 0xEF	; 239
     81e:	1f 4f       	sbci	r17, 0xFF	; 255
     820:	ce 01       	movw	r24, r28
     822:	05 96       	adiw	r24, 0x05	; 5
     824:	b8 01       	movw	r22, r16
     826:	0e 94 46 06 	call	0xc8c	; 0xc8c <__unpack_f>
     82a:	89 85       	ldd	r24, Y+9	; 0x09
     82c:	82 30       	cpi	r24, 0x02	; 2
     82e:	40 f0       	brcs	.+16     	; 0x840 <__gesf2+0x56>
     830:	89 89       	ldd	r24, Y+17	; 0x11
     832:	82 30       	cpi	r24, 0x02	; 2
     834:	28 f0       	brcs	.+10     	; 0x840 <__gesf2+0x56>
     836:	c7 01       	movw	r24, r14
     838:	b8 01       	movw	r22, r16
     83a:	0e 94 be 06 	call	0xd7c	; 0xd7c <__fpcmp_parts_f>
     83e:	01 c0       	rjmp	.+2      	; 0x842 <__gesf2+0x58>
     840:	8f ef       	ldi	r24, 0xFF	; 255
     842:	68 96       	adiw	r28, 0x18	; 24
     844:	e6 e0       	ldi	r30, 0x06	; 6
     846:	0c 94 42 36 	jmp	0x6c84	; 0x6c84 <__epilogue_restores__+0x18>

0000084a <__ltsf2>:
     84a:	a8 e1       	ldi	r26, 0x18	; 24
     84c:	b0 e0       	ldi	r27, 0x00	; 0
     84e:	eb e2       	ldi	r30, 0x2B	; 43
     850:	f4 e0       	ldi	r31, 0x04	; 4
     852:	0c 94 26 36 	jmp	0x6c4c	; 0x6c4c <__prologue_saves__+0x18>
     856:	69 83       	std	Y+1, r22	; 0x01
     858:	7a 83       	std	Y+2, r23	; 0x02
     85a:	8b 83       	std	Y+3, r24	; 0x03
     85c:	9c 83       	std	Y+4, r25	; 0x04
     85e:	2d 83       	std	Y+5, r18	; 0x05
     860:	3e 83       	std	Y+6, r19	; 0x06
     862:	4f 83       	std	Y+7, r20	; 0x07
     864:	58 87       	std	Y+8, r21	; 0x08
     866:	89 e0       	ldi	r24, 0x09	; 9
     868:	e8 2e       	mov	r14, r24
     86a:	f1 2c       	mov	r15, r1
     86c:	ec 0e       	add	r14, r28
     86e:	fd 1e       	adc	r15, r29
     870:	ce 01       	movw	r24, r28
     872:	01 96       	adiw	r24, 0x01	; 1
     874:	b7 01       	movw	r22, r14
     876:	0e 94 46 06 	call	0xc8c	; 0xc8c <__unpack_f>
     87a:	8e 01       	movw	r16, r28
     87c:	0f 5e       	subi	r16, 0xEF	; 239
     87e:	1f 4f       	sbci	r17, 0xFF	; 255
     880:	ce 01       	movw	r24, r28
     882:	05 96       	adiw	r24, 0x05	; 5
     884:	b8 01       	movw	r22, r16
     886:	0e 94 46 06 	call	0xc8c	; 0xc8c <__unpack_f>
     88a:	89 85       	ldd	r24, Y+9	; 0x09
     88c:	82 30       	cpi	r24, 0x02	; 2
     88e:	40 f0       	brcs	.+16     	; 0x8a0 <__stack+0x41>
     890:	89 89       	ldd	r24, Y+17	; 0x11
     892:	82 30       	cpi	r24, 0x02	; 2
     894:	28 f0       	brcs	.+10     	; 0x8a0 <__stack+0x41>
     896:	c7 01       	movw	r24, r14
     898:	b8 01       	movw	r22, r16
     89a:	0e 94 be 06 	call	0xd7c	; 0xd7c <__fpcmp_parts_f>
     89e:	01 c0       	rjmp	.+2      	; 0x8a2 <__stack+0x43>
     8a0:	81 e0       	ldi	r24, 0x01	; 1
     8a2:	68 96       	adiw	r28, 0x18	; 24
     8a4:	e6 e0       	ldi	r30, 0x06	; 6
     8a6:	0c 94 42 36 	jmp	0x6c84	; 0x6c84 <__epilogue_restores__+0x18>

000008aa <__fixsfsi>:
     8aa:	ac e0       	ldi	r26, 0x0C	; 12
     8ac:	b0 e0       	ldi	r27, 0x00	; 0
     8ae:	eb e5       	ldi	r30, 0x5B	; 91
     8b0:	f4 e0       	ldi	r31, 0x04	; 4
     8b2:	0c 94 2a 36 	jmp	0x6c54	; 0x6c54 <__prologue_saves__+0x20>
     8b6:	69 83       	std	Y+1, r22	; 0x01
     8b8:	7a 83       	std	Y+2, r23	; 0x02
     8ba:	8b 83       	std	Y+3, r24	; 0x03
     8bc:	9c 83       	std	Y+4, r25	; 0x04
     8be:	ce 01       	movw	r24, r28
     8c0:	01 96       	adiw	r24, 0x01	; 1
     8c2:	be 01       	movw	r22, r28
     8c4:	6b 5f       	subi	r22, 0xFB	; 251
     8c6:	7f 4f       	sbci	r23, 0xFF	; 255
     8c8:	0e 94 46 06 	call	0xc8c	; 0xc8c <__unpack_f>
     8cc:	8d 81       	ldd	r24, Y+5	; 0x05
     8ce:	82 30       	cpi	r24, 0x02	; 2
     8d0:	61 f1       	breq	.+88     	; 0x92a <__fixsfsi+0x80>
     8d2:	82 30       	cpi	r24, 0x02	; 2
     8d4:	50 f1       	brcs	.+84     	; 0x92a <__fixsfsi+0x80>
     8d6:	84 30       	cpi	r24, 0x04	; 4
     8d8:	21 f4       	brne	.+8      	; 0x8e2 <__fixsfsi+0x38>
     8da:	8e 81       	ldd	r24, Y+6	; 0x06
     8dc:	88 23       	and	r24, r24
     8de:	51 f1       	breq	.+84     	; 0x934 <__fixsfsi+0x8a>
     8e0:	2e c0       	rjmp	.+92     	; 0x93e <__fixsfsi+0x94>
     8e2:	2f 81       	ldd	r18, Y+7	; 0x07
     8e4:	38 85       	ldd	r19, Y+8	; 0x08
     8e6:	37 fd       	sbrc	r19, 7
     8e8:	20 c0       	rjmp	.+64     	; 0x92a <__fixsfsi+0x80>
     8ea:	6e 81       	ldd	r22, Y+6	; 0x06
     8ec:	2f 31       	cpi	r18, 0x1F	; 31
     8ee:	31 05       	cpc	r19, r1
     8f0:	1c f0       	brlt	.+6      	; 0x8f8 <__fixsfsi+0x4e>
     8f2:	66 23       	and	r22, r22
     8f4:	f9 f0       	breq	.+62     	; 0x934 <__fixsfsi+0x8a>
     8f6:	23 c0       	rjmp	.+70     	; 0x93e <__fixsfsi+0x94>
     8f8:	8e e1       	ldi	r24, 0x1E	; 30
     8fa:	90 e0       	ldi	r25, 0x00	; 0
     8fc:	82 1b       	sub	r24, r18
     8fe:	93 0b       	sbc	r25, r19
     900:	29 85       	ldd	r18, Y+9	; 0x09
     902:	3a 85       	ldd	r19, Y+10	; 0x0a
     904:	4b 85       	ldd	r20, Y+11	; 0x0b
     906:	5c 85       	ldd	r21, Y+12	; 0x0c
     908:	04 c0       	rjmp	.+8      	; 0x912 <__fixsfsi+0x68>
     90a:	56 95       	lsr	r21
     90c:	47 95       	ror	r20
     90e:	37 95       	ror	r19
     910:	27 95       	ror	r18
     912:	8a 95       	dec	r24
     914:	d2 f7       	brpl	.-12     	; 0x90a <__fixsfsi+0x60>
     916:	66 23       	and	r22, r22
     918:	b1 f0       	breq	.+44     	; 0x946 <__fixsfsi+0x9c>
     91a:	50 95       	com	r21
     91c:	40 95       	com	r20
     91e:	30 95       	com	r19
     920:	21 95       	neg	r18
     922:	3f 4f       	sbci	r19, 0xFF	; 255
     924:	4f 4f       	sbci	r20, 0xFF	; 255
     926:	5f 4f       	sbci	r21, 0xFF	; 255
     928:	0e c0       	rjmp	.+28     	; 0x946 <__fixsfsi+0x9c>
     92a:	20 e0       	ldi	r18, 0x00	; 0
     92c:	30 e0       	ldi	r19, 0x00	; 0
     92e:	40 e0       	ldi	r20, 0x00	; 0
     930:	50 e0       	ldi	r21, 0x00	; 0
     932:	09 c0       	rjmp	.+18     	; 0x946 <__fixsfsi+0x9c>
     934:	2f ef       	ldi	r18, 0xFF	; 255
     936:	3f ef       	ldi	r19, 0xFF	; 255
     938:	4f ef       	ldi	r20, 0xFF	; 255
     93a:	5f e7       	ldi	r21, 0x7F	; 127
     93c:	04 c0       	rjmp	.+8      	; 0x946 <__fixsfsi+0x9c>
     93e:	20 e0       	ldi	r18, 0x00	; 0
     940:	30 e0       	ldi	r19, 0x00	; 0
     942:	40 e0       	ldi	r20, 0x00	; 0
     944:	50 e8       	ldi	r21, 0x80	; 128
     946:	b9 01       	movw	r22, r18
     948:	ca 01       	movw	r24, r20
     94a:	2c 96       	adiw	r28, 0x0c	; 12
     94c:	e2 e0       	ldi	r30, 0x02	; 2
     94e:	0c 94 46 36 	jmp	0x6c8c	; 0x6c8c <__epilogue_restores__+0x20>

00000952 <__floatunsisf>:
     952:	a8 e0       	ldi	r26, 0x08	; 8
     954:	b0 e0       	ldi	r27, 0x00	; 0
     956:	ef ea       	ldi	r30, 0xAF	; 175
     958:	f4 e0       	ldi	r31, 0x04	; 4
     95a:	0c 94 22 36 	jmp	0x6c44	; 0x6c44 <__prologue_saves__+0x10>
     95e:	7b 01       	movw	r14, r22
     960:	8c 01       	movw	r16, r24
     962:	61 15       	cp	r22, r1
     964:	71 05       	cpc	r23, r1
     966:	81 05       	cpc	r24, r1
     968:	91 05       	cpc	r25, r1
     96a:	19 f4       	brne	.+6      	; 0x972 <__floatunsisf+0x20>
     96c:	82 e0       	ldi	r24, 0x02	; 2
     96e:	89 83       	std	Y+1, r24	; 0x01
     970:	60 c0       	rjmp	.+192    	; 0xa32 <__floatunsisf+0xe0>
     972:	83 e0       	ldi	r24, 0x03	; 3
     974:	89 83       	std	Y+1, r24	; 0x01
     976:	8e e1       	ldi	r24, 0x1E	; 30
     978:	c8 2e       	mov	r12, r24
     97a:	d1 2c       	mov	r13, r1
     97c:	dc 82       	std	Y+4, r13	; 0x04
     97e:	cb 82       	std	Y+3, r12	; 0x03
     980:	ed 82       	std	Y+5, r14	; 0x05
     982:	fe 82       	std	Y+6, r15	; 0x06
     984:	0f 83       	std	Y+7, r16	; 0x07
     986:	18 87       	std	Y+8, r17	; 0x08
     988:	c8 01       	movw	r24, r16
     98a:	b7 01       	movw	r22, r14
     98c:	0e 94 22 05 	call	0xa44	; 0xa44 <__clzsi2>
     990:	fc 01       	movw	r30, r24
     992:	31 97       	sbiw	r30, 0x01	; 1
     994:	f7 ff       	sbrs	r31, 7
     996:	3b c0       	rjmp	.+118    	; 0xa0e <__floatunsisf+0xbc>
     998:	22 27       	eor	r18, r18
     99a:	33 27       	eor	r19, r19
     99c:	2e 1b       	sub	r18, r30
     99e:	3f 0b       	sbc	r19, r31
     9a0:	57 01       	movw	r10, r14
     9a2:	68 01       	movw	r12, r16
     9a4:	02 2e       	mov	r0, r18
     9a6:	04 c0       	rjmp	.+8      	; 0x9b0 <__floatunsisf+0x5e>
     9a8:	d6 94       	lsr	r13
     9aa:	c7 94       	ror	r12
     9ac:	b7 94       	ror	r11
     9ae:	a7 94       	ror	r10
     9b0:	0a 94       	dec	r0
     9b2:	d2 f7       	brpl	.-12     	; 0x9a8 <__floatunsisf+0x56>
     9b4:	40 e0       	ldi	r20, 0x00	; 0
     9b6:	50 e0       	ldi	r21, 0x00	; 0
     9b8:	60 e0       	ldi	r22, 0x00	; 0
     9ba:	70 e0       	ldi	r23, 0x00	; 0
     9bc:	81 e0       	ldi	r24, 0x01	; 1
     9be:	90 e0       	ldi	r25, 0x00	; 0
     9c0:	a0 e0       	ldi	r26, 0x00	; 0
     9c2:	b0 e0       	ldi	r27, 0x00	; 0
     9c4:	04 c0       	rjmp	.+8      	; 0x9ce <__floatunsisf+0x7c>
     9c6:	88 0f       	add	r24, r24
     9c8:	99 1f       	adc	r25, r25
     9ca:	aa 1f       	adc	r26, r26
     9cc:	bb 1f       	adc	r27, r27
     9ce:	2a 95       	dec	r18
     9d0:	d2 f7       	brpl	.-12     	; 0x9c6 <__floatunsisf+0x74>
     9d2:	01 97       	sbiw	r24, 0x01	; 1
     9d4:	a1 09       	sbc	r26, r1
     9d6:	b1 09       	sbc	r27, r1
     9d8:	8e 21       	and	r24, r14
     9da:	9f 21       	and	r25, r15
     9dc:	a0 23       	and	r26, r16
     9de:	b1 23       	and	r27, r17
     9e0:	00 97       	sbiw	r24, 0x00	; 0
     9e2:	a1 05       	cpc	r26, r1
     9e4:	b1 05       	cpc	r27, r1
     9e6:	21 f0       	breq	.+8      	; 0x9f0 <__floatunsisf+0x9e>
     9e8:	41 e0       	ldi	r20, 0x01	; 1
     9ea:	50 e0       	ldi	r21, 0x00	; 0
     9ec:	60 e0       	ldi	r22, 0x00	; 0
     9ee:	70 e0       	ldi	r23, 0x00	; 0
     9f0:	4a 29       	or	r20, r10
     9f2:	5b 29       	or	r21, r11
     9f4:	6c 29       	or	r22, r12
     9f6:	7d 29       	or	r23, r13
     9f8:	4d 83       	std	Y+5, r20	; 0x05
     9fa:	5e 83       	std	Y+6, r21	; 0x06
     9fc:	6f 83       	std	Y+7, r22	; 0x07
     9fe:	78 87       	std	Y+8, r23	; 0x08
     a00:	8e e1       	ldi	r24, 0x1E	; 30
     a02:	90 e0       	ldi	r25, 0x00	; 0
     a04:	8e 1b       	sub	r24, r30
     a06:	9f 0b       	sbc	r25, r31
     a08:	9c 83       	std	Y+4, r25	; 0x04
     a0a:	8b 83       	std	Y+3, r24	; 0x03
     a0c:	12 c0       	rjmp	.+36     	; 0xa32 <__floatunsisf+0xe0>
     a0e:	30 97       	sbiw	r30, 0x00	; 0
     a10:	81 f0       	breq	.+32     	; 0xa32 <__floatunsisf+0xe0>
     a12:	0e 2e       	mov	r0, r30
     a14:	04 c0       	rjmp	.+8      	; 0xa1e <__floatunsisf+0xcc>
     a16:	ee 0c       	add	r14, r14
     a18:	ff 1c       	adc	r15, r15
     a1a:	00 1f       	adc	r16, r16
     a1c:	11 1f       	adc	r17, r17
     a1e:	0a 94       	dec	r0
     a20:	d2 f7       	brpl	.-12     	; 0xa16 <__floatunsisf+0xc4>
     a22:	ed 82       	std	Y+5, r14	; 0x05
     a24:	fe 82       	std	Y+6, r15	; 0x06
     a26:	0f 83       	std	Y+7, r16	; 0x07
     a28:	18 87       	std	Y+8, r17	; 0x08
     a2a:	ce 1a       	sub	r12, r30
     a2c:	df 0a       	sbc	r13, r31
     a2e:	dc 82       	std	Y+4, r13	; 0x04
     a30:	cb 82       	std	Y+3, r12	; 0x03
     a32:	1a 82       	std	Y+2, r1	; 0x02
     a34:	ce 01       	movw	r24, r28
     a36:	01 96       	adiw	r24, 0x01	; 1
     a38:	0e 94 71 05 	call	0xae2	; 0xae2 <__pack_f>
     a3c:	28 96       	adiw	r28, 0x08	; 8
     a3e:	ea e0       	ldi	r30, 0x0A	; 10
     a40:	0c 94 3e 36 	jmp	0x6c7c	; 0x6c7c <__epilogue_restores__+0x10>

00000a44 <__clzsi2>:
     a44:	ef 92       	push	r14
     a46:	ff 92       	push	r15
     a48:	0f 93       	push	r16
     a4a:	1f 93       	push	r17
     a4c:	7b 01       	movw	r14, r22
     a4e:	8c 01       	movw	r16, r24
     a50:	80 e0       	ldi	r24, 0x00	; 0
     a52:	e8 16       	cp	r14, r24
     a54:	80 e0       	ldi	r24, 0x00	; 0
     a56:	f8 06       	cpc	r15, r24
     a58:	81 e0       	ldi	r24, 0x01	; 1
     a5a:	08 07       	cpc	r16, r24
     a5c:	80 e0       	ldi	r24, 0x00	; 0
     a5e:	18 07       	cpc	r17, r24
     a60:	88 f4       	brcc	.+34     	; 0xa84 <__clzsi2+0x40>
     a62:	8f ef       	ldi	r24, 0xFF	; 255
     a64:	e8 16       	cp	r14, r24
     a66:	f1 04       	cpc	r15, r1
     a68:	01 05       	cpc	r16, r1
     a6a:	11 05       	cpc	r17, r1
     a6c:	31 f0       	breq	.+12     	; 0xa7a <__clzsi2+0x36>
     a6e:	28 f0       	brcs	.+10     	; 0xa7a <__clzsi2+0x36>
     a70:	88 e0       	ldi	r24, 0x08	; 8
     a72:	90 e0       	ldi	r25, 0x00	; 0
     a74:	a0 e0       	ldi	r26, 0x00	; 0
     a76:	b0 e0       	ldi	r27, 0x00	; 0
     a78:	17 c0       	rjmp	.+46     	; 0xaa8 <__clzsi2+0x64>
     a7a:	80 e0       	ldi	r24, 0x00	; 0
     a7c:	90 e0       	ldi	r25, 0x00	; 0
     a7e:	a0 e0       	ldi	r26, 0x00	; 0
     a80:	b0 e0       	ldi	r27, 0x00	; 0
     a82:	12 c0       	rjmp	.+36     	; 0xaa8 <__clzsi2+0x64>
     a84:	80 e0       	ldi	r24, 0x00	; 0
     a86:	e8 16       	cp	r14, r24
     a88:	80 e0       	ldi	r24, 0x00	; 0
     a8a:	f8 06       	cpc	r15, r24
     a8c:	80 e0       	ldi	r24, 0x00	; 0
     a8e:	08 07       	cpc	r16, r24
     a90:	81 e0       	ldi	r24, 0x01	; 1
     a92:	18 07       	cpc	r17, r24
     a94:	28 f0       	brcs	.+10     	; 0xaa0 <__clzsi2+0x5c>
     a96:	88 e1       	ldi	r24, 0x18	; 24
     a98:	90 e0       	ldi	r25, 0x00	; 0
     a9a:	a0 e0       	ldi	r26, 0x00	; 0
     a9c:	b0 e0       	ldi	r27, 0x00	; 0
     a9e:	04 c0       	rjmp	.+8      	; 0xaa8 <__clzsi2+0x64>
     aa0:	80 e1       	ldi	r24, 0x10	; 16
     aa2:	90 e0       	ldi	r25, 0x00	; 0
     aa4:	a0 e0       	ldi	r26, 0x00	; 0
     aa6:	b0 e0       	ldi	r27, 0x00	; 0
     aa8:	20 e2       	ldi	r18, 0x20	; 32
     aaa:	30 e0       	ldi	r19, 0x00	; 0
     aac:	40 e0       	ldi	r20, 0x00	; 0
     aae:	50 e0       	ldi	r21, 0x00	; 0
     ab0:	28 1b       	sub	r18, r24
     ab2:	39 0b       	sbc	r19, r25
     ab4:	4a 0b       	sbc	r20, r26
     ab6:	5b 0b       	sbc	r21, r27
     ab8:	04 c0       	rjmp	.+8      	; 0xac2 <__clzsi2+0x7e>
     aba:	16 95       	lsr	r17
     abc:	07 95       	ror	r16
     abe:	f7 94       	ror	r15
     ac0:	e7 94       	ror	r14
     ac2:	8a 95       	dec	r24
     ac4:	d2 f7       	brpl	.-12     	; 0xaba <__clzsi2+0x76>
     ac6:	f7 01       	movw	r30, r14
     ac8:	e6 54       	subi	r30, 0x46	; 70
     aca:	fe 4f       	sbci	r31, 0xFE	; 254
     acc:	80 81       	ld	r24, Z
     ace:	28 1b       	sub	r18, r24
     ad0:	31 09       	sbc	r19, r1
     ad2:	41 09       	sbc	r20, r1
     ad4:	51 09       	sbc	r21, r1
     ad6:	c9 01       	movw	r24, r18
     ad8:	1f 91       	pop	r17
     ada:	0f 91       	pop	r16
     adc:	ff 90       	pop	r15
     ade:	ef 90       	pop	r14
     ae0:	08 95       	ret

00000ae2 <__pack_f>:
     ae2:	df 92       	push	r13
     ae4:	ef 92       	push	r14
     ae6:	ff 92       	push	r15
     ae8:	0f 93       	push	r16
     aea:	1f 93       	push	r17
     aec:	fc 01       	movw	r30, r24
     aee:	e4 80       	ldd	r14, Z+4	; 0x04
     af0:	f5 80       	ldd	r15, Z+5	; 0x05
     af2:	06 81       	ldd	r16, Z+6	; 0x06
     af4:	17 81       	ldd	r17, Z+7	; 0x07
     af6:	d1 80       	ldd	r13, Z+1	; 0x01
     af8:	80 81       	ld	r24, Z
     afa:	82 30       	cpi	r24, 0x02	; 2
     afc:	48 f4       	brcc	.+18     	; 0xb10 <__pack_f+0x2e>
     afe:	80 e0       	ldi	r24, 0x00	; 0
     b00:	90 e0       	ldi	r25, 0x00	; 0
     b02:	a0 e1       	ldi	r26, 0x10	; 16
     b04:	b0 e0       	ldi	r27, 0x00	; 0
     b06:	e8 2a       	or	r14, r24
     b08:	f9 2a       	or	r15, r25
     b0a:	0a 2b       	or	r16, r26
     b0c:	1b 2b       	or	r17, r27
     b0e:	a5 c0       	rjmp	.+330    	; 0xc5a <__pack_f+0x178>
     b10:	84 30       	cpi	r24, 0x04	; 4
     b12:	09 f4       	brne	.+2      	; 0xb16 <__pack_f+0x34>
     b14:	9f c0       	rjmp	.+318    	; 0xc54 <__pack_f+0x172>
     b16:	82 30       	cpi	r24, 0x02	; 2
     b18:	21 f4       	brne	.+8      	; 0xb22 <__pack_f+0x40>
     b1a:	ee 24       	eor	r14, r14
     b1c:	ff 24       	eor	r15, r15
     b1e:	87 01       	movw	r16, r14
     b20:	05 c0       	rjmp	.+10     	; 0xb2c <__pack_f+0x4a>
     b22:	e1 14       	cp	r14, r1
     b24:	f1 04       	cpc	r15, r1
     b26:	01 05       	cpc	r16, r1
     b28:	11 05       	cpc	r17, r1
     b2a:	19 f4       	brne	.+6      	; 0xb32 <__pack_f+0x50>
     b2c:	e0 e0       	ldi	r30, 0x00	; 0
     b2e:	f0 e0       	ldi	r31, 0x00	; 0
     b30:	96 c0       	rjmp	.+300    	; 0xc5e <__pack_f+0x17c>
     b32:	62 81       	ldd	r22, Z+2	; 0x02
     b34:	73 81       	ldd	r23, Z+3	; 0x03
     b36:	9f ef       	ldi	r25, 0xFF	; 255
     b38:	62 38       	cpi	r22, 0x82	; 130
     b3a:	79 07       	cpc	r23, r25
     b3c:	0c f0       	brlt	.+2      	; 0xb40 <__pack_f+0x5e>
     b3e:	5b c0       	rjmp	.+182    	; 0xbf6 <__pack_f+0x114>
     b40:	22 e8       	ldi	r18, 0x82	; 130
     b42:	3f ef       	ldi	r19, 0xFF	; 255
     b44:	26 1b       	sub	r18, r22
     b46:	37 0b       	sbc	r19, r23
     b48:	2a 31       	cpi	r18, 0x1A	; 26
     b4a:	31 05       	cpc	r19, r1
     b4c:	2c f0       	brlt	.+10     	; 0xb58 <__pack_f+0x76>
     b4e:	20 e0       	ldi	r18, 0x00	; 0
     b50:	30 e0       	ldi	r19, 0x00	; 0
     b52:	40 e0       	ldi	r20, 0x00	; 0
     b54:	50 e0       	ldi	r21, 0x00	; 0
     b56:	2a c0       	rjmp	.+84     	; 0xbac <__pack_f+0xca>
     b58:	b8 01       	movw	r22, r16
     b5a:	a7 01       	movw	r20, r14
     b5c:	02 2e       	mov	r0, r18
     b5e:	04 c0       	rjmp	.+8      	; 0xb68 <__pack_f+0x86>
     b60:	76 95       	lsr	r23
     b62:	67 95       	ror	r22
     b64:	57 95       	ror	r21
     b66:	47 95       	ror	r20
     b68:	0a 94       	dec	r0
     b6a:	d2 f7       	brpl	.-12     	; 0xb60 <__pack_f+0x7e>
     b6c:	81 e0       	ldi	r24, 0x01	; 1
     b6e:	90 e0       	ldi	r25, 0x00	; 0
     b70:	a0 e0       	ldi	r26, 0x00	; 0
     b72:	b0 e0       	ldi	r27, 0x00	; 0
     b74:	04 c0       	rjmp	.+8      	; 0xb7e <__pack_f+0x9c>
     b76:	88 0f       	add	r24, r24
     b78:	99 1f       	adc	r25, r25
     b7a:	aa 1f       	adc	r26, r26
     b7c:	bb 1f       	adc	r27, r27
     b7e:	2a 95       	dec	r18
     b80:	d2 f7       	brpl	.-12     	; 0xb76 <__pack_f+0x94>
     b82:	01 97       	sbiw	r24, 0x01	; 1
     b84:	a1 09       	sbc	r26, r1
     b86:	b1 09       	sbc	r27, r1
     b88:	8e 21       	and	r24, r14
     b8a:	9f 21       	and	r25, r15
     b8c:	a0 23       	and	r26, r16
     b8e:	b1 23       	and	r27, r17
     b90:	00 97       	sbiw	r24, 0x00	; 0
     b92:	a1 05       	cpc	r26, r1
     b94:	b1 05       	cpc	r27, r1
     b96:	21 f0       	breq	.+8      	; 0xba0 <__pack_f+0xbe>
     b98:	81 e0       	ldi	r24, 0x01	; 1
     b9a:	90 e0       	ldi	r25, 0x00	; 0
     b9c:	a0 e0       	ldi	r26, 0x00	; 0
     b9e:	b0 e0       	ldi	r27, 0x00	; 0
     ba0:	9a 01       	movw	r18, r20
     ba2:	ab 01       	movw	r20, r22
     ba4:	28 2b       	or	r18, r24
     ba6:	39 2b       	or	r19, r25
     ba8:	4a 2b       	or	r20, r26
     baa:	5b 2b       	or	r21, r27
     bac:	da 01       	movw	r26, r20
     bae:	c9 01       	movw	r24, r18
     bb0:	8f 77       	andi	r24, 0x7F	; 127
     bb2:	90 70       	andi	r25, 0x00	; 0
     bb4:	a0 70       	andi	r26, 0x00	; 0
     bb6:	b0 70       	andi	r27, 0x00	; 0
     bb8:	80 34       	cpi	r24, 0x40	; 64
     bba:	91 05       	cpc	r25, r1
     bbc:	a1 05       	cpc	r26, r1
     bbe:	b1 05       	cpc	r27, r1
     bc0:	39 f4       	brne	.+14     	; 0xbd0 <__pack_f+0xee>
     bc2:	27 ff       	sbrs	r18, 7
     bc4:	09 c0       	rjmp	.+18     	; 0xbd8 <__pack_f+0xf6>
     bc6:	20 5c       	subi	r18, 0xC0	; 192
     bc8:	3f 4f       	sbci	r19, 0xFF	; 255
     bca:	4f 4f       	sbci	r20, 0xFF	; 255
     bcc:	5f 4f       	sbci	r21, 0xFF	; 255
     bce:	04 c0       	rjmp	.+8      	; 0xbd8 <__pack_f+0xf6>
     bd0:	21 5c       	subi	r18, 0xC1	; 193
     bd2:	3f 4f       	sbci	r19, 0xFF	; 255
     bd4:	4f 4f       	sbci	r20, 0xFF	; 255
     bd6:	5f 4f       	sbci	r21, 0xFF	; 255
     bd8:	e0 e0       	ldi	r30, 0x00	; 0
     bda:	f0 e0       	ldi	r31, 0x00	; 0
     bdc:	20 30       	cpi	r18, 0x00	; 0
     bde:	a0 e0       	ldi	r26, 0x00	; 0
     be0:	3a 07       	cpc	r19, r26
     be2:	a0 e0       	ldi	r26, 0x00	; 0
     be4:	4a 07       	cpc	r20, r26
     be6:	a0 e4       	ldi	r26, 0x40	; 64
     be8:	5a 07       	cpc	r21, r26
     bea:	10 f0       	brcs	.+4      	; 0xbf0 <__pack_f+0x10e>
     bec:	e1 e0       	ldi	r30, 0x01	; 1
     bee:	f0 e0       	ldi	r31, 0x00	; 0
     bf0:	79 01       	movw	r14, r18
     bf2:	8a 01       	movw	r16, r20
     bf4:	27 c0       	rjmp	.+78     	; 0xc44 <__pack_f+0x162>
     bf6:	60 38       	cpi	r22, 0x80	; 128
     bf8:	71 05       	cpc	r23, r1
     bfa:	64 f5       	brge	.+88     	; 0xc54 <__pack_f+0x172>
     bfc:	fb 01       	movw	r30, r22
     bfe:	e1 58       	subi	r30, 0x81	; 129
     c00:	ff 4f       	sbci	r31, 0xFF	; 255
     c02:	d8 01       	movw	r26, r16
     c04:	c7 01       	movw	r24, r14
     c06:	8f 77       	andi	r24, 0x7F	; 127
     c08:	90 70       	andi	r25, 0x00	; 0
     c0a:	a0 70       	andi	r26, 0x00	; 0
     c0c:	b0 70       	andi	r27, 0x00	; 0
     c0e:	80 34       	cpi	r24, 0x40	; 64
     c10:	91 05       	cpc	r25, r1
     c12:	a1 05       	cpc	r26, r1
     c14:	b1 05       	cpc	r27, r1
     c16:	39 f4       	brne	.+14     	; 0xc26 <__pack_f+0x144>
     c18:	e7 fe       	sbrs	r14, 7
     c1a:	0d c0       	rjmp	.+26     	; 0xc36 <__pack_f+0x154>
     c1c:	80 e4       	ldi	r24, 0x40	; 64
     c1e:	90 e0       	ldi	r25, 0x00	; 0
     c20:	a0 e0       	ldi	r26, 0x00	; 0
     c22:	b0 e0       	ldi	r27, 0x00	; 0
     c24:	04 c0       	rjmp	.+8      	; 0xc2e <__pack_f+0x14c>
     c26:	8f e3       	ldi	r24, 0x3F	; 63
     c28:	90 e0       	ldi	r25, 0x00	; 0
     c2a:	a0 e0       	ldi	r26, 0x00	; 0
     c2c:	b0 e0       	ldi	r27, 0x00	; 0
     c2e:	e8 0e       	add	r14, r24
     c30:	f9 1e       	adc	r15, r25
     c32:	0a 1f       	adc	r16, r26
     c34:	1b 1f       	adc	r17, r27
     c36:	17 ff       	sbrs	r17, 7
     c38:	05 c0       	rjmp	.+10     	; 0xc44 <__pack_f+0x162>
     c3a:	16 95       	lsr	r17
     c3c:	07 95       	ror	r16
     c3e:	f7 94       	ror	r15
     c40:	e7 94       	ror	r14
     c42:	31 96       	adiw	r30, 0x01	; 1
     c44:	87 e0       	ldi	r24, 0x07	; 7
     c46:	16 95       	lsr	r17
     c48:	07 95       	ror	r16
     c4a:	f7 94       	ror	r15
     c4c:	e7 94       	ror	r14
     c4e:	8a 95       	dec	r24
     c50:	d1 f7       	brne	.-12     	; 0xc46 <__pack_f+0x164>
     c52:	05 c0       	rjmp	.+10     	; 0xc5e <__pack_f+0x17c>
     c54:	ee 24       	eor	r14, r14
     c56:	ff 24       	eor	r15, r15
     c58:	87 01       	movw	r16, r14
     c5a:	ef ef       	ldi	r30, 0xFF	; 255
     c5c:	f0 e0       	ldi	r31, 0x00	; 0
     c5e:	6e 2f       	mov	r22, r30
     c60:	67 95       	ror	r22
     c62:	66 27       	eor	r22, r22
     c64:	67 95       	ror	r22
     c66:	90 2f       	mov	r25, r16
     c68:	9f 77       	andi	r25, 0x7F	; 127
     c6a:	d7 94       	ror	r13
     c6c:	dd 24       	eor	r13, r13
     c6e:	d7 94       	ror	r13
     c70:	8e 2f       	mov	r24, r30
     c72:	86 95       	lsr	r24
     c74:	49 2f       	mov	r20, r25
     c76:	46 2b       	or	r20, r22
     c78:	58 2f       	mov	r21, r24
     c7a:	5d 29       	or	r21, r13
     c7c:	b7 01       	movw	r22, r14
     c7e:	ca 01       	movw	r24, r20
     c80:	1f 91       	pop	r17
     c82:	0f 91       	pop	r16
     c84:	ff 90       	pop	r15
     c86:	ef 90       	pop	r14
     c88:	df 90       	pop	r13
     c8a:	08 95       	ret

00000c8c <__unpack_f>:
     c8c:	fc 01       	movw	r30, r24
     c8e:	db 01       	movw	r26, r22
     c90:	40 81       	ld	r20, Z
     c92:	51 81       	ldd	r21, Z+1	; 0x01
     c94:	22 81       	ldd	r18, Z+2	; 0x02
     c96:	62 2f       	mov	r22, r18
     c98:	6f 77       	andi	r22, 0x7F	; 127
     c9a:	70 e0       	ldi	r23, 0x00	; 0
     c9c:	22 1f       	adc	r18, r18
     c9e:	22 27       	eor	r18, r18
     ca0:	22 1f       	adc	r18, r18
     ca2:	93 81       	ldd	r25, Z+3	; 0x03
     ca4:	89 2f       	mov	r24, r25
     ca6:	88 0f       	add	r24, r24
     ca8:	82 2b       	or	r24, r18
     caa:	28 2f       	mov	r18, r24
     cac:	30 e0       	ldi	r19, 0x00	; 0
     cae:	99 1f       	adc	r25, r25
     cb0:	99 27       	eor	r25, r25
     cb2:	99 1f       	adc	r25, r25
     cb4:	11 96       	adiw	r26, 0x01	; 1
     cb6:	9c 93       	st	X, r25
     cb8:	11 97       	sbiw	r26, 0x01	; 1
     cba:	21 15       	cp	r18, r1
     cbc:	31 05       	cpc	r19, r1
     cbe:	a9 f5       	brne	.+106    	; 0xd2a <__unpack_f+0x9e>
     cc0:	41 15       	cp	r20, r1
     cc2:	51 05       	cpc	r21, r1
     cc4:	61 05       	cpc	r22, r1
     cc6:	71 05       	cpc	r23, r1
     cc8:	11 f4       	brne	.+4      	; 0xcce <__unpack_f+0x42>
     cca:	82 e0       	ldi	r24, 0x02	; 2
     ccc:	37 c0       	rjmp	.+110    	; 0xd3c <__unpack_f+0xb0>
     cce:	82 e8       	ldi	r24, 0x82	; 130
     cd0:	9f ef       	ldi	r25, 0xFF	; 255
     cd2:	13 96       	adiw	r26, 0x03	; 3
     cd4:	9c 93       	st	X, r25
     cd6:	8e 93       	st	-X, r24
     cd8:	12 97       	sbiw	r26, 0x02	; 2
     cda:	9a 01       	movw	r18, r20
     cdc:	ab 01       	movw	r20, r22
     cde:	67 e0       	ldi	r22, 0x07	; 7
     ce0:	22 0f       	add	r18, r18
     ce2:	33 1f       	adc	r19, r19
     ce4:	44 1f       	adc	r20, r20
     ce6:	55 1f       	adc	r21, r21
     ce8:	6a 95       	dec	r22
     cea:	d1 f7       	brne	.-12     	; 0xce0 <__unpack_f+0x54>
     cec:	83 e0       	ldi	r24, 0x03	; 3
     cee:	8c 93       	st	X, r24
     cf0:	0d c0       	rjmp	.+26     	; 0xd0c <__unpack_f+0x80>
     cf2:	22 0f       	add	r18, r18
     cf4:	33 1f       	adc	r19, r19
     cf6:	44 1f       	adc	r20, r20
     cf8:	55 1f       	adc	r21, r21
     cfa:	12 96       	adiw	r26, 0x02	; 2
     cfc:	8d 91       	ld	r24, X+
     cfe:	9c 91       	ld	r25, X
     d00:	13 97       	sbiw	r26, 0x03	; 3
     d02:	01 97       	sbiw	r24, 0x01	; 1
     d04:	13 96       	adiw	r26, 0x03	; 3
     d06:	9c 93       	st	X, r25
     d08:	8e 93       	st	-X, r24
     d0a:	12 97       	sbiw	r26, 0x02	; 2
     d0c:	20 30       	cpi	r18, 0x00	; 0
     d0e:	80 e0       	ldi	r24, 0x00	; 0
     d10:	38 07       	cpc	r19, r24
     d12:	80 e0       	ldi	r24, 0x00	; 0
     d14:	48 07       	cpc	r20, r24
     d16:	80 e4       	ldi	r24, 0x40	; 64
     d18:	58 07       	cpc	r21, r24
     d1a:	58 f3       	brcs	.-42     	; 0xcf2 <__unpack_f+0x66>
     d1c:	14 96       	adiw	r26, 0x04	; 4
     d1e:	2d 93       	st	X+, r18
     d20:	3d 93       	st	X+, r19
     d22:	4d 93       	st	X+, r20
     d24:	5c 93       	st	X, r21
     d26:	17 97       	sbiw	r26, 0x07	; 7
     d28:	08 95       	ret
     d2a:	2f 3f       	cpi	r18, 0xFF	; 255
     d2c:	31 05       	cpc	r19, r1
     d2e:	79 f4       	brne	.+30     	; 0xd4e <__unpack_f+0xc2>
     d30:	41 15       	cp	r20, r1
     d32:	51 05       	cpc	r21, r1
     d34:	61 05       	cpc	r22, r1
     d36:	71 05       	cpc	r23, r1
     d38:	19 f4       	brne	.+6      	; 0xd40 <__unpack_f+0xb4>
     d3a:	84 e0       	ldi	r24, 0x04	; 4
     d3c:	8c 93       	st	X, r24
     d3e:	08 95       	ret
     d40:	64 ff       	sbrs	r22, 4
     d42:	03 c0       	rjmp	.+6      	; 0xd4a <__unpack_f+0xbe>
     d44:	81 e0       	ldi	r24, 0x01	; 1
     d46:	8c 93       	st	X, r24
     d48:	12 c0       	rjmp	.+36     	; 0xd6e <__unpack_f+0xe2>
     d4a:	1c 92       	st	X, r1
     d4c:	10 c0       	rjmp	.+32     	; 0xd6e <__unpack_f+0xe2>
     d4e:	2f 57       	subi	r18, 0x7F	; 127
     d50:	30 40       	sbci	r19, 0x00	; 0
     d52:	13 96       	adiw	r26, 0x03	; 3
     d54:	3c 93       	st	X, r19
     d56:	2e 93       	st	-X, r18
     d58:	12 97       	sbiw	r26, 0x02	; 2
     d5a:	83 e0       	ldi	r24, 0x03	; 3
     d5c:	8c 93       	st	X, r24
     d5e:	87 e0       	ldi	r24, 0x07	; 7
     d60:	44 0f       	add	r20, r20
     d62:	55 1f       	adc	r21, r21
     d64:	66 1f       	adc	r22, r22
     d66:	77 1f       	adc	r23, r23
     d68:	8a 95       	dec	r24
     d6a:	d1 f7       	brne	.-12     	; 0xd60 <__unpack_f+0xd4>
     d6c:	70 64       	ori	r23, 0x40	; 64
     d6e:	14 96       	adiw	r26, 0x04	; 4
     d70:	4d 93       	st	X+, r20
     d72:	5d 93       	st	X+, r21
     d74:	6d 93       	st	X+, r22
     d76:	7c 93       	st	X, r23
     d78:	17 97       	sbiw	r26, 0x07	; 7
     d7a:	08 95       	ret

00000d7c <__fpcmp_parts_f>:
     d7c:	1f 93       	push	r17
     d7e:	dc 01       	movw	r26, r24
     d80:	fb 01       	movw	r30, r22
     d82:	9c 91       	ld	r25, X
     d84:	92 30       	cpi	r25, 0x02	; 2
     d86:	08 f4       	brcc	.+2      	; 0xd8a <__fpcmp_parts_f+0xe>
     d88:	47 c0       	rjmp	.+142    	; 0xe18 <__fpcmp_parts_f+0x9c>
     d8a:	80 81       	ld	r24, Z
     d8c:	82 30       	cpi	r24, 0x02	; 2
     d8e:	08 f4       	brcc	.+2      	; 0xd92 <__fpcmp_parts_f+0x16>
     d90:	43 c0       	rjmp	.+134    	; 0xe18 <__fpcmp_parts_f+0x9c>
     d92:	94 30       	cpi	r25, 0x04	; 4
     d94:	51 f4       	brne	.+20     	; 0xdaa <__fpcmp_parts_f+0x2e>
     d96:	11 96       	adiw	r26, 0x01	; 1
     d98:	1c 91       	ld	r17, X
     d9a:	84 30       	cpi	r24, 0x04	; 4
     d9c:	99 f5       	brne	.+102    	; 0xe04 <__fpcmp_parts_f+0x88>
     d9e:	81 81       	ldd	r24, Z+1	; 0x01
     da0:	68 2f       	mov	r22, r24
     da2:	70 e0       	ldi	r23, 0x00	; 0
     da4:	61 1b       	sub	r22, r17
     da6:	71 09       	sbc	r23, r1
     da8:	3f c0       	rjmp	.+126    	; 0xe28 <__fpcmp_parts_f+0xac>
     daa:	84 30       	cpi	r24, 0x04	; 4
     dac:	21 f0       	breq	.+8      	; 0xdb6 <__fpcmp_parts_f+0x3a>
     dae:	92 30       	cpi	r25, 0x02	; 2
     db0:	31 f4       	brne	.+12     	; 0xdbe <__fpcmp_parts_f+0x42>
     db2:	82 30       	cpi	r24, 0x02	; 2
     db4:	b9 f1       	breq	.+110    	; 0xe24 <__fpcmp_parts_f+0xa8>
     db6:	81 81       	ldd	r24, Z+1	; 0x01
     db8:	88 23       	and	r24, r24
     dba:	89 f1       	breq	.+98     	; 0xe1e <__fpcmp_parts_f+0xa2>
     dbc:	2d c0       	rjmp	.+90     	; 0xe18 <__fpcmp_parts_f+0x9c>
     dbe:	11 96       	adiw	r26, 0x01	; 1
     dc0:	1c 91       	ld	r17, X
     dc2:	11 97       	sbiw	r26, 0x01	; 1
     dc4:	82 30       	cpi	r24, 0x02	; 2
     dc6:	f1 f0       	breq	.+60     	; 0xe04 <__fpcmp_parts_f+0x88>
     dc8:	81 81       	ldd	r24, Z+1	; 0x01
     dca:	18 17       	cp	r17, r24
     dcc:	d9 f4       	brne	.+54     	; 0xe04 <__fpcmp_parts_f+0x88>
     dce:	12 96       	adiw	r26, 0x02	; 2
     dd0:	2d 91       	ld	r18, X+
     dd2:	3c 91       	ld	r19, X
     dd4:	13 97       	sbiw	r26, 0x03	; 3
     dd6:	82 81       	ldd	r24, Z+2	; 0x02
     dd8:	93 81       	ldd	r25, Z+3	; 0x03
     dda:	82 17       	cp	r24, r18
     ddc:	93 07       	cpc	r25, r19
     dde:	94 f0       	brlt	.+36     	; 0xe04 <__fpcmp_parts_f+0x88>
     de0:	28 17       	cp	r18, r24
     de2:	39 07       	cpc	r19, r25
     de4:	bc f0       	brlt	.+46     	; 0xe14 <__fpcmp_parts_f+0x98>
     de6:	14 96       	adiw	r26, 0x04	; 4
     de8:	8d 91       	ld	r24, X+
     dea:	9d 91       	ld	r25, X+
     dec:	0d 90       	ld	r0, X+
     dee:	bc 91       	ld	r27, X
     df0:	a0 2d       	mov	r26, r0
     df2:	24 81       	ldd	r18, Z+4	; 0x04
     df4:	35 81       	ldd	r19, Z+5	; 0x05
     df6:	46 81       	ldd	r20, Z+6	; 0x06
     df8:	57 81       	ldd	r21, Z+7	; 0x07
     dfa:	28 17       	cp	r18, r24
     dfc:	39 07       	cpc	r19, r25
     dfe:	4a 07       	cpc	r20, r26
     e00:	5b 07       	cpc	r21, r27
     e02:	18 f4       	brcc	.+6      	; 0xe0a <__fpcmp_parts_f+0x8e>
     e04:	11 23       	and	r17, r17
     e06:	41 f0       	breq	.+16     	; 0xe18 <__fpcmp_parts_f+0x9c>
     e08:	0a c0       	rjmp	.+20     	; 0xe1e <__fpcmp_parts_f+0xa2>
     e0a:	82 17       	cp	r24, r18
     e0c:	93 07       	cpc	r25, r19
     e0e:	a4 07       	cpc	r26, r20
     e10:	b5 07       	cpc	r27, r21
     e12:	40 f4       	brcc	.+16     	; 0xe24 <__fpcmp_parts_f+0xa8>
     e14:	11 23       	and	r17, r17
     e16:	19 f0       	breq	.+6      	; 0xe1e <__fpcmp_parts_f+0xa2>
     e18:	61 e0       	ldi	r22, 0x01	; 1
     e1a:	70 e0       	ldi	r23, 0x00	; 0
     e1c:	05 c0       	rjmp	.+10     	; 0xe28 <__fpcmp_parts_f+0xac>
     e1e:	6f ef       	ldi	r22, 0xFF	; 255
     e20:	7f ef       	ldi	r23, 0xFF	; 255
     e22:	02 c0       	rjmp	.+4      	; 0xe28 <__fpcmp_parts_f+0xac>
     e24:	60 e0       	ldi	r22, 0x00	; 0
     e26:	70 e0       	ldi	r23, 0x00	; 0
     e28:	cb 01       	movw	r24, r22
     e2a:	1f 91       	pop	r17
     e2c:	08 95       	ret

00000e2e <VOLTMETER_init>:
extern volatile  uint8 g_reset;
/* Indication that we entered the voltmeter circuit*/
 volatile uint8 g_voltMeterEnter = 0;

void VOLTMETER_init(void)
{
     e2e:	df 93       	push	r29
     e30:	cf 93       	push	r28
     e32:	cd b7       	in	r28, 0x3d	; 61
     e34:	de b7       	in	r29, 0x3e	; 62
	/**************Relay Pin on ATMEGA32******************/
	GPIO_setupPinDirection(PORTA_ID,PIN7_ID,PIN_OUTPUT);
     e36:	80 e0       	ldi	r24, 0x00	; 0
     e38:	67 e0       	ldi	r22, 0x07	; 7
     e3a:	41 e0       	ldi	r20, 0x01	; 1
     e3c:	0e 94 6b 24 	call	0x48d6	; 0x48d6 <GPIO_setupPinDirection>
	/**************Relay Pin Of AC to DC******************/
	GPIO_setupPinDirection(PORTB_ID,PIN4_ID,PIN_OUTPUT);
     e40:	81 e0       	ldi	r24, 0x01	; 1
     e42:	64 e0       	ldi	r22, 0x04	; 4
     e44:	41 e0       	ldi	r20, 0x01	; 1
     e46:	0e 94 6b 24 	call	0x48d6	; 0x48d6 <GPIO_setupPinDirection>

	/**************Led pin output*************************/
	GPIO_setupPinDirection(PORTC_ID, PIN1_ID, PIN_OUTPUT);
     e4a:	82 e0       	ldi	r24, 0x02	; 2
     e4c:	61 e0       	ldi	r22, 0x01	; 1
     e4e:	41 e0       	ldi	r20, 0x01	; 1
     e50:	0e 94 6b 24 	call	0x48d6	; 0x48d6 <GPIO_setupPinDirection>

}
     e54:	cf 91       	pop	r28
     e56:	df 91       	pop	r29
     e58:	08 95       	ret

00000e5a <VOLTMETER_firstRange>:

void VOLTMETER_firstRange(void)
{ float32 a_VoltValue;
     e5a:	df 93       	push	r29
     e5c:	cf 93       	push	r28
     e5e:	cd b7       	in	r28, 0x3d	; 61
     e60:	de b7       	in	r29, 0x3e	; 62
     e62:	62 97       	sbiw	r28, 0x12	; 18
     e64:	0f b6       	in	r0, 0x3f	; 63
     e66:	f8 94       	cli
     e68:	de bf       	out	0x3e, r29	; 62
     e6a:	0f be       	out	0x3f, r0	; 63
     e6c:	cd bf       	out	0x3d, r28	; 61
	g_voltMeterEnter = 1;
     e6e:	81 e0       	ldi	r24, 0x01	; 1
     e70:	80 93 ba 02 	sts	0x02BA, r24
	GPIO_writePin(PORTA_ID,PIN7_ID,LOGIC_LOW);
     e74:	80 e0       	ldi	r24, 0x00	; 0
     e76:	67 e0       	ldi	r22, 0x07	; 7
     e78:	40 e0       	ldi	r20, 0x00	; 0
     e7a:	0e 94 65 25 	call	0x4aca	; 0x4aca <GPIO_writePin>
	GPIO_writePin(PORTC_ID, PIN1_ID, LOGIC_HIGH);
     e7e:	82 e0       	ldi	r24, 0x02	; 2
     e80:	61 e0       	ldi	r22, 0x01	; 1
     e82:	41 e0       	ldi	r20, 0x01	; 1
     e84:	0e 94 65 25 	call	0x4aca	; 0x4aca <GPIO_writePin>

	while(1)
	{
	a_VoltValue= MAX1*((4.5*ADC_readChannel(ADC6))/DIGITALMAX);
     e88:	86 e0       	ldi	r24, 0x06	; 6
     e8a:	0e 94 c3 1d 	call	0x3b86	; 0x3b86 <ADC_readChannel>
     e8e:	cc 01       	movw	r24, r24
     e90:	a0 e0       	ldi	r26, 0x00	; 0
     e92:	b0 e0       	ldi	r27, 0x00	; 0
     e94:	bc 01       	movw	r22, r24
     e96:	cd 01       	movw	r24, r26
     e98:	0e 94 a9 04 	call	0x952	; 0x952 <__floatunsisf>
     e9c:	dc 01       	movw	r26, r24
     e9e:	cb 01       	movw	r24, r22
     ea0:	bc 01       	movw	r22, r24
     ea2:	cd 01       	movw	r24, r26
     ea4:	20 e0       	ldi	r18, 0x00	; 0
     ea6:	30 e0       	ldi	r19, 0x00	; 0
     ea8:	40 e9       	ldi	r20, 0x90	; 144
     eaa:	50 e4       	ldi	r21, 0x40	; 64
     eac:	0e 94 1f 02 	call	0x43e	; 0x43e <__mulsf3>
     eb0:	dc 01       	movw	r26, r24
     eb2:	cb 01       	movw	r24, r22
     eb4:	bc 01       	movw	r22, r24
     eb6:	cd 01       	movw	r24, r26
     eb8:	2d ec       	ldi	r18, 0xCD	; 205
     eba:	3c e2       	ldi	r19, 0x2C	; 44
     ebc:	46 e6       	ldi	r20, 0x66	; 102
     ebe:	54 e4       	ldi	r21, 0x44	; 68
     ec0:	0e 94 19 03 	call	0x632	; 0x632 <__divsf3>
     ec4:	dc 01       	movw	r26, r24
     ec6:	cb 01       	movw	r24, r22
     ec8:	bc 01       	movw	r22, r24
     eca:	cd 01       	movw	r24, r26
     ecc:	2d ec       	ldi	r18, 0xCD	; 205
     ece:	3c ec       	ldi	r19, 0xCC	; 204
     ed0:	4c ec       	ldi	r20, 0xCC	; 204
     ed2:	5e e3       	ldi	r21, 0x3E	; 62
     ed4:	0e 94 1f 02 	call	0x43e	; 0x43e <__mulsf3>
     ed8:	dc 01       	movw	r26, r24
     eda:	cb 01       	movw	r24, r22
     edc:	8f 87       	std	Y+15, r24	; 0x0f
     ede:	98 8b       	std	Y+16, r25	; 0x10
     ee0:	a9 8b       	std	Y+17, r26	; 0x11
     ee2:	ba 8b       	std	Y+18, r27	; 0x12
	 if(g_reset == 1)
     ee4:	80 91 bb 02 	lds	r24, 0x02BB
     ee8:	81 30       	cpi	r24, 0x01	; 1
     eea:	51 f4       	brne	.+20     	; 0xf00 <VOLTMETER_firstRange+0xa6>
		 {
		 	g_reset =0;
     eec:	10 92 bb 02 	sts	0x02BB, r1
		 	GPIO_writePin(PORTC_ID, PIN1_ID, LOGIC_LOW);
     ef0:	82 e0       	ldi	r24, 0x02	; 2
     ef2:	61 e0       	ldi	r22, 0x01	; 1
     ef4:	40 e0       	ldi	r20, 0x00	; 0
     ef6:	0e 94 65 25 	call	0x4aca	; 0x4aca <GPIO_writePin>
		 	LCD_clearScreen();
     efa:	0e 94 62 33 	call	0x66c4	; 0x66c4 <LCD_clearScreen>
     efe:	8e c0       	rjmp	.+284    	; 0x101c <VOLTMETER_firstRange+0x1c2>
		 	break;

		 }

	LCD_floatToString(a_VoltValue);
     f00:	8f 85       	ldd	r24, Y+15	; 0x0f
     f02:	98 89       	ldd	r25, Y+16	; 0x10
     f04:	a9 89       	ldd	r26, Y+17	; 0x11
     f06:	ba 89       	ldd	r27, Y+18	; 0x12
     f08:	bc 01       	movw	r22, r24
     f0a:	cd 01       	movw	r24, r26
     f0c:	0e 94 66 34 	call	0x68cc	; 0x68cc <LCD_floatToString>
	LCD_displayString(" V");
     f10:	80 e6       	ldi	r24, 0x60	; 96
     f12:	90 e0       	ldi	r25, 0x00	; 0
     f14:	0e 94 bf 32 	call	0x657e	; 0x657e <LCD_displayString>
     f18:	80 e0       	ldi	r24, 0x00	; 0
     f1a:	90 e0       	ldi	r25, 0x00	; 0
     f1c:	aa ef       	ldi	r26, 0xFA	; 250
     f1e:	b3 e4       	ldi	r27, 0x43	; 67
     f20:	8b 87       	std	Y+11, r24	; 0x0b
     f22:	9c 87       	std	Y+12, r25	; 0x0c
     f24:	ad 87       	std	Y+13, r26	; 0x0d
     f26:	be 87       	std	Y+14, r27	; 0x0e
 */
void
_delay_ms(double __ms)
{
	uint16_t __ticks;
	double __tmp = ((F_CPU) / 4e3) * __ms;
     f28:	6b 85       	ldd	r22, Y+11	; 0x0b
     f2a:	7c 85       	ldd	r23, Y+12	; 0x0c
     f2c:	8d 85       	ldd	r24, Y+13	; 0x0d
     f2e:	9e 85       	ldd	r25, Y+14	; 0x0e
     f30:	20 e0       	ldi	r18, 0x00	; 0
     f32:	30 e0       	ldi	r19, 0x00	; 0
     f34:	4a e7       	ldi	r20, 0x7A	; 122
     f36:	53 e4       	ldi	r21, 0x43	; 67
     f38:	0e 94 1f 02 	call	0x43e	; 0x43e <__mulsf3>
     f3c:	dc 01       	movw	r26, r24
     f3e:	cb 01       	movw	r24, r22
     f40:	8f 83       	std	Y+7, r24	; 0x07
     f42:	98 87       	std	Y+8, r25	; 0x08
     f44:	a9 87       	std	Y+9, r26	; 0x09
     f46:	ba 87       	std	Y+10, r27	; 0x0a
	if (__tmp < 1.0)
     f48:	6f 81       	ldd	r22, Y+7	; 0x07
     f4a:	78 85       	ldd	r23, Y+8	; 0x08
     f4c:	89 85       	ldd	r24, Y+9	; 0x09
     f4e:	9a 85       	ldd	r25, Y+10	; 0x0a
     f50:	20 e0       	ldi	r18, 0x00	; 0
     f52:	30 e0       	ldi	r19, 0x00	; 0
     f54:	40 e8       	ldi	r20, 0x80	; 128
     f56:	5f e3       	ldi	r21, 0x3F	; 63
     f58:	0e 94 25 04 	call	0x84a	; 0x84a <__ltsf2>
     f5c:	88 23       	and	r24, r24
     f5e:	2c f4       	brge	.+10     	; 0xf6a <VOLTMETER_firstRange+0x110>
		__ticks = 1;
     f60:	81 e0       	ldi	r24, 0x01	; 1
     f62:	90 e0       	ldi	r25, 0x00	; 0
     f64:	9e 83       	std	Y+6, r25	; 0x06
     f66:	8d 83       	std	Y+5, r24	; 0x05
     f68:	3f c0       	rjmp	.+126    	; 0xfe8 <VOLTMETER_firstRange+0x18e>
	else if (__tmp > 65535)
     f6a:	6f 81       	ldd	r22, Y+7	; 0x07
     f6c:	78 85       	ldd	r23, Y+8	; 0x08
     f6e:	89 85       	ldd	r24, Y+9	; 0x09
     f70:	9a 85       	ldd	r25, Y+10	; 0x0a
     f72:	20 e0       	ldi	r18, 0x00	; 0
     f74:	3f ef       	ldi	r19, 0xFF	; 255
     f76:	4f e7       	ldi	r20, 0x7F	; 127
     f78:	57 e4       	ldi	r21, 0x47	; 71
     f7a:	0e 94 c5 03 	call	0x78a	; 0x78a <__gtsf2>
     f7e:	18 16       	cp	r1, r24
     f80:	4c f5       	brge	.+82     	; 0xfd4 <VOLTMETER_firstRange+0x17a>
	{
		//	__ticks = requested delay in 1/10 ms
		__ticks = (uint16_t) (__ms * 10.0);
     f82:	6b 85       	ldd	r22, Y+11	; 0x0b
     f84:	7c 85       	ldd	r23, Y+12	; 0x0c
     f86:	8d 85       	ldd	r24, Y+13	; 0x0d
     f88:	9e 85       	ldd	r25, Y+14	; 0x0e
     f8a:	20 e0       	ldi	r18, 0x00	; 0
     f8c:	30 e0       	ldi	r19, 0x00	; 0
     f8e:	40 e2       	ldi	r20, 0x20	; 32
     f90:	51 e4       	ldi	r21, 0x41	; 65
     f92:	0e 94 1f 02 	call	0x43e	; 0x43e <__mulsf3>
     f96:	dc 01       	movw	r26, r24
     f98:	cb 01       	movw	r24, r22
     f9a:	bc 01       	movw	r22, r24
     f9c:	cd 01       	movw	r24, r26
     f9e:	0e 94 49 00 	call	0x92	; 0x92 <__fixunssfsi>
     fa2:	dc 01       	movw	r26, r24
     fa4:	cb 01       	movw	r24, r22
     fa6:	9e 83       	std	Y+6, r25	; 0x06
     fa8:	8d 83       	std	Y+5, r24	; 0x05
     faa:	0f c0       	rjmp	.+30     	; 0xfca <VOLTMETER_firstRange+0x170>
     fac:	89 e1       	ldi	r24, 0x19	; 25
     fae:	90 e0       	ldi	r25, 0x00	; 0
     fb0:	9c 83       	std	Y+4, r25	; 0x04
     fb2:	8b 83       	std	Y+3, r24	; 0x03
    milliseconds can be achieved.
 */
void
_delay_loop_2(uint16_t __count)
{
	__asm__ volatile (
     fb4:	8b 81       	ldd	r24, Y+3	; 0x03
     fb6:	9c 81       	ldd	r25, Y+4	; 0x04
     fb8:	01 97       	sbiw	r24, 0x01	; 1
     fba:	f1 f7       	brne	.-4      	; 0xfb8 <VOLTMETER_firstRange+0x15e>
     fbc:	9c 83       	std	Y+4, r25	; 0x04
     fbe:	8b 83       	std	Y+3, r24	; 0x03
		while(__ticks)
		{
			// wait 1/10 ms
			_delay_loop_2(((F_CPU) / 4e3) / 10);
			__ticks --;
     fc0:	8d 81       	ldd	r24, Y+5	; 0x05
     fc2:	9e 81       	ldd	r25, Y+6	; 0x06
     fc4:	01 97       	sbiw	r24, 0x01	; 1
     fc6:	9e 83       	std	Y+6, r25	; 0x06
     fc8:	8d 83       	std	Y+5, r24	; 0x05
		__ticks = 1;
	else if (__tmp > 65535)
	{
		//	__ticks = requested delay in 1/10 ms
		__ticks = (uint16_t) (__ms * 10.0);
		while(__ticks)
     fca:	8d 81       	ldd	r24, Y+5	; 0x05
     fcc:	9e 81       	ldd	r25, Y+6	; 0x06
     fce:	00 97       	sbiw	r24, 0x00	; 0
     fd0:	69 f7       	brne	.-38     	; 0xfac <VOLTMETER_firstRange+0x152>
     fd2:	14 c0       	rjmp	.+40     	; 0xffc <VOLTMETER_firstRange+0x1a2>
			__ticks --;
		}
		return;
	}
	else
		__ticks = (uint16_t)__tmp;
     fd4:	6f 81       	ldd	r22, Y+7	; 0x07
     fd6:	78 85       	ldd	r23, Y+8	; 0x08
     fd8:	89 85       	ldd	r24, Y+9	; 0x09
     fda:	9a 85       	ldd	r25, Y+10	; 0x0a
     fdc:	0e 94 49 00 	call	0x92	; 0x92 <__fixunssfsi>
     fe0:	dc 01       	movw	r26, r24
     fe2:	cb 01       	movw	r24, r22
     fe4:	9e 83       	std	Y+6, r25	; 0x06
     fe6:	8d 83       	std	Y+5, r24	; 0x05
     fe8:	8d 81       	ldd	r24, Y+5	; 0x05
     fea:	9e 81       	ldd	r25, Y+6	; 0x06
     fec:	9a 83       	std	Y+2, r25	; 0x02
     fee:	89 83       	std	Y+1, r24	; 0x01
     ff0:	89 81       	ldd	r24, Y+1	; 0x01
     ff2:	9a 81       	ldd	r25, Y+2	; 0x02
     ff4:	01 97       	sbiw	r24, 0x01	; 1
     ff6:	f1 f7       	brne	.-4      	; 0xff4 <VOLTMETER_firstRange+0x19a>
     ff8:	9a 83       	std	Y+2, r25	; 0x02
     ffa:	89 83       	std	Y+1, r24	; 0x01
	_delay_ms(500);
	LCD_clearScreen();
     ffc:	0e 94 62 33 	call	0x66c4	; 0x66c4 <LCD_clearScreen>

	 if(g_reset == 1)
    1000:	80 91 bb 02 	lds	r24, 0x02BB
    1004:	81 30       	cpi	r24, 0x01	; 1
    1006:	09 f0       	breq	.+2      	; 0x100a <VOLTMETER_firstRange+0x1b0>
    1008:	3f cf       	rjmp	.-386    	; 0xe88 <VOLTMETER_firstRange+0x2e>
	 {
	 	g_reset =0;
    100a:	10 92 bb 02 	sts	0x02BB, r1
	 	GPIO_writePin(PORTC_ID, PIN1_ID, LOGIC_LOW);
    100e:	82 e0       	ldi	r24, 0x02	; 2
    1010:	61 e0       	ldi	r22, 0x01	; 1
    1012:	40 e0       	ldi	r20, 0x00	; 0
    1014:	0e 94 65 25 	call	0x4aca	; 0x4aca <GPIO_writePin>
	 	LCD_clearScreen();
    1018:	0e 94 62 33 	call	0x66c4	; 0x66c4 <LCD_clearScreen>

	 }
	}


}
    101c:	62 96       	adiw	r28, 0x12	; 18
    101e:	0f b6       	in	r0, 0x3f	; 63
    1020:	f8 94       	cli
    1022:	de bf       	out	0x3e, r29	; 62
    1024:	0f be       	out	0x3f, r0	; 63
    1026:	cd bf       	out	0x3d, r28	; 61
    1028:	cf 91       	pop	r28
    102a:	df 91       	pop	r29
    102c:	08 95       	ret

0000102e <VOLTMETER_secondRange>:
void VOLTMETER_secondRange(void)
{ float32 a_VoltValue;
    102e:	df 93       	push	r29
    1030:	cf 93       	push	r28
    1032:	cd b7       	in	r28, 0x3d	; 61
    1034:	de b7       	in	r29, 0x3e	; 62
    1036:	62 97       	sbiw	r28, 0x12	; 18
    1038:	0f b6       	in	r0, 0x3f	; 63
    103a:	f8 94       	cli
    103c:	de bf       	out	0x3e, r29	; 62
    103e:	0f be       	out	0x3f, r0	; 63
    1040:	cd bf       	out	0x3d, r28	; 61
	g_voltMeterEnter = 1;
    1042:	81 e0       	ldi	r24, 0x01	; 1
    1044:	80 93 ba 02 	sts	0x02BA, r24

	GPIO_writePin(PORTC_ID, PIN1_ID, LOGIC_HIGH);
    1048:	82 e0       	ldi	r24, 0x02	; 2
    104a:	61 e0       	ldi	r22, 0x01	; 1
    104c:	41 e0       	ldi	r20, 0x01	; 1
    104e:	0e 94 65 25 	call	0x4aca	; 0x4aca <GPIO_writePin>
	GPIO_writePin(PORTA_ID,PIN7_ID,LOGIC_HIGH);
    1052:	80 e0       	ldi	r24, 0x00	; 0
    1054:	67 e0       	ldi	r22, 0x07	; 7
    1056:	41 e0       	ldi	r20, 0x01	; 1
    1058:	0e 94 65 25 	call	0x4aca	; 0x4aca <GPIO_writePin>

	while(1)
	{
	a_VoltValue=MAX2*((4.5*ADC_readChannel(ADC6))/DIGITALMAX);
    105c:	86 e0       	ldi	r24, 0x06	; 6
    105e:	0e 94 c3 1d 	call	0x3b86	; 0x3b86 <ADC_readChannel>
    1062:	cc 01       	movw	r24, r24
    1064:	a0 e0       	ldi	r26, 0x00	; 0
    1066:	b0 e0       	ldi	r27, 0x00	; 0
    1068:	bc 01       	movw	r22, r24
    106a:	cd 01       	movw	r24, r26
    106c:	0e 94 a9 04 	call	0x952	; 0x952 <__floatunsisf>
    1070:	dc 01       	movw	r26, r24
    1072:	cb 01       	movw	r24, r22
    1074:	bc 01       	movw	r22, r24
    1076:	cd 01       	movw	r24, r26
    1078:	20 e0       	ldi	r18, 0x00	; 0
    107a:	30 e0       	ldi	r19, 0x00	; 0
    107c:	40 e9       	ldi	r20, 0x90	; 144
    107e:	50 e4       	ldi	r21, 0x40	; 64
    1080:	0e 94 1f 02 	call	0x43e	; 0x43e <__mulsf3>
    1084:	dc 01       	movw	r26, r24
    1086:	cb 01       	movw	r24, r22
    1088:	bc 01       	movw	r22, r24
    108a:	cd 01       	movw	r24, r26
    108c:	2d ec       	ldi	r18, 0xCD	; 205
    108e:	3c e2       	ldi	r19, 0x2C	; 44
    1090:	46 e6       	ldi	r20, 0x66	; 102
    1092:	54 e4       	ldi	r21, 0x44	; 68
    1094:	0e 94 19 03 	call	0x632	; 0x632 <__divsf3>
    1098:	dc 01       	movw	r26, r24
    109a:	cb 01       	movw	r24, r22
    109c:	bc 01       	movw	r22, r24
    109e:	cd 01       	movw	r24, r26
    10a0:	20 e0       	ldi	r18, 0x00	; 0
    10a2:	30 e0       	ldi	r19, 0x00	; 0
    10a4:	40 e8       	ldi	r20, 0x80	; 128
    10a6:	50 e4       	ldi	r21, 0x40	; 64
    10a8:	0e 94 1f 02 	call	0x43e	; 0x43e <__mulsf3>
    10ac:	dc 01       	movw	r26, r24
    10ae:	cb 01       	movw	r24, r22
    10b0:	8f 87       	std	Y+15, r24	; 0x0f
    10b2:	98 8b       	std	Y+16, r25	; 0x10
    10b4:	a9 8b       	std	Y+17, r26	; 0x11
    10b6:	ba 8b       	std	Y+18, r27	; 0x12
	 if(g_reset == 1)
    10b8:	80 91 bb 02 	lds	r24, 0x02BB
    10bc:	81 30       	cpi	r24, 0x01	; 1
    10be:	51 f4       	brne	.+20     	; 0x10d4 <VOLTMETER_secondRange+0xa6>
		 {
		 	g_reset =0;
    10c0:	10 92 bb 02 	sts	0x02BB, r1
		 	GPIO_writePin(PORTC_ID, PIN1_ID, LOGIC_LOW);
    10c4:	82 e0       	ldi	r24, 0x02	; 2
    10c6:	61 e0       	ldi	r22, 0x01	; 1
    10c8:	40 e0       	ldi	r20, 0x00	; 0
    10ca:	0e 94 65 25 	call	0x4aca	; 0x4aca <GPIO_writePin>
		 	LCD_clearScreen();
    10ce:	0e 94 62 33 	call	0x66c4	; 0x66c4 <LCD_clearScreen>
    10d2:	8e c0       	rjmp	.+284    	; 0x11f0 <VOLTMETER_secondRange+0x1c2>
		 	break;

		 }

	LCD_floatToString(a_VoltValue);
    10d4:	8f 85       	ldd	r24, Y+15	; 0x0f
    10d6:	98 89       	ldd	r25, Y+16	; 0x10
    10d8:	a9 89       	ldd	r26, Y+17	; 0x11
    10da:	ba 89       	ldd	r27, Y+18	; 0x12
    10dc:	bc 01       	movw	r22, r24
    10de:	cd 01       	movw	r24, r26
    10e0:	0e 94 66 34 	call	0x68cc	; 0x68cc <LCD_floatToString>
	LCD_displayString(" V");
    10e4:	80 e6       	ldi	r24, 0x60	; 96
    10e6:	90 e0       	ldi	r25, 0x00	; 0
    10e8:	0e 94 bf 32 	call	0x657e	; 0x657e <LCD_displayString>
    10ec:	80 e0       	ldi	r24, 0x00	; 0
    10ee:	90 e0       	ldi	r25, 0x00	; 0
    10f0:	aa ef       	ldi	r26, 0xFA	; 250
    10f2:	b3 e4       	ldi	r27, 0x43	; 67
    10f4:	8b 87       	std	Y+11, r24	; 0x0b
    10f6:	9c 87       	std	Y+12, r25	; 0x0c
    10f8:	ad 87       	std	Y+13, r26	; 0x0d
    10fa:	be 87       	std	Y+14, r27	; 0x0e
 */
void
_delay_ms(double __ms)
{
	uint16_t __ticks;
	double __tmp = ((F_CPU) / 4e3) * __ms;
    10fc:	6b 85       	ldd	r22, Y+11	; 0x0b
    10fe:	7c 85       	ldd	r23, Y+12	; 0x0c
    1100:	8d 85       	ldd	r24, Y+13	; 0x0d
    1102:	9e 85       	ldd	r25, Y+14	; 0x0e
    1104:	20 e0       	ldi	r18, 0x00	; 0
    1106:	30 e0       	ldi	r19, 0x00	; 0
    1108:	4a e7       	ldi	r20, 0x7A	; 122
    110a:	53 e4       	ldi	r21, 0x43	; 67
    110c:	0e 94 1f 02 	call	0x43e	; 0x43e <__mulsf3>
    1110:	dc 01       	movw	r26, r24
    1112:	cb 01       	movw	r24, r22
    1114:	8f 83       	std	Y+7, r24	; 0x07
    1116:	98 87       	std	Y+8, r25	; 0x08
    1118:	a9 87       	std	Y+9, r26	; 0x09
    111a:	ba 87       	std	Y+10, r27	; 0x0a
	if (__tmp < 1.0)
    111c:	6f 81       	ldd	r22, Y+7	; 0x07
    111e:	78 85       	ldd	r23, Y+8	; 0x08
    1120:	89 85       	ldd	r24, Y+9	; 0x09
    1122:	9a 85       	ldd	r25, Y+10	; 0x0a
    1124:	20 e0       	ldi	r18, 0x00	; 0
    1126:	30 e0       	ldi	r19, 0x00	; 0
    1128:	40 e8       	ldi	r20, 0x80	; 128
    112a:	5f e3       	ldi	r21, 0x3F	; 63
    112c:	0e 94 25 04 	call	0x84a	; 0x84a <__ltsf2>
    1130:	88 23       	and	r24, r24
    1132:	2c f4       	brge	.+10     	; 0x113e <VOLTMETER_secondRange+0x110>
		__ticks = 1;
    1134:	81 e0       	ldi	r24, 0x01	; 1
    1136:	90 e0       	ldi	r25, 0x00	; 0
    1138:	9e 83       	std	Y+6, r25	; 0x06
    113a:	8d 83       	std	Y+5, r24	; 0x05
    113c:	3f c0       	rjmp	.+126    	; 0x11bc <VOLTMETER_secondRange+0x18e>
	else if (__tmp > 65535)
    113e:	6f 81       	ldd	r22, Y+7	; 0x07
    1140:	78 85       	ldd	r23, Y+8	; 0x08
    1142:	89 85       	ldd	r24, Y+9	; 0x09
    1144:	9a 85       	ldd	r25, Y+10	; 0x0a
    1146:	20 e0       	ldi	r18, 0x00	; 0
    1148:	3f ef       	ldi	r19, 0xFF	; 255
    114a:	4f e7       	ldi	r20, 0x7F	; 127
    114c:	57 e4       	ldi	r21, 0x47	; 71
    114e:	0e 94 c5 03 	call	0x78a	; 0x78a <__gtsf2>
    1152:	18 16       	cp	r1, r24
    1154:	4c f5       	brge	.+82     	; 0x11a8 <VOLTMETER_secondRange+0x17a>
	{
		//	__ticks = requested delay in 1/10 ms
		__ticks = (uint16_t) (__ms * 10.0);
    1156:	6b 85       	ldd	r22, Y+11	; 0x0b
    1158:	7c 85       	ldd	r23, Y+12	; 0x0c
    115a:	8d 85       	ldd	r24, Y+13	; 0x0d
    115c:	9e 85       	ldd	r25, Y+14	; 0x0e
    115e:	20 e0       	ldi	r18, 0x00	; 0
    1160:	30 e0       	ldi	r19, 0x00	; 0
    1162:	40 e2       	ldi	r20, 0x20	; 32
    1164:	51 e4       	ldi	r21, 0x41	; 65
    1166:	0e 94 1f 02 	call	0x43e	; 0x43e <__mulsf3>
    116a:	dc 01       	movw	r26, r24
    116c:	cb 01       	movw	r24, r22
    116e:	bc 01       	movw	r22, r24
    1170:	cd 01       	movw	r24, r26
    1172:	0e 94 49 00 	call	0x92	; 0x92 <__fixunssfsi>
    1176:	dc 01       	movw	r26, r24
    1178:	cb 01       	movw	r24, r22
    117a:	9e 83       	std	Y+6, r25	; 0x06
    117c:	8d 83       	std	Y+5, r24	; 0x05
    117e:	0f c0       	rjmp	.+30     	; 0x119e <VOLTMETER_secondRange+0x170>
    1180:	89 e1       	ldi	r24, 0x19	; 25
    1182:	90 e0       	ldi	r25, 0x00	; 0
    1184:	9c 83       	std	Y+4, r25	; 0x04
    1186:	8b 83       	std	Y+3, r24	; 0x03
    1188:	8b 81       	ldd	r24, Y+3	; 0x03
    118a:	9c 81       	ldd	r25, Y+4	; 0x04
    118c:	01 97       	sbiw	r24, 0x01	; 1
    118e:	f1 f7       	brne	.-4      	; 0x118c <VOLTMETER_secondRange+0x15e>
    1190:	9c 83       	std	Y+4, r25	; 0x04
    1192:	8b 83       	std	Y+3, r24	; 0x03
		while(__ticks)
		{
			// wait 1/10 ms
			_delay_loop_2(((F_CPU) / 4e3) / 10);
			__ticks --;
    1194:	8d 81       	ldd	r24, Y+5	; 0x05
    1196:	9e 81       	ldd	r25, Y+6	; 0x06
    1198:	01 97       	sbiw	r24, 0x01	; 1
    119a:	9e 83       	std	Y+6, r25	; 0x06
    119c:	8d 83       	std	Y+5, r24	; 0x05
		__ticks = 1;
	else if (__tmp > 65535)
	{
		//	__ticks = requested delay in 1/10 ms
		__ticks = (uint16_t) (__ms * 10.0);
		while(__ticks)
    119e:	8d 81       	ldd	r24, Y+5	; 0x05
    11a0:	9e 81       	ldd	r25, Y+6	; 0x06
    11a2:	00 97       	sbiw	r24, 0x00	; 0
    11a4:	69 f7       	brne	.-38     	; 0x1180 <VOLTMETER_secondRange+0x152>
    11a6:	14 c0       	rjmp	.+40     	; 0x11d0 <VOLTMETER_secondRange+0x1a2>
			__ticks --;
		}
		return;
	}
	else
		__ticks = (uint16_t)__tmp;
    11a8:	6f 81       	ldd	r22, Y+7	; 0x07
    11aa:	78 85       	ldd	r23, Y+8	; 0x08
    11ac:	89 85       	ldd	r24, Y+9	; 0x09
    11ae:	9a 85       	ldd	r25, Y+10	; 0x0a
    11b0:	0e 94 49 00 	call	0x92	; 0x92 <__fixunssfsi>
    11b4:	dc 01       	movw	r26, r24
    11b6:	cb 01       	movw	r24, r22
    11b8:	9e 83       	std	Y+6, r25	; 0x06
    11ba:	8d 83       	std	Y+5, r24	; 0x05
    11bc:	8d 81       	ldd	r24, Y+5	; 0x05
    11be:	9e 81       	ldd	r25, Y+6	; 0x06
    11c0:	9a 83       	std	Y+2, r25	; 0x02
    11c2:	89 83       	std	Y+1, r24	; 0x01
    11c4:	89 81       	ldd	r24, Y+1	; 0x01
    11c6:	9a 81       	ldd	r25, Y+2	; 0x02
    11c8:	01 97       	sbiw	r24, 0x01	; 1
    11ca:	f1 f7       	brne	.-4      	; 0x11c8 <VOLTMETER_secondRange+0x19a>
    11cc:	9a 83       	std	Y+2, r25	; 0x02
    11ce:	89 83       	std	Y+1, r24	; 0x01
	_delay_ms(500);
	LCD_clearScreen();
    11d0:	0e 94 62 33 	call	0x66c4	; 0x66c4 <LCD_clearScreen>

	 if(g_reset == 1)
    11d4:	80 91 bb 02 	lds	r24, 0x02BB
    11d8:	81 30       	cpi	r24, 0x01	; 1
    11da:	09 f0       	breq	.+2      	; 0x11de <VOLTMETER_secondRange+0x1b0>
    11dc:	3f cf       	rjmp	.-386    	; 0x105c <VOLTMETER_secondRange+0x2e>
	 {
	 	g_reset =0;
    11de:	10 92 bb 02 	sts	0x02BB, r1
	 	GPIO_writePin(PORTC_ID, PIN1_ID, LOGIC_LOW);
    11e2:	82 e0       	ldi	r24, 0x02	; 2
    11e4:	61 e0       	ldi	r22, 0x01	; 1
    11e6:	40 e0       	ldi	r20, 0x00	; 0
    11e8:	0e 94 65 25 	call	0x4aca	; 0x4aca <GPIO_writePin>
	 	LCD_clearScreen();
    11ec:	0e 94 62 33 	call	0x66c4	; 0x66c4 <LCD_clearScreen>
	 }
	}



}
    11f0:	62 96       	adiw	r28, 0x12	; 18
    11f2:	0f b6       	in	r0, 0x3f	; 63
    11f4:	f8 94       	cli
    11f6:	de bf       	out	0x3e, r29	; 62
    11f8:	0f be       	out	0x3f, r0	; 63
    11fa:	cd bf       	out	0x3d, r28	; 61
    11fc:	cf 91       	pop	r28
    11fe:	df 91       	pop	r29
    1200:	08 95       	ret

00001202 <main>:
void return_init(void);

/***************************** File.main ******************************/

int main(void)
{
    1202:	0f 93       	push	r16
    1204:	1f 93       	push	r17
    1206:	df 93       	push	r29
    1208:	cf 93       	push	r28
    120a:	cd b7       	in	r28, 0x3d	; 61
    120c:	de b7       	in	r29, 0x3e	; 62
    120e:	c1 57       	subi	r28, 0x71	; 113
    1210:	d1 40       	sbci	r29, 0x01	; 1
    1212:	0f b6       	in	r0, 0x3f	; 63
    1214:	f8 94       	cli
    1216:	de bf       	out	0x3e, r29	; 62
    1218:	0f be       	out	0x3f, r0	; 63
    121a:	cd bf       	out	0x3d, r28	; 61
	/* Variable used by Keypad*/
	uint8 keyPressed,firstEnteryMenu=1,firstEnteryVoltmeter=1,firstEnteryAmmeter=1,firstEnteryOhmmeter=1;
    121c:	fe 01       	movw	r30, r28
    121e:	ee 59       	subi	r30, 0x9E	; 158
    1220:	fe 4f       	sbci	r31, 0xFE	; 254
    1222:	81 e0       	ldi	r24, 0x01	; 1
    1224:	80 83       	st	Z, r24
    1226:	fe 01       	movw	r30, r28
    1228:	ef 59       	subi	r30, 0x9F	; 159
    122a:	fe 4f       	sbci	r31, 0xFE	; 254
    122c:	81 e0       	ldi	r24, 0x01	; 1
    122e:	80 83       	st	Z, r24
    1230:	fe 01       	movw	r30, r28
    1232:	e0 5a       	subi	r30, 0xA0	; 160
    1234:	fe 4f       	sbci	r31, 0xFE	; 254
    1236:	81 e0       	ldi	r24, 0x01	; 1
    1238:	80 83       	st	Z, r24
    123a:	fe 01       	movw	r30, r28
    123c:	e1 5a       	subi	r30, 0xA1	; 161
    123e:	fe 4f       	sbci	r31, 0xFE	; 254
    1240:	81 e0       	ldi	r24, 0x01	; 1
    1242:	80 83       	st	Z, r24
	/*Configuration of ADC*/
	ADC_ConfigType attributes = {ADC_AVCC,ADC_F_CPUOVER_4};
    1244:	fe 01       	movw	r30, r28
    1246:	ec 59       	subi	r30, 0x9C	; 156
    1248:	fe 4f       	sbci	r31, 0xFE	; 254
    124a:	81 e0       	ldi	r24, 0x01	; 1
    124c:	80 83       	st	Z, r24
    124e:	fe 01       	movw	r30, r28
    1250:	ec 59       	subi	r30, 0x9C	; 156
    1252:	fe 4f       	sbci	r31, 0xFE	; 254
    1254:	82 e0       	ldi	r24, 0x02	; 2
    1256:	81 83       	std	Z+1, r24	; 0x01
	/* Enabling the Global Variable enable to trigger an interrupt by Button*/
	SREG|=1<<7;
    1258:	af e5       	ldi	r26, 0x5F	; 95
    125a:	b0 e0       	ldi	r27, 0x00	; 0
    125c:	ef e5       	ldi	r30, 0x5F	; 95
    125e:	f0 e0       	ldi	r31, 0x00	; 0
    1260:	80 81       	ld	r24, Z
    1262:	80 68       	ori	r24, 0x80	; 128
    1264:	8c 93       	st	X, r24
	/*Setting the Power pin as an output pin*/
	GPIO_setupPinDirection(PORTC_ID, PIN0_ID, PIN_OUTPUT);
    1266:	82 e0       	ldi	r24, 0x02	; 2
    1268:	60 e0       	ldi	r22, 0x00	; 0
    126a:	41 e0       	ldi	r20, 0x01	; 1
    126c:	0e 94 6b 24 	call	0x48d6	; 0x48d6 <GPIO_setupPinDirection>

/******************Initialization*************************/
	LCD_init();
    1270:	0e 94 7d 2a 	call	0x54fa	; 0x54fa <LCD_init>
	KEYPAD_init();
    1274:	0e 94 56 28 	call	0x50ac	; 0x50ac <KEYPAD_init>
	return_init();
    1278:	0e 94 2c 1d 	call	0x3a58	; 0x3a58 <return_init>
	ADC_init(&attributes);
    127c:	ce 01       	movw	r24, r28
    127e:	8c 59       	subi	r24, 0x9C	; 156
    1280:	9e 4f       	sbci	r25, 0xFE	; 254
    1282:	0e 94 7e 1d 	call	0x3afc	; 0x3afc <ADC_init>
	AMMETER_init();
    1286:	0e 94 00 1e 	call	0x3c00	; 0x3c00 <AMMETER_init>
	VOLTMETER_init();
    128a:	0e 94 17 07 	call	0xe2e	; 0xe2e <VOLTMETER_init>
	OHMMETER_init();
    128e:	0e 94 a5 20 	call	0x414a	; 0x414a <OHMMETER_init>

	/**********************************************************************
	 *                     Entery to the System		                      *
	 **********************************************************************/
			GPIO_writePin(PORTC_ID, PIN0_ID,LOGIC_HIGH);
    1292:	82 e0       	ldi	r24, 0x02	; 2
    1294:	60 e0       	ldi	r22, 0x00	; 0
    1296:	41 e0       	ldi	r20, 0x01	; 1
    1298:	0e 94 65 25 	call	0x4aca	; 0x4aca <GPIO_writePin>
			LCD_moveCursor(1, 1);
    129c:	81 e0       	ldi	r24, 0x01	; 1
    129e:	61 e0       	ldi	r22, 0x01	; 1
    12a0:	0e 94 e2 32 	call	0x65c4	; 0x65c4 <LCD_moveCursor>
			LCD_displayString("Welcome to Dmm");
    12a4:	83 e6       	ldi	r24, 0x63	; 99
    12a6:	90 e0       	ldi	r25, 0x00	; 0
    12a8:	0e 94 bf 32 	call	0x657e	; 0x657e <LCD_displayString>
    12ac:	fe 01       	movw	r30, r28
    12ae:	e5 5a       	subi	r30, 0xA5	; 165
    12b0:	fe 4f       	sbci	r31, 0xFE	; 254
    12b2:	80 e0       	ldi	r24, 0x00	; 0
    12b4:	90 e0       	ldi	r25, 0x00	; 0
    12b6:	aa ef       	ldi	r26, 0xFA	; 250
    12b8:	b3 e4       	ldi	r27, 0x43	; 67
    12ba:	80 83       	st	Z, r24
    12bc:	91 83       	std	Z+1, r25	; 0x01
    12be:	a2 83       	std	Z+2, r26	; 0x02
    12c0:	b3 83       	std	Z+3, r27	; 0x03
 */
void
_delay_ms(double __ms)
{
	uint16_t __ticks;
	double __tmp = ((F_CPU) / 4e3) * __ms;
    12c2:	8e 01       	movw	r16, r28
    12c4:	09 5a       	subi	r16, 0xA9	; 169
    12c6:	1e 4f       	sbci	r17, 0xFE	; 254
    12c8:	fe 01       	movw	r30, r28
    12ca:	e5 5a       	subi	r30, 0xA5	; 165
    12cc:	fe 4f       	sbci	r31, 0xFE	; 254
    12ce:	60 81       	ld	r22, Z
    12d0:	71 81       	ldd	r23, Z+1	; 0x01
    12d2:	82 81       	ldd	r24, Z+2	; 0x02
    12d4:	93 81       	ldd	r25, Z+3	; 0x03
    12d6:	20 e0       	ldi	r18, 0x00	; 0
    12d8:	30 e0       	ldi	r19, 0x00	; 0
    12da:	4a e7       	ldi	r20, 0x7A	; 122
    12dc:	53 e4       	ldi	r21, 0x43	; 67
    12de:	0e 94 1f 02 	call	0x43e	; 0x43e <__mulsf3>
    12e2:	dc 01       	movw	r26, r24
    12e4:	cb 01       	movw	r24, r22
    12e6:	f8 01       	movw	r30, r16
    12e8:	80 83       	st	Z, r24
    12ea:	91 83       	std	Z+1, r25	; 0x01
    12ec:	a2 83       	std	Z+2, r26	; 0x02
    12ee:	b3 83       	std	Z+3, r27	; 0x03
	if (__tmp < 1.0)
    12f0:	fe 01       	movw	r30, r28
    12f2:	e9 5a       	subi	r30, 0xA9	; 169
    12f4:	fe 4f       	sbci	r31, 0xFE	; 254
    12f6:	60 81       	ld	r22, Z
    12f8:	71 81       	ldd	r23, Z+1	; 0x01
    12fa:	82 81       	ldd	r24, Z+2	; 0x02
    12fc:	93 81       	ldd	r25, Z+3	; 0x03
    12fe:	20 e0       	ldi	r18, 0x00	; 0
    1300:	30 e0       	ldi	r19, 0x00	; 0
    1302:	40 e8       	ldi	r20, 0x80	; 128
    1304:	5f e3       	ldi	r21, 0x3F	; 63
    1306:	0e 94 25 04 	call	0x84a	; 0x84a <__ltsf2>
    130a:	88 23       	and	r24, r24
    130c:	44 f4       	brge	.+16     	; 0x131e <main+0x11c>
		__ticks = 1;
    130e:	fe 01       	movw	r30, r28
    1310:	eb 5a       	subi	r30, 0xAB	; 171
    1312:	fe 4f       	sbci	r31, 0xFE	; 254
    1314:	81 e0       	ldi	r24, 0x01	; 1
    1316:	90 e0       	ldi	r25, 0x00	; 0
    1318:	91 83       	std	Z+1, r25	; 0x01
    131a:	80 83       	st	Z, r24
    131c:	64 c0       	rjmp	.+200    	; 0x13e6 <main+0x1e4>
	else if (__tmp > 65535)
    131e:	fe 01       	movw	r30, r28
    1320:	e9 5a       	subi	r30, 0xA9	; 169
    1322:	fe 4f       	sbci	r31, 0xFE	; 254
    1324:	60 81       	ld	r22, Z
    1326:	71 81       	ldd	r23, Z+1	; 0x01
    1328:	82 81       	ldd	r24, Z+2	; 0x02
    132a:	93 81       	ldd	r25, Z+3	; 0x03
    132c:	20 e0       	ldi	r18, 0x00	; 0
    132e:	3f ef       	ldi	r19, 0xFF	; 255
    1330:	4f e7       	ldi	r20, 0x7F	; 127
    1332:	57 e4       	ldi	r21, 0x47	; 71
    1334:	0e 94 c5 03 	call	0x78a	; 0x78a <__gtsf2>
    1338:	18 16       	cp	r1, r24
    133a:	0c f0       	brlt	.+2      	; 0x133e <main+0x13c>
    133c:	43 c0       	rjmp	.+134    	; 0x13c4 <main+0x1c2>
	{
		//	__ticks = requested delay in 1/10 ms
		__ticks = (uint16_t) (__ms * 10.0);
    133e:	fe 01       	movw	r30, r28
    1340:	e5 5a       	subi	r30, 0xA5	; 165
    1342:	fe 4f       	sbci	r31, 0xFE	; 254
    1344:	60 81       	ld	r22, Z
    1346:	71 81       	ldd	r23, Z+1	; 0x01
    1348:	82 81       	ldd	r24, Z+2	; 0x02
    134a:	93 81       	ldd	r25, Z+3	; 0x03
    134c:	20 e0       	ldi	r18, 0x00	; 0
    134e:	30 e0       	ldi	r19, 0x00	; 0
    1350:	40 e2       	ldi	r20, 0x20	; 32
    1352:	51 e4       	ldi	r21, 0x41	; 65
    1354:	0e 94 1f 02 	call	0x43e	; 0x43e <__mulsf3>
    1358:	dc 01       	movw	r26, r24
    135a:	cb 01       	movw	r24, r22
    135c:	8e 01       	movw	r16, r28
    135e:	0b 5a       	subi	r16, 0xAB	; 171
    1360:	1e 4f       	sbci	r17, 0xFE	; 254
    1362:	bc 01       	movw	r22, r24
    1364:	cd 01       	movw	r24, r26
    1366:	0e 94 49 00 	call	0x92	; 0x92 <__fixunssfsi>
    136a:	dc 01       	movw	r26, r24
    136c:	cb 01       	movw	r24, r22
    136e:	f8 01       	movw	r30, r16
    1370:	91 83       	std	Z+1, r25	; 0x01
    1372:	80 83       	st	Z, r24
    1374:	1f c0       	rjmp	.+62     	; 0x13b4 <main+0x1b2>
    1376:	fe 01       	movw	r30, r28
    1378:	ed 5a       	subi	r30, 0xAD	; 173
    137a:	fe 4f       	sbci	r31, 0xFE	; 254
    137c:	89 e1       	ldi	r24, 0x19	; 25
    137e:	90 e0       	ldi	r25, 0x00	; 0
    1380:	91 83       	std	Z+1, r25	; 0x01
    1382:	80 83       	st	Z, r24
    1384:	fe 01       	movw	r30, r28
    1386:	ed 5a       	subi	r30, 0xAD	; 173
    1388:	fe 4f       	sbci	r31, 0xFE	; 254
    138a:	80 81       	ld	r24, Z
    138c:	91 81       	ldd	r25, Z+1	; 0x01
    138e:	01 97       	sbiw	r24, 0x01	; 1
    1390:	f1 f7       	brne	.-4      	; 0x138e <main+0x18c>
    1392:	fe 01       	movw	r30, r28
    1394:	ed 5a       	subi	r30, 0xAD	; 173
    1396:	fe 4f       	sbci	r31, 0xFE	; 254
    1398:	91 83       	std	Z+1, r25	; 0x01
    139a:	80 83       	st	Z, r24
		while(__ticks)
		{
			// wait 1/10 ms
			_delay_loop_2(((F_CPU) / 4e3) / 10);
			__ticks --;
    139c:	de 01       	movw	r26, r28
    139e:	ab 5a       	subi	r26, 0xAB	; 171
    13a0:	be 4f       	sbci	r27, 0xFE	; 254
    13a2:	fe 01       	movw	r30, r28
    13a4:	eb 5a       	subi	r30, 0xAB	; 171
    13a6:	fe 4f       	sbci	r31, 0xFE	; 254
    13a8:	80 81       	ld	r24, Z
    13aa:	91 81       	ldd	r25, Z+1	; 0x01
    13ac:	01 97       	sbiw	r24, 0x01	; 1
    13ae:	11 96       	adiw	r26, 0x01	; 1
    13b0:	9c 93       	st	X, r25
    13b2:	8e 93       	st	-X, r24
		__ticks = 1;
	else if (__tmp > 65535)
	{
		//	__ticks = requested delay in 1/10 ms
		__ticks = (uint16_t) (__ms * 10.0);
		while(__ticks)
    13b4:	fe 01       	movw	r30, r28
    13b6:	eb 5a       	subi	r30, 0xAB	; 171
    13b8:	fe 4f       	sbci	r31, 0xFE	; 254
    13ba:	80 81       	ld	r24, Z
    13bc:	91 81       	ldd	r25, Z+1	; 0x01
    13be:	00 97       	sbiw	r24, 0x00	; 0
    13c0:	d1 f6       	brne	.-76     	; 0x1376 <main+0x174>
    13c2:	27 c0       	rjmp	.+78     	; 0x1412 <main+0x210>
			__ticks --;
		}
		return;
	}
	else
		__ticks = (uint16_t)__tmp;
    13c4:	8e 01       	movw	r16, r28
    13c6:	0b 5a       	subi	r16, 0xAB	; 171
    13c8:	1e 4f       	sbci	r17, 0xFE	; 254
    13ca:	fe 01       	movw	r30, r28
    13cc:	e9 5a       	subi	r30, 0xA9	; 169
    13ce:	fe 4f       	sbci	r31, 0xFE	; 254
    13d0:	60 81       	ld	r22, Z
    13d2:	71 81       	ldd	r23, Z+1	; 0x01
    13d4:	82 81       	ldd	r24, Z+2	; 0x02
    13d6:	93 81       	ldd	r25, Z+3	; 0x03
    13d8:	0e 94 49 00 	call	0x92	; 0x92 <__fixunssfsi>
    13dc:	dc 01       	movw	r26, r24
    13de:	cb 01       	movw	r24, r22
    13e0:	f8 01       	movw	r30, r16
    13e2:	91 83       	std	Z+1, r25	; 0x01
    13e4:	80 83       	st	Z, r24
    13e6:	de 01       	movw	r26, r28
    13e8:	af 5a       	subi	r26, 0xAF	; 175
    13ea:	be 4f       	sbci	r27, 0xFE	; 254
    13ec:	fe 01       	movw	r30, r28
    13ee:	eb 5a       	subi	r30, 0xAB	; 171
    13f0:	fe 4f       	sbci	r31, 0xFE	; 254
    13f2:	80 81       	ld	r24, Z
    13f4:	91 81       	ldd	r25, Z+1	; 0x01
    13f6:	8d 93       	st	X+, r24
    13f8:	9c 93       	st	X, r25
    13fa:	fe 01       	movw	r30, r28
    13fc:	ef 5a       	subi	r30, 0xAF	; 175
    13fe:	fe 4f       	sbci	r31, 0xFE	; 254
    1400:	80 81       	ld	r24, Z
    1402:	91 81       	ldd	r25, Z+1	; 0x01
    1404:	01 97       	sbiw	r24, 0x01	; 1
    1406:	f1 f7       	brne	.-4      	; 0x1404 <main+0x202>
    1408:	fe 01       	movw	r30, r28
    140a:	ef 5a       	subi	r30, 0xAF	; 175
    140c:	fe 4f       	sbci	r31, 0xFE	; 254
    140e:	91 83       	std	Z+1, r25	; 0x01
    1410:	80 83       	st	Z, r24
			_delay_ms(500);
			LCD_clearScreen();
    1412:	0e 94 62 33 	call	0x66c4	; 0x66c4 <LCD_clearScreen>
{

	 /**********************************************************************
	 *                  Choosing the Circuit	                           *
	 **********************************************************************/
	   LCD_moveCursor(1, 1);
    1416:	81 e0       	ldi	r24, 0x01	; 1
    1418:	61 e0       	ldi	r22, 0x01	; 1
    141a:	0e 94 e2 32 	call	0x65c4	; 0x65c4 <LCD_moveCursor>
	   LCD_displayString("Please sel a ");
    141e:	82 e7       	ldi	r24, 0x72	; 114
    1420:	90 e0       	ldi	r25, 0x00	; 0
    1422:	0e 94 bf 32 	call	0x657e	; 0x657e <LCD_displayString>
	   LCD_moveCursor(2, 1);
    1426:	82 e0       	ldi	r24, 0x02	; 2
    1428:	61 e0       	ldi	r22, 0x01	; 1
    142a:	0e 94 e2 32 	call	0x65c4	; 0x65c4 <LCD_moveCursor>
	   LCD_displayString("value to meas.");
    142e:	80 e8       	ldi	r24, 0x80	; 128
    1430:	90 e0       	ldi	r25, 0x00	; 0
    1432:	0e 94 bf 32 	call	0x657e	; 0x657e <LCD_displayString>
    1436:	fe 01       	movw	r30, r28
    1438:	e3 5b       	subi	r30, 0xB3	; 179
    143a:	fe 4f       	sbci	r31, 0xFE	; 254
    143c:	80 e0       	ldi	r24, 0x00	; 0
    143e:	90 e0       	ldi	r25, 0x00	; 0
    1440:	aa ef       	ldi	r26, 0xFA	; 250
    1442:	b3 e4       	ldi	r27, 0x43	; 67
    1444:	80 83       	st	Z, r24
    1446:	91 83       	std	Z+1, r25	; 0x01
    1448:	a2 83       	std	Z+2, r26	; 0x02
    144a:	b3 83       	std	Z+3, r27	; 0x03
 */
void
_delay_ms(double __ms)
{
	uint16_t __ticks;
	double __tmp = ((F_CPU) / 4e3) * __ms;
    144c:	8e 01       	movw	r16, r28
    144e:	07 5b       	subi	r16, 0xB7	; 183
    1450:	1e 4f       	sbci	r17, 0xFE	; 254
    1452:	fe 01       	movw	r30, r28
    1454:	e3 5b       	subi	r30, 0xB3	; 179
    1456:	fe 4f       	sbci	r31, 0xFE	; 254
    1458:	60 81       	ld	r22, Z
    145a:	71 81       	ldd	r23, Z+1	; 0x01
    145c:	82 81       	ldd	r24, Z+2	; 0x02
    145e:	93 81       	ldd	r25, Z+3	; 0x03
    1460:	20 e0       	ldi	r18, 0x00	; 0
    1462:	30 e0       	ldi	r19, 0x00	; 0
    1464:	4a e7       	ldi	r20, 0x7A	; 122
    1466:	53 e4       	ldi	r21, 0x43	; 67
    1468:	0e 94 1f 02 	call	0x43e	; 0x43e <__mulsf3>
    146c:	dc 01       	movw	r26, r24
    146e:	cb 01       	movw	r24, r22
    1470:	f8 01       	movw	r30, r16
    1472:	80 83       	st	Z, r24
    1474:	91 83       	std	Z+1, r25	; 0x01
    1476:	a2 83       	std	Z+2, r26	; 0x02
    1478:	b3 83       	std	Z+3, r27	; 0x03
	if (__tmp < 1.0)
    147a:	fe 01       	movw	r30, r28
    147c:	e7 5b       	subi	r30, 0xB7	; 183
    147e:	fe 4f       	sbci	r31, 0xFE	; 254
    1480:	60 81       	ld	r22, Z
    1482:	71 81       	ldd	r23, Z+1	; 0x01
    1484:	82 81       	ldd	r24, Z+2	; 0x02
    1486:	93 81       	ldd	r25, Z+3	; 0x03
    1488:	20 e0       	ldi	r18, 0x00	; 0
    148a:	30 e0       	ldi	r19, 0x00	; 0
    148c:	40 e8       	ldi	r20, 0x80	; 128
    148e:	5f e3       	ldi	r21, 0x3F	; 63
    1490:	0e 94 25 04 	call	0x84a	; 0x84a <__ltsf2>
    1494:	88 23       	and	r24, r24
    1496:	44 f4       	brge	.+16     	; 0x14a8 <main+0x2a6>
		__ticks = 1;
    1498:	fe 01       	movw	r30, r28
    149a:	e9 5b       	subi	r30, 0xB9	; 185
    149c:	fe 4f       	sbci	r31, 0xFE	; 254
    149e:	81 e0       	ldi	r24, 0x01	; 1
    14a0:	90 e0       	ldi	r25, 0x00	; 0
    14a2:	91 83       	std	Z+1, r25	; 0x01
    14a4:	80 83       	st	Z, r24
    14a6:	64 c0       	rjmp	.+200    	; 0x1570 <main+0x36e>
	else if (__tmp > 65535)
    14a8:	fe 01       	movw	r30, r28
    14aa:	e7 5b       	subi	r30, 0xB7	; 183
    14ac:	fe 4f       	sbci	r31, 0xFE	; 254
    14ae:	60 81       	ld	r22, Z
    14b0:	71 81       	ldd	r23, Z+1	; 0x01
    14b2:	82 81       	ldd	r24, Z+2	; 0x02
    14b4:	93 81       	ldd	r25, Z+3	; 0x03
    14b6:	20 e0       	ldi	r18, 0x00	; 0
    14b8:	3f ef       	ldi	r19, 0xFF	; 255
    14ba:	4f e7       	ldi	r20, 0x7F	; 127
    14bc:	57 e4       	ldi	r21, 0x47	; 71
    14be:	0e 94 c5 03 	call	0x78a	; 0x78a <__gtsf2>
    14c2:	18 16       	cp	r1, r24
    14c4:	0c f0       	brlt	.+2      	; 0x14c8 <main+0x2c6>
    14c6:	43 c0       	rjmp	.+134    	; 0x154e <main+0x34c>
	{
		//	__ticks = requested delay in 1/10 ms
		__ticks = (uint16_t) (__ms * 10.0);
    14c8:	fe 01       	movw	r30, r28
    14ca:	e3 5b       	subi	r30, 0xB3	; 179
    14cc:	fe 4f       	sbci	r31, 0xFE	; 254
    14ce:	60 81       	ld	r22, Z
    14d0:	71 81       	ldd	r23, Z+1	; 0x01
    14d2:	82 81       	ldd	r24, Z+2	; 0x02
    14d4:	93 81       	ldd	r25, Z+3	; 0x03
    14d6:	20 e0       	ldi	r18, 0x00	; 0
    14d8:	30 e0       	ldi	r19, 0x00	; 0
    14da:	40 e2       	ldi	r20, 0x20	; 32
    14dc:	51 e4       	ldi	r21, 0x41	; 65
    14de:	0e 94 1f 02 	call	0x43e	; 0x43e <__mulsf3>
    14e2:	dc 01       	movw	r26, r24
    14e4:	cb 01       	movw	r24, r22
    14e6:	8e 01       	movw	r16, r28
    14e8:	09 5b       	subi	r16, 0xB9	; 185
    14ea:	1e 4f       	sbci	r17, 0xFE	; 254
    14ec:	bc 01       	movw	r22, r24
    14ee:	cd 01       	movw	r24, r26
    14f0:	0e 94 49 00 	call	0x92	; 0x92 <__fixunssfsi>
    14f4:	dc 01       	movw	r26, r24
    14f6:	cb 01       	movw	r24, r22
    14f8:	f8 01       	movw	r30, r16
    14fa:	91 83       	std	Z+1, r25	; 0x01
    14fc:	80 83       	st	Z, r24
    14fe:	1f c0       	rjmp	.+62     	; 0x153e <main+0x33c>
    1500:	fe 01       	movw	r30, r28
    1502:	eb 5b       	subi	r30, 0xBB	; 187
    1504:	fe 4f       	sbci	r31, 0xFE	; 254
    1506:	89 e1       	ldi	r24, 0x19	; 25
    1508:	90 e0       	ldi	r25, 0x00	; 0
    150a:	91 83       	std	Z+1, r25	; 0x01
    150c:	80 83       	st	Z, r24
    150e:	fe 01       	movw	r30, r28
    1510:	eb 5b       	subi	r30, 0xBB	; 187
    1512:	fe 4f       	sbci	r31, 0xFE	; 254
    1514:	80 81       	ld	r24, Z
    1516:	91 81       	ldd	r25, Z+1	; 0x01
    1518:	01 97       	sbiw	r24, 0x01	; 1
    151a:	f1 f7       	brne	.-4      	; 0x1518 <main+0x316>
    151c:	fe 01       	movw	r30, r28
    151e:	eb 5b       	subi	r30, 0xBB	; 187
    1520:	fe 4f       	sbci	r31, 0xFE	; 254
    1522:	91 83       	std	Z+1, r25	; 0x01
    1524:	80 83       	st	Z, r24
		while(__ticks)
		{
			// wait 1/10 ms
			_delay_loop_2(((F_CPU) / 4e3) / 10);
			__ticks --;
    1526:	de 01       	movw	r26, r28
    1528:	a9 5b       	subi	r26, 0xB9	; 185
    152a:	be 4f       	sbci	r27, 0xFE	; 254
    152c:	fe 01       	movw	r30, r28
    152e:	e9 5b       	subi	r30, 0xB9	; 185
    1530:	fe 4f       	sbci	r31, 0xFE	; 254
    1532:	80 81       	ld	r24, Z
    1534:	91 81       	ldd	r25, Z+1	; 0x01
    1536:	01 97       	sbiw	r24, 0x01	; 1
    1538:	11 96       	adiw	r26, 0x01	; 1
    153a:	9c 93       	st	X, r25
    153c:	8e 93       	st	-X, r24
		__ticks = 1;
	else if (__tmp > 65535)
	{
		//	__ticks = requested delay in 1/10 ms
		__ticks = (uint16_t) (__ms * 10.0);
		while(__ticks)
    153e:	fe 01       	movw	r30, r28
    1540:	e9 5b       	subi	r30, 0xB9	; 185
    1542:	fe 4f       	sbci	r31, 0xFE	; 254
    1544:	80 81       	ld	r24, Z
    1546:	91 81       	ldd	r25, Z+1	; 0x01
    1548:	00 97       	sbiw	r24, 0x00	; 0
    154a:	d1 f6       	brne	.-76     	; 0x1500 <main+0x2fe>
    154c:	27 c0       	rjmp	.+78     	; 0x159c <main+0x39a>
			__ticks --;
		}
		return;
	}
	else
		__ticks = (uint16_t)__tmp;
    154e:	8e 01       	movw	r16, r28
    1550:	09 5b       	subi	r16, 0xB9	; 185
    1552:	1e 4f       	sbci	r17, 0xFE	; 254
    1554:	fe 01       	movw	r30, r28
    1556:	e7 5b       	subi	r30, 0xB7	; 183
    1558:	fe 4f       	sbci	r31, 0xFE	; 254
    155a:	60 81       	ld	r22, Z
    155c:	71 81       	ldd	r23, Z+1	; 0x01
    155e:	82 81       	ldd	r24, Z+2	; 0x02
    1560:	93 81       	ldd	r25, Z+3	; 0x03
    1562:	0e 94 49 00 	call	0x92	; 0x92 <__fixunssfsi>
    1566:	dc 01       	movw	r26, r24
    1568:	cb 01       	movw	r24, r22
    156a:	f8 01       	movw	r30, r16
    156c:	91 83       	std	Z+1, r25	; 0x01
    156e:	80 83       	st	Z, r24
    1570:	de 01       	movw	r26, r28
    1572:	ad 5b       	subi	r26, 0xBD	; 189
    1574:	be 4f       	sbci	r27, 0xFE	; 254
    1576:	fe 01       	movw	r30, r28
    1578:	e9 5b       	subi	r30, 0xB9	; 185
    157a:	fe 4f       	sbci	r31, 0xFE	; 254
    157c:	80 81       	ld	r24, Z
    157e:	91 81       	ldd	r25, Z+1	; 0x01
    1580:	8d 93       	st	X+, r24
    1582:	9c 93       	st	X, r25
    1584:	fe 01       	movw	r30, r28
    1586:	ed 5b       	subi	r30, 0xBD	; 189
    1588:	fe 4f       	sbci	r31, 0xFE	; 254
    158a:	80 81       	ld	r24, Z
    158c:	91 81       	ldd	r25, Z+1	; 0x01
    158e:	01 97       	sbiw	r24, 0x01	; 1
    1590:	f1 f7       	brne	.-4      	; 0x158e <main+0x38c>
    1592:	fe 01       	movw	r30, r28
    1594:	ed 5b       	subi	r30, 0xBD	; 189
    1596:	fe 4f       	sbci	r31, 0xFE	; 254
    1598:	91 83       	std	Z+1, r25	; 0x01
    159a:	80 83       	st	Z, r24
	   _delay_ms(500);
	   LCD_clearScreen();
    159c:	0e 94 62 33 	call	0x66c4	; 0x66c4 <LCD_clearScreen>
	{

	 /**********************************************************************
	 *             	    Case if user entered a wrong number                *
	 **********************************************************************/
	if(!firstEnteryMenu)
    15a0:	fe 01       	movw	r30, r28
    15a2:	ee 59       	subi	r30, 0x9E	; 158
    15a4:	fe 4f       	sbci	r31, 0xFE	; 254
    15a6:	80 81       	ld	r24, Z
    15a8:	88 23       	and	r24, r24
    15aa:	09 f0       	breq	.+2      	; 0x15ae <main+0x3ac>
    15ac:	c7 c0       	rjmp	.+398    	; 0x173c <main+0x53a>
	 {
	   LCD_clearScreen();
    15ae:	0e 94 62 33 	call	0x66c4	; 0x66c4 <LCD_clearScreen>
	   LCD_moveCursor(1, 1);
    15b2:	81 e0       	ldi	r24, 0x01	; 1
    15b4:	61 e0       	ldi	r22, 0x01	; 1
    15b6:	0e 94 e2 32 	call	0x65c4	; 0x65c4 <LCD_moveCursor>
	   LCD_displayString("Please Press on");
    15ba:	8f e8       	ldi	r24, 0x8F	; 143
    15bc:	90 e0       	ldi	r25, 0x00	; 0
    15be:	0e 94 bf 32 	call	0x657e	; 0x657e <LCD_displayString>
	   LCD_moveCursor(2, 1);
    15c2:	82 e0       	ldi	r24, 0x02	; 2
    15c4:	61 e0       	ldi	r22, 0x01	; 1
    15c6:	0e 94 e2 32 	call	0x65c4	; 0x65c4 <LCD_moveCursor>
	   LCD_displayString("One of Av Circ.");
    15ca:	8f e9       	ldi	r24, 0x9F	; 159
    15cc:	90 e0       	ldi	r25, 0x00	; 0
    15ce:	0e 94 bf 32 	call	0x657e	; 0x657e <LCD_displayString>
    15d2:	fe 01       	movw	r30, r28
    15d4:	e1 5c       	subi	r30, 0xC1	; 193
    15d6:	fe 4f       	sbci	r31, 0xFE	; 254
    15d8:	80 e0       	ldi	r24, 0x00	; 0
    15da:	90 e0       	ldi	r25, 0x00	; 0
    15dc:	aa ef       	ldi	r26, 0xFA	; 250
    15de:	b3 e4       	ldi	r27, 0x43	; 67
    15e0:	80 83       	st	Z, r24
    15e2:	91 83       	std	Z+1, r25	; 0x01
    15e4:	a2 83       	std	Z+2, r26	; 0x02
    15e6:	b3 83       	std	Z+3, r27	; 0x03
 */
void
_delay_ms(double __ms)
{
	uint16_t __ticks;
	double __tmp = ((F_CPU) / 4e3) * __ms;
    15e8:	8e 01       	movw	r16, r28
    15ea:	05 5c       	subi	r16, 0xC5	; 197
    15ec:	1e 4f       	sbci	r17, 0xFE	; 254
    15ee:	fe 01       	movw	r30, r28
    15f0:	e1 5c       	subi	r30, 0xC1	; 193
    15f2:	fe 4f       	sbci	r31, 0xFE	; 254
    15f4:	60 81       	ld	r22, Z
    15f6:	71 81       	ldd	r23, Z+1	; 0x01
    15f8:	82 81       	ldd	r24, Z+2	; 0x02
    15fa:	93 81       	ldd	r25, Z+3	; 0x03
    15fc:	20 e0       	ldi	r18, 0x00	; 0
    15fe:	30 e0       	ldi	r19, 0x00	; 0
    1600:	4a e7       	ldi	r20, 0x7A	; 122
    1602:	53 e4       	ldi	r21, 0x43	; 67
    1604:	0e 94 1f 02 	call	0x43e	; 0x43e <__mulsf3>
    1608:	dc 01       	movw	r26, r24
    160a:	cb 01       	movw	r24, r22
    160c:	f8 01       	movw	r30, r16
    160e:	80 83       	st	Z, r24
    1610:	91 83       	std	Z+1, r25	; 0x01
    1612:	a2 83       	std	Z+2, r26	; 0x02
    1614:	b3 83       	std	Z+3, r27	; 0x03
	if (__tmp < 1.0)
    1616:	fe 01       	movw	r30, r28
    1618:	e5 5c       	subi	r30, 0xC5	; 197
    161a:	fe 4f       	sbci	r31, 0xFE	; 254
    161c:	60 81       	ld	r22, Z
    161e:	71 81       	ldd	r23, Z+1	; 0x01
    1620:	82 81       	ldd	r24, Z+2	; 0x02
    1622:	93 81       	ldd	r25, Z+3	; 0x03
    1624:	20 e0       	ldi	r18, 0x00	; 0
    1626:	30 e0       	ldi	r19, 0x00	; 0
    1628:	40 e8       	ldi	r20, 0x80	; 128
    162a:	5f e3       	ldi	r21, 0x3F	; 63
    162c:	0e 94 25 04 	call	0x84a	; 0x84a <__ltsf2>
    1630:	88 23       	and	r24, r24
    1632:	44 f4       	brge	.+16     	; 0x1644 <main+0x442>
		__ticks = 1;
    1634:	fe 01       	movw	r30, r28
    1636:	e7 5c       	subi	r30, 0xC7	; 199
    1638:	fe 4f       	sbci	r31, 0xFE	; 254
    163a:	81 e0       	ldi	r24, 0x01	; 1
    163c:	90 e0       	ldi	r25, 0x00	; 0
    163e:	91 83       	std	Z+1, r25	; 0x01
    1640:	80 83       	st	Z, r24
    1642:	64 c0       	rjmp	.+200    	; 0x170c <main+0x50a>
	else if (__tmp > 65535)
    1644:	fe 01       	movw	r30, r28
    1646:	e5 5c       	subi	r30, 0xC5	; 197
    1648:	fe 4f       	sbci	r31, 0xFE	; 254
    164a:	60 81       	ld	r22, Z
    164c:	71 81       	ldd	r23, Z+1	; 0x01
    164e:	82 81       	ldd	r24, Z+2	; 0x02
    1650:	93 81       	ldd	r25, Z+3	; 0x03
    1652:	20 e0       	ldi	r18, 0x00	; 0
    1654:	3f ef       	ldi	r19, 0xFF	; 255
    1656:	4f e7       	ldi	r20, 0x7F	; 127
    1658:	57 e4       	ldi	r21, 0x47	; 71
    165a:	0e 94 c5 03 	call	0x78a	; 0x78a <__gtsf2>
    165e:	18 16       	cp	r1, r24
    1660:	0c f0       	brlt	.+2      	; 0x1664 <main+0x462>
    1662:	43 c0       	rjmp	.+134    	; 0x16ea <main+0x4e8>
	{
		//	__ticks = requested delay in 1/10 ms
		__ticks = (uint16_t) (__ms * 10.0);
    1664:	fe 01       	movw	r30, r28
    1666:	e1 5c       	subi	r30, 0xC1	; 193
    1668:	fe 4f       	sbci	r31, 0xFE	; 254
    166a:	60 81       	ld	r22, Z
    166c:	71 81       	ldd	r23, Z+1	; 0x01
    166e:	82 81       	ldd	r24, Z+2	; 0x02
    1670:	93 81       	ldd	r25, Z+3	; 0x03
    1672:	20 e0       	ldi	r18, 0x00	; 0
    1674:	30 e0       	ldi	r19, 0x00	; 0
    1676:	40 e2       	ldi	r20, 0x20	; 32
    1678:	51 e4       	ldi	r21, 0x41	; 65
    167a:	0e 94 1f 02 	call	0x43e	; 0x43e <__mulsf3>
    167e:	dc 01       	movw	r26, r24
    1680:	cb 01       	movw	r24, r22
    1682:	8e 01       	movw	r16, r28
    1684:	07 5c       	subi	r16, 0xC7	; 199
    1686:	1e 4f       	sbci	r17, 0xFE	; 254
    1688:	bc 01       	movw	r22, r24
    168a:	cd 01       	movw	r24, r26
    168c:	0e 94 49 00 	call	0x92	; 0x92 <__fixunssfsi>
    1690:	dc 01       	movw	r26, r24
    1692:	cb 01       	movw	r24, r22
    1694:	f8 01       	movw	r30, r16
    1696:	91 83       	std	Z+1, r25	; 0x01
    1698:	80 83       	st	Z, r24
    169a:	1f c0       	rjmp	.+62     	; 0x16da <main+0x4d8>
    169c:	fe 01       	movw	r30, r28
    169e:	e9 5c       	subi	r30, 0xC9	; 201
    16a0:	fe 4f       	sbci	r31, 0xFE	; 254
    16a2:	89 e1       	ldi	r24, 0x19	; 25
    16a4:	90 e0       	ldi	r25, 0x00	; 0
    16a6:	91 83       	std	Z+1, r25	; 0x01
    16a8:	80 83       	st	Z, r24
    16aa:	fe 01       	movw	r30, r28
    16ac:	e9 5c       	subi	r30, 0xC9	; 201
    16ae:	fe 4f       	sbci	r31, 0xFE	; 254
    16b0:	80 81       	ld	r24, Z
    16b2:	91 81       	ldd	r25, Z+1	; 0x01
    16b4:	01 97       	sbiw	r24, 0x01	; 1
    16b6:	f1 f7       	brne	.-4      	; 0x16b4 <main+0x4b2>
    16b8:	fe 01       	movw	r30, r28
    16ba:	e9 5c       	subi	r30, 0xC9	; 201
    16bc:	fe 4f       	sbci	r31, 0xFE	; 254
    16be:	91 83       	std	Z+1, r25	; 0x01
    16c0:	80 83       	st	Z, r24
		while(__ticks)
		{
			// wait 1/10 ms
			_delay_loop_2(((F_CPU) / 4e3) / 10);
			__ticks --;
    16c2:	de 01       	movw	r26, r28
    16c4:	a7 5c       	subi	r26, 0xC7	; 199
    16c6:	be 4f       	sbci	r27, 0xFE	; 254
    16c8:	fe 01       	movw	r30, r28
    16ca:	e7 5c       	subi	r30, 0xC7	; 199
    16cc:	fe 4f       	sbci	r31, 0xFE	; 254
    16ce:	80 81       	ld	r24, Z
    16d0:	91 81       	ldd	r25, Z+1	; 0x01
    16d2:	01 97       	sbiw	r24, 0x01	; 1
    16d4:	11 96       	adiw	r26, 0x01	; 1
    16d6:	9c 93       	st	X, r25
    16d8:	8e 93       	st	-X, r24
		__ticks = 1;
	else if (__tmp > 65535)
	{
		//	__ticks = requested delay in 1/10 ms
		__ticks = (uint16_t) (__ms * 10.0);
		while(__ticks)
    16da:	fe 01       	movw	r30, r28
    16dc:	e7 5c       	subi	r30, 0xC7	; 199
    16de:	fe 4f       	sbci	r31, 0xFE	; 254
    16e0:	80 81       	ld	r24, Z
    16e2:	91 81       	ldd	r25, Z+1	; 0x01
    16e4:	00 97       	sbiw	r24, 0x00	; 0
    16e6:	d1 f6       	brne	.-76     	; 0x169c <main+0x49a>
    16e8:	27 c0       	rjmp	.+78     	; 0x1738 <main+0x536>
			__ticks --;
		}
		return;
	}
	else
		__ticks = (uint16_t)__tmp;
    16ea:	8e 01       	movw	r16, r28
    16ec:	07 5c       	subi	r16, 0xC7	; 199
    16ee:	1e 4f       	sbci	r17, 0xFE	; 254
    16f0:	fe 01       	movw	r30, r28
    16f2:	e5 5c       	subi	r30, 0xC5	; 197
    16f4:	fe 4f       	sbci	r31, 0xFE	; 254
    16f6:	60 81       	ld	r22, Z
    16f8:	71 81       	ldd	r23, Z+1	; 0x01
    16fa:	82 81       	ldd	r24, Z+2	; 0x02
    16fc:	93 81       	ldd	r25, Z+3	; 0x03
    16fe:	0e 94 49 00 	call	0x92	; 0x92 <__fixunssfsi>
    1702:	dc 01       	movw	r26, r24
    1704:	cb 01       	movw	r24, r22
    1706:	f8 01       	movw	r30, r16
    1708:	91 83       	std	Z+1, r25	; 0x01
    170a:	80 83       	st	Z, r24
    170c:	de 01       	movw	r26, r28
    170e:	ab 5c       	subi	r26, 0xCB	; 203
    1710:	be 4f       	sbci	r27, 0xFE	; 254
    1712:	fe 01       	movw	r30, r28
    1714:	e7 5c       	subi	r30, 0xC7	; 199
    1716:	fe 4f       	sbci	r31, 0xFE	; 254
    1718:	80 81       	ld	r24, Z
    171a:	91 81       	ldd	r25, Z+1	; 0x01
    171c:	8d 93       	st	X+, r24
    171e:	9c 93       	st	X, r25
    1720:	fe 01       	movw	r30, r28
    1722:	eb 5c       	subi	r30, 0xCB	; 203
    1724:	fe 4f       	sbci	r31, 0xFE	; 254
    1726:	80 81       	ld	r24, Z
    1728:	91 81       	ldd	r25, Z+1	; 0x01
    172a:	01 97       	sbiw	r24, 0x01	; 1
    172c:	f1 f7       	brne	.-4      	; 0x172a <main+0x528>
    172e:	fe 01       	movw	r30, r28
    1730:	eb 5c       	subi	r30, 0xCB	; 203
    1732:	fe 4f       	sbci	r31, 0xFE	; 254
    1734:	91 83       	std	Z+1, r25	; 0x01
    1736:	80 83       	st	Z, r24
	   _delay_ms(500);
	   LCD_clearScreen();
    1738:	0e 94 62 33 	call	0x66c4	; 0x66c4 <LCD_clearScreen>
		}

	 /**********************************************************************
	 *             	    Menu for the user to choose circuit from           *
	 **********************************************************************/
		LCD_moveCursor(1,1);
    173c:	81 e0       	ldi	r24, 0x01	; 1
    173e:	61 e0       	ldi	r22, 0x01	; 1
    1740:	0e 94 e2 32 	call	0x65c4	; 0x65c4 <LCD_moveCursor>
		LCD_displayString("1)Volt");
    1744:	8f ea       	ldi	r24, 0xAF	; 175
    1746:	90 e0       	ldi	r25, 0x00	; 0
    1748:	0e 94 bf 32 	call	0x657e	; 0x657e <LCD_displayString>
		LCD_moveCursor(2,1);
    174c:	82 e0       	ldi	r24, 0x02	; 2
    174e:	61 e0       	ldi	r22, 0x01	; 1
    1750:	0e 94 e2 32 	call	0x65c4	; 0x65c4 <LCD_moveCursor>
		LCD_displayString("2)Current");
    1754:	86 eb       	ldi	r24, 0xB6	; 182
    1756:	90 e0       	ldi	r25, 0x00	; 0
    1758:	0e 94 bf 32 	call	0x657e	; 0x657e <LCD_displayString>
		LCD_displayString(" 3)Res");
    175c:	80 ec       	ldi	r24, 0xC0	; 192
    175e:	90 e0       	ldi	r25, 0x00	; 0
    1760:	0e 94 bf 32 	call	0x657e	; 0x657e <LCD_displayString>

		keyPressed=KEYPAD_getPressedKey();
    1764:	0e 94 71 28 	call	0x50e2	; 0x50e2 <KEYPAD_getPressedKey>
    1768:	fe 01       	movw	r30, r28
    176a:	ed 59       	subi	r30, 0x9D	; 157
    176c:	fe 4f       	sbci	r31, 0xFE	; 254
    176e:	80 83       	st	Z, r24
		firstEnteryMenu=0;
    1770:	fe 01       	movw	r30, r28
    1772:	ee 59       	subi	r30, 0x9E	; 158
    1774:	fe 4f       	sbci	r31, 0xFE	; 254
    1776:	10 82       	st	Z, r1
		}
		while((keyPressed!= VOLTMETER_CIRCUIT) && (keyPressed!=  AMMETER_CIRCUIT) && (keyPressed!=  OHMMETER_CIRCUIT));
    1778:	fe 01       	movw	r30, r28
    177a:	ed 59       	subi	r30, 0x9D	; 157
    177c:	fe 4f       	sbci	r31, 0xFE	; 254
    177e:	80 81       	ld	r24, Z
    1780:	81 30       	cpi	r24, 0x01	; 1
    1782:	69 f0       	breq	.+26     	; 0x179e <main+0x59c>
    1784:	fe 01       	movw	r30, r28
    1786:	ed 59       	subi	r30, 0x9D	; 157
    1788:	fe 4f       	sbci	r31, 0xFE	; 254
    178a:	80 81       	ld	r24, Z
    178c:	82 30       	cpi	r24, 0x02	; 2
    178e:	39 f0       	breq	.+14     	; 0x179e <main+0x59c>
    1790:	fe 01       	movw	r30, r28
    1792:	ed 59       	subi	r30, 0x9D	; 157
    1794:	fe 4f       	sbci	r31, 0xFE	; 254
    1796:	80 81       	ld	r24, Z
    1798:	83 30       	cpi	r24, 0x03	; 3
    179a:	09 f0       	breq	.+2      	; 0x179e <main+0x59c>
    179c:	01 cf       	rjmp	.-510    	; 0x15a0 <main+0x39e>

	/* Returning the flag to it's default value for the upcoming Enteries*/
	LCD_clearScreen();
    179e:	0e 94 62 33 	call	0x66c4	; 0x66c4 <LCD_clearScreen>
	firstEnteryMenu=1;
    17a2:	fe 01       	movw	r30, r28
    17a4:	ee 59       	subi	r30, 0x9E	; 158
    17a6:	fe 4f       	sbci	r31, 0xFE	; 254
    17a8:	81 e0       	ldi	r24, 0x01	; 1
    17aa:	80 83       	st	Z, r24


	switch (keyPressed)
    17ac:	fe 01       	movw	r30, r28
    17ae:	ed 59       	subi	r30, 0x9D	; 157
    17b0:	fe 4f       	sbci	r31, 0xFE	; 254
    17b2:	80 81       	ld	r24, Z
    17b4:	28 2f       	mov	r18, r24
    17b6:	30 e0       	ldi	r19, 0x00	; 0
    17b8:	c0 59       	subi	r28, 0x90	; 144
    17ba:	de 4f       	sbci	r29, 0xFE	; 254
    17bc:	39 83       	std	Y+1, r19	; 0x01
    17be:	28 83       	st	Y, r18
    17c0:	c0 57       	subi	r28, 0x70	; 112
    17c2:	d1 40       	sbci	r29, 0x01	; 1
    17c4:	c0 59       	subi	r28, 0x90	; 144
    17c6:	de 4f       	sbci	r29, 0xFE	; 254
    17c8:	88 81       	ld	r24, Y
    17ca:	99 81       	ldd	r25, Y+1	; 0x01
    17cc:	c0 57       	subi	r28, 0x70	; 112
    17ce:	d1 40       	sbci	r29, 0x01	; 1
    17d0:	82 30       	cpi	r24, 0x02	; 2
    17d2:	91 05       	cpc	r25, r1
    17d4:	11 f4       	brne	.+4      	; 0x17da <main+0x5d8>
    17d6:	0c 94 cf 16 	jmp	0x2d9e	; 0x2d9e <main+0x1b9c>
    17da:	c0 59       	subi	r28, 0x90	; 144
    17dc:	de 4f       	sbci	r29, 0xFE	; 254
    17de:	e8 81       	ld	r30, Y
    17e0:	f9 81       	ldd	r31, Y+1	; 0x01
    17e2:	c0 57       	subi	r28, 0x70	; 112
    17e4:	d1 40       	sbci	r29, 0x01	; 1
    17e6:	e3 30       	cpi	r30, 0x03	; 3
    17e8:	f1 05       	cpc	r31, r1
    17ea:	11 f4       	brne	.+4      	; 0x17f0 <main+0x5ee>
    17ec:	0c 94 2d 1a 	jmp	0x345a	; 0x345a <main+0x2258>
    17f0:	c0 59       	subi	r28, 0x90	; 144
    17f2:	de 4f       	sbci	r29, 0xFE	; 254
    17f4:	28 81       	ld	r18, Y
    17f6:	39 81       	ldd	r19, Y+1	; 0x01
    17f8:	c0 57       	subi	r28, 0x70	; 112
    17fa:	d1 40       	sbci	r29, 0x01	; 1
    17fc:	21 30       	cpi	r18, 0x01	; 1
    17fe:	31 05       	cpc	r19, r1
    1800:	09 f0       	breq	.+2      	; 0x1804 <main+0x602>
    1802:	09 ce       	rjmp	.-1006   	; 0x1416 <main+0x214>
		{

			 /**********************************************************************
			 *             	    Case if user entered a wrong number                *
			 **********************************************************************/
			if(!firstEnteryVoltmeter)
    1804:	fe 01       	movw	r30, r28
    1806:	ef 59       	subi	r30, 0x9F	; 159
    1808:	fe 4f       	sbci	r31, 0xFE	; 254
    180a:	80 81       	ld	r24, Z
    180c:	88 23       	and	r24, r24
    180e:	09 f0       	breq	.+2      	; 0x1812 <main+0x610>
    1810:	c7 c0       	rjmp	.+398    	; 0x19a0 <main+0x79e>
			 {
			   LCD_clearScreen();
    1812:	0e 94 62 33 	call	0x66c4	; 0x66c4 <LCD_clearScreen>
			   LCD_moveCursor(1, 1);
    1816:	81 e0       	ldi	r24, 0x01	; 1
    1818:	61 e0       	ldi	r22, 0x01	; 1
    181a:	0e 94 e2 32 	call	0x65c4	; 0x65c4 <LCD_moveCursor>
			   LCD_displayString("Please Press on");
    181e:	8f e8       	ldi	r24, 0x8F	; 143
    1820:	90 e0       	ldi	r25, 0x00	; 0
    1822:	0e 94 bf 32 	call	0x657e	; 0x657e <LCD_displayString>
			   LCD_moveCursor(2, 1);
    1826:	82 e0       	ldi	r24, 0x02	; 2
    1828:	61 e0       	ldi	r22, 0x01	; 1
    182a:	0e 94 e2 32 	call	0x65c4	; 0x65c4 <LCD_moveCursor>
			   LCD_displayString("One of Modes.");
    182e:	87 ec       	ldi	r24, 0xC7	; 199
    1830:	90 e0       	ldi	r25, 0x00	; 0
    1832:	0e 94 bf 32 	call	0x657e	; 0x657e <LCD_displayString>
    1836:	fe 01       	movw	r30, r28
    1838:	ef 5c       	subi	r30, 0xCF	; 207
    183a:	fe 4f       	sbci	r31, 0xFE	; 254
    183c:	80 e0       	ldi	r24, 0x00	; 0
    183e:	90 e0       	ldi	r25, 0x00	; 0
    1840:	aa ef       	ldi	r26, 0xFA	; 250
    1842:	b3 e4       	ldi	r27, 0x43	; 67
    1844:	80 83       	st	Z, r24
    1846:	91 83       	std	Z+1, r25	; 0x01
    1848:	a2 83       	std	Z+2, r26	; 0x02
    184a:	b3 83       	std	Z+3, r27	; 0x03
 */
void
_delay_ms(double __ms)
{
	uint16_t __ticks;
	double __tmp = ((F_CPU) / 4e3) * __ms;
    184c:	8e 01       	movw	r16, r28
    184e:	03 5d       	subi	r16, 0xD3	; 211
    1850:	1e 4f       	sbci	r17, 0xFE	; 254
    1852:	fe 01       	movw	r30, r28
    1854:	ef 5c       	subi	r30, 0xCF	; 207
    1856:	fe 4f       	sbci	r31, 0xFE	; 254
    1858:	60 81       	ld	r22, Z
    185a:	71 81       	ldd	r23, Z+1	; 0x01
    185c:	82 81       	ldd	r24, Z+2	; 0x02
    185e:	93 81       	ldd	r25, Z+3	; 0x03
    1860:	20 e0       	ldi	r18, 0x00	; 0
    1862:	30 e0       	ldi	r19, 0x00	; 0
    1864:	4a e7       	ldi	r20, 0x7A	; 122
    1866:	53 e4       	ldi	r21, 0x43	; 67
    1868:	0e 94 1f 02 	call	0x43e	; 0x43e <__mulsf3>
    186c:	dc 01       	movw	r26, r24
    186e:	cb 01       	movw	r24, r22
    1870:	f8 01       	movw	r30, r16
    1872:	80 83       	st	Z, r24
    1874:	91 83       	std	Z+1, r25	; 0x01
    1876:	a2 83       	std	Z+2, r26	; 0x02
    1878:	b3 83       	std	Z+3, r27	; 0x03
	if (__tmp < 1.0)
    187a:	fe 01       	movw	r30, r28
    187c:	e3 5d       	subi	r30, 0xD3	; 211
    187e:	fe 4f       	sbci	r31, 0xFE	; 254
    1880:	60 81       	ld	r22, Z
    1882:	71 81       	ldd	r23, Z+1	; 0x01
    1884:	82 81       	ldd	r24, Z+2	; 0x02
    1886:	93 81       	ldd	r25, Z+3	; 0x03
    1888:	20 e0       	ldi	r18, 0x00	; 0
    188a:	30 e0       	ldi	r19, 0x00	; 0
    188c:	40 e8       	ldi	r20, 0x80	; 128
    188e:	5f e3       	ldi	r21, 0x3F	; 63
    1890:	0e 94 25 04 	call	0x84a	; 0x84a <__ltsf2>
    1894:	88 23       	and	r24, r24
    1896:	44 f4       	brge	.+16     	; 0x18a8 <main+0x6a6>
		__ticks = 1;
    1898:	fe 01       	movw	r30, r28
    189a:	e5 5d       	subi	r30, 0xD5	; 213
    189c:	fe 4f       	sbci	r31, 0xFE	; 254
    189e:	81 e0       	ldi	r24, 0x01	; 1
    18a0:	90 e0       	ldi	r25, 0x00	; 0
    18a2:	91 83       	std	Z+1, r25	; 0x01
    18a4:	80 83       	st	Z, r24
    18a6:	64 c0       	rjmp	.+200    	; 0x1970 <main+0x76e>
	else if (__tmp > 65535)
    18a8:	fe 01       	movw	r30, r28
    18aa:	e3 5d       	subi	r30, 0xD3	; 211
    18ac:	fe 4f       	sbci	r31, 0xFE	; 254
    18ae:	60 81       	ld	r22, Z
    18b0:	71 81       	ldd	r23, Z+1	; 0x01
    18b2:	82 81       	ldd	r24, Z+2	; 0x02
    18b4:	93 81       	ldd	r25, Z+3	; 0x03
    18b6:	20 e0       	ldi	r18, 0x00	; 0
    18b8:	3f ef       	ldi	r19, 0xFF	; 255
    18ba:	4f e7       	ldi	r20, 0x7F	; 127
    18bc:	57 e4       	ldi	r21, 0x47	; 71
    18be:	0e 94 c5 03 	call	0x78a	; 0x78a <__gtsf2>
    18c2:	18 16       	cp	r1, r24
    18c4:	0c f0       	brlt	.+2      	; 0x18c8 <main+0x6c6>
    18c6:	43 c0       	rjmp	.+134    	; 0x194e <main+0x74c>
	{
		//	__ticks = requested delay in 1/10 ms
		__ticks = (uint16_t) (__ms * 10.0);
    18c8:	fe 01       	movw	r30, r28
    18ca:	ef 5c       	subi	r30, 0xCF	; 207
    18cc:	fe 4f       	sbci	r31, 0xFE	; 254
    18ce:	60 81       	ld	r22, Z
    18d0:	71 81       	ldd	r23, Z+1	; 0x01
    18d2:	82 81       	ldd	r24, Z+2	; 0x02
    18d4:	93 81       	ldd	r25, Z+3	; 0x03
    18d6:	20 e0       	ldi	r18, 0x00	; 0
    18d8:	30 e0       	ldi	r19, 0x00	; 0
    18da:	40 e2       	ldi	r20, 0x20	; 32
    18dc:	51 e4       	ldi	r21, 0x41	; 65
    18de:	0e 94 1f 02 	call	0x43e	; 0x43e <__mulsf3>
    18e2:	dc 01       	movw	r26, r24
    18e4:	cb 01       	movw	r24, r22
    18e6:	8e 01       	movw	r16, r28
    18e8:	05 5d       	subi	r16, 0xD5	; 213
    18ea:	1e 4f       	sbci	r17, 0xFE	; 254
    18ec:	bc 01       	movw	r22, r24
    18ee:	cd 01       	movw	r24, r26
    18f0:	0e 94 49 00 	call	0x92	; 0x92 <__fixunssfsi>
    18f4:	dc 01       	movw	r26, r24
    18f6:	cb 01       	movw	r24, r22
    18f8:	f8 01       	movw	r30, r16
    18fa:	91 83       	std	Z+1, r25	; 0x01
    18fc:	80 83       	st	Z, r24
    18fe:	1f c0       	rjmp	.+62     	; 0x193e <main+0x73c>
    1900:	fe 01       	movw	r30, r28
    1902:	e7 5d       	subi	r30, 0xD7	; 215
    1904:	fe 4f       	sbci	r31, 0xFE	; 254
    1906:	89 e1       	ldi	r24, 0x19	; 25
    1908:	90 e0       	ldi	r25, 0x00	; 0
    190a:	91 83       	std	Z+1, r25	; 0x01
    190c:	80 83       	st	Z, r24
    190e:	fe 01       	movw	r30, r28
    1910:	e7 5d       	subi	r30, 0xD7	; 215
    1912:	fe 4f       	sbci	r31, 0xFE	; 254
    1914:	80 81       	ld	r24, Z
    1916:	91 81       	ldd	r25, Z+1	; 0x01
    1918:	01 97       	sbiw	r24, 0x01	; 1
    191a:	f1 f7       	brne	.-4      	; 0x1918 <main+0x716>
    191c:	fe 01       	movw	r30, r28
    191e:	e7 5d       	subi	r30, 0xD7	; 215
    1920:	fe 4f       	sbci	r31, 0xFE	; 254
    1922:	91 83       	std	Z+1, r25	; 0x01
    1924:	80 83       	st	Z, r24
		while(__ticks)
		{
			// wait 1/10 ms
			_delay_loop_2(((F_CPU) / 4e3) / 10);
			__ticks --;
    1926:	de 01       	movw	r26, r28
    1928:	a5 5d       	subi	r26, 0xD5	; 213
    192a:	be 4f       	sbci	r27, 0xFE	; 254
    192c:	fe 01       	movw	r30, r28
    192e:	e5 5d       	subi	r30, 0xD5	; 213
    1930:	fe 4f       	sbci	r31, 0xFE	; 254
    1932:	80 81       	ld	r24, Z
    1934:	91 81       	ldd	r25, Z+1	; 0x01
    1936:	01 97       	sbiw	r24, 0x01	; 1
    1938:	11 96       	adiw	r26, 0x01	; 1
    193a:	9c 93       	st	X, r25
    193c:	8e 93       	st	-X, r24
		__ticks = 1;
	else if (__tmp > 65535)
	{
		//	__ticks = requested delay in 1/10 ms
		__ticks = (uint16_t) (__ms * 10.0);
		while(__ticks)
    193e:	fe 01       	movw	r30, r28
    1940:	e5 5d       	subi	r30, 0xD5	; 213
    1942:	fe 4f       	sbci	r31, 0xFE	; 254
    1944:	80 81       	ld	r24, Z
    1946:	91 81       	ldd	r25, Z+1	; 0x01
    1948:	00 97       	sbiw	r24, 0x00	; 0
    194a:	d1 f6       	brne	.-76     	; 0x1900 <main+0x6fe>
    194c:	27 c0       	rjmp	.+78     	; 0x199c <main+0x79a>
			__ticks --;
		}
		return;
	}
	else
		__ticks = (uint16_t)__tmp;
    194e:	8e 01       	movw	r16, r28
    1950:	05 5d       	subi	r16, 0xD5	; 213
    1952:	1e 4f       	sbci	r17, 0xFE	; 254
    1954:	fe 01       	movw	r30, r28
    1956:	e3 5d       	subi	r30, 0xD3	; 211
    1958:	fe 4f       	sbci	r31, 0xFE	; 254
    195a:	60 81       	ld	r22, Z
    195c:	71 81       	ldd	r23, Z+1	; 0x01
    195e:	82 81       	ldd	r24, Z+2	; 0x02
    1960:	93 81       	ldd	r25, Z+3	; 0x03
    1962:	0e 94 49 00 	call	0x92	; 0x92 <__fixunssfsi>
    1966:	dc 01       	movw	r26, r24
    1968:	cb 01       	movw	r24, r22
    196a:	f8 01       	movw	r30, r16
    196c:	91 83       	std	Z+1, r25	; 0x01
    196e:	80 83       	st	Z, r24
    1970:	de 01       	movw	r26, r28
    1972:	a9 5d       	subi	r26, 0xD9	; 217
    1974:	be 4f       	sbci	r27, 0xFE	; 254
    1976:	fe 01       	movw	r30, r28
    1978:	e5 5d       	subi	r30, 0xD5	; 213
    197a:	fe 4f       	sbci	r31, 0xFE	; 254
    197c:	80 81       	ld	r24, Z
    197e:	91 81       	ldd	r25, Z+1	; 0x01
    1980:	8d 93       	st	X+, r24
    1982:	9c 93       	st	X, r25
    1984:	fe 01       	movw	r30, r28
    1986:	e9 5d       	subi	r30, 0xD9	; 217
    1988:	fe 4f       	sbci	r31, 0xFE	; 254
    198a:	80 81       	ld	r24, Z
    198c:	91 81       	ldd	r25, Z+1	; 0x01
    198e:	01 97       	sbiw	r24, 0x01	; 1
    1990:	f1 f7       	brne	.-4      	; 0x198e <main+0x78c>
    1992:	fe 01       	movw	r30, r28
    1994:	e9 5d       	subi	r30, 0xD9	; 217
    1996:	fe 4f       	sbci	r31, 0xFE	; 254
    1998:	91 83       	std	Z+1, r25	; 0x01
    199a:	80 83       	st	Z, r24
			   _delay_ms(500);
			   LCD_clearScreen();
    199c:	0e 94 62 33 	call	0x66c4	; 0x66c4 <LCD_clearScreen>
				}

			 /**********************************************************************
			 *        Menu for the user to choose Mode of Voltmeter from           *
			 **********************************************************************/
			   LCD_moveCursor(1, 1);
    19a0:	81 e0       	ldi	r24, 0x01	; 1
    19a2:	61 e0       	ldi	r22, 0x01	; 1
    19a4:	0e 94 e2 32 	call	0x65c4	; 0x65c4 <LCD_moveCursor>
			   LCD_displayString("Please Select");
    19a8:	85 ed       	ldi	r24, 0xD5	; 213
    19aa:	90 e0       	ldi	r25, 0x00	; 0
    19ac:	0e 94 bf 32 	call	0x657e	; 0x657e <LCD_displayString>
			   LCD_moveCursor(2, 1);
    19b0:	82 e0       	ldi	r24, 0x02	; 2
    19b2:	61 e0       	ldi	r22, 0x01	; 1
    19b4:	0e 94 e2 32 	call	0x65c4	; 0x65c4 <LCD_moveCursor>
			   LCD_displayString("AC or DC");
    19b8:	83 ee       	ldi	r24, 0xE3	; 227
    19ba:	90 e0       	ldi	r25, 0x00	; 0
    19bc:	0e 94 bf 32 	call	0x657e	; 0x657e <LCD_displayString>
    19c0:	fe 01       	movw	r30, r28
    19c2:	ed 5d       	subi	r30, 0xDD	; 221
    19c4:	fe 4f       	sbci	r31, 0xFE	; 254
    19c6:	80 e0       	ldi	r24, 0x00	; 0
    19c8:	90 e0       	ldi	r25, 0x00	; 0
    19ca:	aa e7       	ldi	r26, 0x7A	; 122
    19cc:	b4 e4       	ldi	r27, 0x44	; 68
    19ce:	80 83       	st	Z, r24
    19d0:	91 83       	std	Z+1, r25	; 0x01
    19d2:	a2 83       	std	Z+2, r26	; 0x02
    19d4:	b3 83       	std	Z+3, r27	; 0x03
 */
void
_delay_ms(double __ms)
{
	uint16_t __ticks;
	double __tmp = ((F_CPU) / 4e3) * __ms;
    19d6:	8e 01       	movw	r16, r28
    19d8:	01 5e       	subi	r16, 0xE1	; 225
    19da:	1e 4f       	sbci	r17, 0xFE	; 254
    19dc:	fe 01       	movw	r30, r28
    19de:	ed 5d       	subi	r30, 0xDD	; 221
    19e0:	fe 4f       	sbci	r31, 0xFE	; 254
    19e2:	60 81       	ld	r22, Z
    19e4:	71 81       	ldd	r23, Z+1	; 0x01
    19e6:	82 81       	ldd	r24, Z+2	; 0x02
    19e8:	93 81       	ldd	r25, Z+3	; 0x03
    19ea:	20 e0       	ldi	r18, 0x00	; 0
    19ec:	30 e0       	ldi	r19, 0x00	; 0
    19ee:	4a e7       	ldi	r20, 0x7A	; 122
    19f0:	53 e4       	ldi	r21, 0x43	; 67
    19f2:	0e 94 1f 02 	call	0x43e	; 0x43e <__mulsf3>
    19f6:	dc 01       	movw	r26, r24
    19f8:	cb 01       	movw	r24, r22
    19fa:	f8 01       	movw	r30, r16
    19fc:	80 83       	st	Z, r24
    19fe:	91 83       	std	Z+1, r25	; 0x01
    1a00:	a2 83       	std	Z+2, r26	; 0x02
    1a02:	b3 83       	std	Z+3, r27	; 0x03
	if (__tmp < 1.0)
    1a04:	fe 01       	movw	r30, r28
    1a06:	e1 5e       	subi	r30, 0xE1	; 225
    1a08:	fe 4f       	sbci	r31, 0xFE	; 254
    1a0a:	60 81       	ld	r22, Z
    1a0c:	71 81       	ldd	r23, Z+1	; 0x01
    1a0e:	82 81       	ldd	r24, Z+2	; 0x02
    1a10:	93 81       	ldd	r25, Z+3	; 0x03
    1a12:	20 e0       	ldi	r18, 0x00	; 0
    1a14:	30 e0       	ldi	r19, 0x00	; 0
    1a16:	40 e8       	ldi	r20, 0x80	; 128
    1a18:	5f e3       	ldi	r21, 0x3F	; 63
    1a1a:	0e 94 25 04 	call	0x84a	; 0x84a <__ltsf2>
    1a1e:	88 23       	and	r24, r24
    1a20:	44 f4       	brge	.+16     	; 0x1a32 <main+0x830>
		__ticks = 1;
    1a22:	fe 01       	movw	r30, r28
    1a24:	e3 5e       	subi	r30, 0xE3	; 227
    1a26:	fe 4f       	sbci	r31, 0xFE	; 254
    1a28:	81 e0       	ldi	r24, 0x01	; 1
    1a2a:	90 e0       	ldi	r25, 0x00	; 0
    1a2c:	91 83       	std	Z+1, r25	; 0x01
    1a2e:	80 83       	st	Z, r24
    1a30:	64 c0       	rjmp	.+200    	; 0x1afa <main+0x8f8>
	else if (__tmp > 65535)
    1a32:	fe 01       	movw	r30, r28
    1a34:	e1 5e       	subi	r30, 0xE1	; 225
    1a36:	fe 4f       	sbci	r31, 0xFE	; 254
    1a38:	60 81       	ld	r22, Z
    1a3a:	71 81       	ldd	r23, Z+1	; 0x01
    1a3c:	82 81       	ldd	r24, Z+2	; 0x02
    1a3e:	93 81       	ldd	r25, Z+3	; 0x03
    1a40:	20 e0       	ldi	r18, 0x00	; 0
    1a42:	3f ef       	ldi	r19, 0xFF	; 255
    1a44:	4f e7       	ldi	r20, 0x7F	; 127
    1a46:	57 e4       	ldi	r21, 0x47	; 71
    1a48:	0e 94 c5 03 	call	0x78a	; 0x78a <__gtsf2>
    1a4c:	18 16       	cp	r1, r24
    1a4e:	0c f0       	brlt	.+2      	; 0x1a52 <main+0x850>
    1a50:	43 c0       	rjmp	.+134    	; 0x1ad8 <main+0x8d6>
	{
		//	__ticks = requested delay in 1/10 ms
		__ticks = (uint16_t) (__ms * 10.0);
    1a52:	fe 01       	movw	r30, r28
    1a54:	ed 5d       	subi	r30, 0xDD	; 221
    1a56:	fe 4f       	sbci	r31, 0xFE	; 254
    1a58:	60 81       	ld	r22, Z
    1a5a:	71 81       	ldd	r23, Z+1	; 0x01
    1a5c:	82 81       	ldd	r24, Z+2	; 0x02
    1a5e:	93 81       	ldd	r25, Z+3	; 0x03
    1a60:	20 e0       	ldi	r18, 0x00	; 0
    1a62:	30 e0       	ldi	r19, 0x00	; 0
    1a64:	40 e2       	ldi	r20, 0x20	; 32
    1a66:	51 e4       	ldi	r21, 0x41	; 65
    1a68:	0e 94 1f 02 	call	0x43e	; 0x43e <__mulsf3>
    1a6c:	dc 01       	movw	r26, r24
    1a6e:	cb 01       	movw	r24, r22
    1a70:	8e 01       	movw	r16, r28
    1a72:	03 5e       	subi	r16, 0xE3	; 227
    1a74:	1e 4f       	sbci	r17, 0xFE	; 254
    1a76:	bc 01       	movw	r22, r24
    1a78:	cd 01       	movw	r24, r26
    1a7a:	0e 94 49 00 	call	0x92	; 0x92 <__fixunssfsi>
    1a7e:	dc 01       	movw	r26, r24
    1a80:	cb 01       	movw	r24, r22
    1a82:	f8 01       	movw	r30, r16
    1a84:	91 83       	std	Z+1, r25	; 0x01
    1a86:	80 83       	st	Z, r24
    1a88:	1f c0       	rjmp	.+62     	; 0x1ac8 <main+0x8c6>
    1a8a:	fe 01       	movw	r30, r28
    1a8c:	e5 5e       	subi	r30, 0xE5	; 229
    1a8e:	fe 4f       	sbci	r31, 0xFE	; 254
    1a90:	89 e1       	ldi	r24, 0x19	; 25
    1a92:	90 e0       	ldi	r25, 0x00	; 0
    1a94:	91 83       	std	Z+1, r25	; 0x01
    1a96:	80 83       	st	Z, r24
    1a98:	fe 01       	movw	r30, r28
    1a9a:	e5 5e       	subi	r30, 0xE5	; 229
    1a9c:	fe 4f       	sbci	r31, 0xFE	; 254
    1a9e:	80 81       	ld	r24, Z
    1aa0:	91 81       	ldd	r25, Z+1	; 0x01
    1aa2:	01 97       	sbiw	r24, 0x01	; 1
    1aa4:	f1 f7       	brne	.-4      	; 0x1aa2 <main+0x8a0>
    1aa6:	fe 01       	movw	r30, r28
    1aa8:	e5 5e       	subi	r30, 0xE5	; 229
    1aaa:	fe 4f       	sbci	r31, 0xFE	; 254
    1aac:	91 83       	std	Z+1, r25	; 0x01
    1aae:	80 83       	st	Z, r24
		while(__ticks)
		{
			// wait 1/10 ms
			_delay_loop_2(((F_CPU) / 4e3) / 10);
			__ticks --;
    1ab0:	de 01       	movw	r26, r28
    1ab2:	a3 5e       	subi	r26, 0xE3	; 227
    1ab4:	be 4f       	sbci	r27, 0xFE	; 254
    1ab6:	fe 01       	movw	r30, r28
    1ab8:	e3 5e       	subi	r30, 0xE3	; 227
    1aba:	fe 4f       	sbci	r31, 0xFE	; 254
    1abc:	80 81       	ld	r24, Z
    1abe:	91 81       	ldd	r25, Z+1	; 0x01
    1ac0:	01 97       	sbiw	r24, 0x01	; 1
    1ac2:	11 96       	adiw	r26, 0x01	; 1
    1ac4:	9c 93       	st	X, r25
    1ac6:	8e 93       	st	-X, r24
		__ticks = 1;
	else if (__tmp > 65535)
	{
		//	__ticks = requested delay in 1/10 ms
		__ticks = (uint16_t) (__ms * 10.0);
		while(__ticks)
    1ac8:	fe 01       	movw	r30, r28
    1aca:	e3 5e       	subi	r30, 0xE3	; 227
    1acc:	fe 4f       	sbci	r31, 0xFE	; 254
    1ace:	80 81       	ld	r24, Z
    1ad0:	91 81       	ldd	r25, Z+1	; 0x01
    1ad2:	00 97       	sbiw	r24, 0x00	; 0
    1ad4:	d1 f6       	brne	.-76     	; 0x1a8a <main+0x888>
    1ad6:	27 c0       	rjmp	.+78     	; 0x1b26 <main+0x924>
			__ticks --;
		}
		return;
	}
	else
		__ticks = (uint16_t)__tmp;
    1ad8:	8e 01       	movw	r16, r28
    1ada:	03 5e       	subi	r16, 0xE3	; 227
    1adc:	1e 4f       	sbci	r17, 0xFE	; 254
    1ade:	fe 01       	movw	r30, r28
    1ae0:	e1 5e       	subi	r30, 0xE1	; 225
    1ae2:	fe 4f       	sbci	r31, 0xFE	; 254
    1ae4:	60 81       	ld	r22, Z
    1ae6:	71 81       	ldd	r23, Z+1	; 0x01
    1ae8:	82 81       	ldd	r24, Z+2	; 0x02
    1aea:	93 81       	ldd	r25, Z+3	; 0x03
    1aec:	0e 94 49 00 	call	0x92	; 0x92 <__fixunssfsi>
    1af0:	dc 01       	movw	r26, r24
    1af2:	cb 01       	movw	r24, r22
    1af4:	f8 01       	movw	r30, r16
    1af6:	91 83       	std	Z+1, r25	; 0x01
    1af8:	80 83       	st	Z, r24
    1afa:	de 01       	movw	r26, r28
    1afc:	a7 5e       	subi	r26, 0xE7	; 231
    1afe:	be 4f       	sbci	r27, 0xFE	; 254
    1b00:	fe 01       	movw	r30, r28
    1b02:	e3 5e       	subi	r30, 0xE3	; 227
    1b04:	fe 4f       	sbci	r31, 0xFE	; 254
    1b06:	80 81       	ld	r24, Z
    1b08:	91 81       	ldd	r25, Z+1	; 0x01
    1b0a:	8d 93       	st	X+, r24
    1b0c:	9c 93       	st	X, r25
    1b0e:	fe 01       	movw	r30, r28
    1b10:	e7 5e       	subi	r30, 0xE7	; 231
    1b12:	fe 4f       	sbci	r31, 0xFE	; 254
    1b14:	80 81       	ld	r24, Z
    1b16:	91 81       	ldd	r25, Z+1	; 0x01
    1b18:	01 97       	sbiw	r24, 0x01	; 1
    1b1a:	f1 f7       	brne	.-4      	; 0x1b18 <main+0x916>
    1b1c:	fe 01       	movw	r30, r28
    1b1e:	e7 5e       	subi	r30, 0xE7	; 231
    1b20:	fe 4f       	sbci	r31, 0xFE	; 254
    1b22:	91 83       	std	Z+1, r25	; 0x01
    1b24:	80 83       	st	Z, r24
			   _delay_ms(1000);
			   LCD_clearScreen();
    1b26:	0e 94 62 33 	call	0x66c4	; 0x66c4 <LCD_clearScreen>
			   LCD_moveCursor(1, 1);
    1b2a:	81 e0       	ldi	r24, 0x01	; 1
    1b2c:	61 e0       	ldi	r22, 0x01	; 1
    1b2e:	0e 94 e2 32 	call	0x65c4	; 0x65c4 <LCD_moveCursor>
			   LCD_displayString(" 1) AC");
    1b32:	8c ee       	ldi	r24, 0xEC	; 236
    1b34:	90 e0       	ldi	r25, 0x00	; 0
    1b36:	0e 94 bf 32 	call	0x657e	; 0x657e <LCD_displayString>
			   LCD_moveCursor(2, 1);
    1b3a:	82 e0       	ldi	r24, 0x02	; 2
    1b3c:	61 e0       	ldi	r22, 0x01	; 1
    1b3e:	0e 94 e2 32 	call	0x65c4	; 0x65c4 <LCD_moveCursor>
			   LCD_displayString(" 2) DC");
    1b42:	83 ef       	ldi	r24, 0xF3	; 243
    1b44:	90 e0       	ldi	r25, 0x00	; 0
    1b46:	0e 94 bf 32 	call	0x657e	; 0x657e <LCD_displayString>
    1b4a:	fe 01       	movw	r30, r28
    1b4c:	eb 5e       	subi	r30, 0xEB	; 235
    1b4e:	fe 4f       	sbci	r31, 0xFE	; 254
    1b50:	80 e0       	ldi	r24, 0x00	; 0
    1b52:	90 e0       	ldi	r25, 0x00	; 0
    1b54:	a6 e1       	ldi	r26, 0x16	; 22
    1b56:	b3 e4       	ldi	r27, 0x43	; 67
    1b58:	80 83       	st	Z, r24
    1b5a:	91 83       	std	Z+1, r25	; 0x01
    1b5c:	a2 83       	std	Z+2, r26	; 0x02
    1b5e:	b3 83       	std	Z+3, r27	; 0x03
 */
void
_delay_ms(double __ms)
{
	uint16_t __ticks;
	double __tmp = ((F_CPU) / 4e3) * __ms;
    1b60:	8e 01       	movw	r16, r28
    1b62:	0f 5e       	subi	r16, 0xEF	; 239
    1b64:	1e 4f       	sbci	r17, 0xFE	; 254
    1b66:	fe 01       	movw	r30, r28
    1b68:	eb 5e       	subi	r30, 0xEB	; 235
    1b6a:	fe 4f       	sbci	r31, 0xFE	; 254
    1b6c:	60 81       	ld	r22, Z
    1b6e:	71 81       	ldd	r23, Z+1	; 0x01
    1b70:	82 81       	ldd	r24, Z+2	; 0x02
    1b72:	93 81       	ldd	r25, Z+3	; 0x03
    1b74:	20 e0       	ldi	r18, 0x00	; 0
    1b76:	30 e0       	ldi	r19, 0x00	; 0
    1b78:	4a e7       	ldi	r20, 0x7A	; 122
    1b7a:	53 e4       	ldi	r21, 0x43	; 67
    1b7c:	0e 94 1f 02 	call	0x43e	; 0x43e <__mulsf3>
    1b80:	dc 01       	movw	r26, r24
    1b82:	cb 01       	movw	r24, r22
    1b84:	f8 01       	movw	r30, r16
    1b86:	80 83       	st	Z, r24
    1b88:	91 83       	std	Z+1, r25	; 0x01
    1b8a:	a2 83       	std	Z+2, r26	; 0x02
    1b8c:	b3 83       	std	Z+3, r27	; 0x03
	if (__tmp < 1.0)
    1b8e:	fe 01       	movw	r30, r28
    1b90:	ef 5e       	subi	r30, 0xEF	; 239
    1b92:	fe 4f       	sbci	r31, 0xFE	; 254
    1b94:	60 81       	ld	r22, Z
    1b96:	71 81       	ldd	r23, Z+1	; 0x01
    1b98:	82 81       	ldd	r24, Z+2	; 0x02
    1b9a:	93 81       	ldd	r25, Z+3	; 0x03
    1b9c:	20 e0       	ldi	r18, 0x00	; 0
    1b9e:	30 e0       	ldi	r19, 0x00	; 0
    1ba0:	40 e8       	ldi	r20, 0x80	; 128
    1ba2:	5f e3       	ldi	r21, 0x3F	; 63
    1ba4:	0e 94 25 04 	call	0x84a	; 0x84a <__ltsf2>
    1ba8:	88 23       	and	r24, r24
    1baa:	44 f4       	brge	.+16     	; 0x1bbc <main+0x9ba>
		__ticks = 1;
    1bac:	fe 01       	movw	r30, r28
    1bae:	e1 5f       	subi	r30, 0xF1	; 241
    1bb0:	fe 4f       	sbci	r31, 0xFE	; 254
    1bb2:	81 e0       	ldi	r24, 0x01	; 1
    1bb4:	90 e0       	ldi	r25, 0x00	; 0
    1bb6:	91 83       	std	Z+1, r25	; 0x01
    1bb8:	80 83       	st	Z, r24
    1bba:	64 c0       	rjmp	.+200    	; 0x1c84 <main+0xa82>
	else if (__tmp > 65535)
    1bbc:	fe 01       	movw	r30, r28
    1bbe:	ef 5e       	subi	r30, 0xEF	; 239
    1bc0:	fe 4f       	sbci	r31, 0xFE	; 254
    1bc2:	60 81       	ld	r22, Z
    1bc4:	71 81       	ldd	r23, Z+1	; 0x01
    1bc6:	82 81       	ldd	r24, Z+2	; 0x02
    1bc8:	93 81       	ldd	r25, Z+3	; 0x03
    1bca:	20 e0       	ldi	r18, 0x00	; 0
    1bcc:	3f ef       	ldi	r19, 0xFF	; 255
    1bce:	4f e7       	ldi	r20, 0x7F	; 127
    1bd0:	57 e4       	ldi	r21, 0x47	; 71
    1bd2:	0e 94 c5 03 	call	0x78a	; 0x78a <__gtsf2>
    1bd6:	18 16       	cp	r1, r24
    1bd8:	0c f0       	brlt	.+2      	; 0x1bdc <main+0x9da>
    1bda:	43 c0       	rjmp	.+134    	; 0x1c62 <main+0xa60>
	{
		//	__ticks = requested delay in 1/10 ms
		__ticks = (uint16_t) (__ms * 10.0);
    1bdc:	fe 01       	movw	r30, r28
    1bde:	eb 5e       	subi	r30, 0xEB	; 235
    1be0:	fe 4f       	sbci	r31, 0xFE	; 254
    1be2:	60 81       	ld	r22, Z
    1be4:	71 81       	ldd	r23, Z+1	; 0x01
    1be6:	82 81       	ldd	r24, Z+2	; 0x02
    1be8:	93 81       	ldd	r25, Z+3	; 0x03
    1bea:	20 e0       	ldi	r18, 0x00	; 0
    1bec:	30 e0       	ldi	r19, 0x00	; 0
    1bee:	40 e2       	ldi	r20, 0x20	; 32
    1bf0:	51 e4       	ldi	r21, 0x41	; 65
    1bf2:	0e 94 1f 02 	call	0x43e	; 0x43e <__mulsf3>
    1bf6:	dc 01       	movw	r26, r24
    1bf8:	cb 01       	movw	r24, r22
    1bfa:	8e 01       	movw	r16, r28
    1bfc:	01 5f       	subi	r16, 0xF1	; 241
    1bfe:	1e 4f       	sbci	r17, 0xFE	; 254
    1c00:	bc 01       	movw	r22, r24
    1c02:	cd 01       	movw	r24, r26
    1c04:	0e 94 49 00 	call	0x92	; 0x92 <__fixunssfsi>
    1c08:	dc 01       	movw	r26, r24
    1c0a:	cb 01       	movw	r24, r22
    1c0c:	f8 01       	movw	r30, r16
    1c0e:	91 83       	std	Z+1, r25	; 0x01
    1c10:	80 83       	st	Z, r24
    1c12:	1f c0       	rjmp	.+62     	; 0x1c52 <main+0xa50>
    1c14:	fe 01       	movw	r30, r28
    1c16:	e3 5f       	subi	r30, 0xF3	; 243
    1c18:	fe 4f       	sbci	r31, 0xFE	; 254
    1c1a:	89 e1       	ldi	r24, 0x19	; 25
    1c1c:	90 e0       	ldi	r25, 0x00	; 0
    1c1e:	91 83       	std	Z+1, r25	; 0x01
    1c20:	80 83       	st	Z, r24
    1c22:	fe 01       	movw	r30, r28
    1c24:	e3 5f       	subi	r30, 0xF3	; 243
    1c26:	fe 4f       	sbci	r31, 0xFE	; 254
    1c28:	80 81       	ld	r24, Z
    1c2a:	91 81       	ldd	r25, Z+1	; 0x01
    1c2c:	01 97       	sbiw	r24, 0x01	; 1
    1c2e:	f1 f7       	brne	.-4      	; 0x1c2c <main+0xa2a>
    1c30:	fe 01       	movw	r30, r28
    1c32:	e3 5f       	subi	r30, 0xF3	; 243
    1c34:	fe 4f       	sbci	r31, 0xFE	; 254
    1c36:	91 83       	std	Z+1, r25	; 0x01
    1c38:	80 83       	st	Z, r24
		while(__ticks)
		{
			// wait 1/10 ms
			_delay_loop_2(((F_CPU) / 4e3) / 10);
			__ticks --;
    1c3a:	de 01       	movw	r26, r28
    1c3c:	a1 5f       	subi	r26, 0xF1	; 241
    1c3e:	be 4f       	sbci	r27, 0xFE	; 254
    1c40:	fe 01       	movw	r30, r28
    1c42:	e1 5f       	subi	r30, 0xF1	; 241
    1c44:	fe 4f       	sbci	r31, 0xFE	; 254
    1c46:	80 81       	ld	r24, Z
    1c48:	91 81       	ldd	r25, Z+1	; 0x01
    1c4a:	01 97       	sbiw	r24, 0x01	; 1
    1c4c:	11 96       	adiw	r26, 0x01	; 1
    1c4e:	9c 93       	st	X, r25
    1c50:	8e 93       	st	-X, r24
		__ticks = 1;
	else if (__tmp > 65535)
	{
		//	__ticks = requested delay in 1/10 ms
		__ticks = (uint16_t) (__ms * 10.0);
		while(__ticks)
    1c52:	fe 01       	movw	r30, r28
    1c54:	e1 5f       	subi	r30, 0xF1	; 241
    1c56:	fe 4f       	sbci	r31, 0xFE	; 254
    1c58:	80 81       	ld	r24, Z
    1c5a:	91 81       	ldd	r25, Z+1	; 0x01
    1c5c:	00 97       	sbiw	r24, 0x00	; 0
    1c5e:	d1 f6       	brne	.-76     	; 0x1c14 <main+0xa12>
    1c60:	27 c0       	rjmp	.+78     	; 0x1cb0 <main+0xaae>
			__ticks --;
		}
		return;
	}
	else
		__ticks = (uint16_t)__tmp;
    1c62:	8e 01       	movw	r16, r28
    1c64:	01 5f       	subi	r16, 0xF1	; 241
    1c66:	1e 4f       	sbci	r17, 0xFE	; 254
    1c68:	fe 01       	movw	r30, r28
    1c6a:	ef 5e       	subi	r30, 0xEF	; 239
    1c6c:	fe 4f       	sbci	r31, 0xFE	; 254
    1c6e:	60 81       	ld	r22, Z
    1c70:	71 81       	ldd	r23, Z+1	; 0x01
    1c72:	82 81       	ldd	r24, Z+2	; 0x02
    1c74:	93 81       	ldd	r25, Z+3	; 0x03
    1c76:	0e 94 49 00 	call	0x92	; 0x92 <__fixunssfsi>
    1c7a:	dc 01       	movw	r26, r24
    1c7c:	cb 01       	movw	r24, r22
    1c7e:	f8 01       	movw	r30, r16
    1c80:	91 83       	std	Z+1, r25	; 0x01
    1c82:	80 83       	st	Z, r24
    1c84:	de 01       	movw	r26, r28
    1c86:	a5 5f       	subi	r26, 0xF5	; 245
    1c88:	be 4f       	sbci	r27, 0xFE	; 254
    1c8a:	fe 01       	movw	r30, r28
    1c8c:	e1 5f       	subi	r30, 0xF1	; 241
    1c8e:	fe 4f       	sbci	r31, 0xFE	; 254
    1c90:	80 81       	ld	r24, Z
    1c92:	91 81       	ldd	r25, Z+1	; 0x01
    1c94:	8d 93       	st	X+, r24
    1c96:	9c 93       	st	X, r25
    1c98:	fe 01       	movw	r30, r28
    1c9a:	e5 5f       	subi	r30, 0xF5	; 245
    1c9c:	fe 4f       	sbci	r31, 0xFE	; 254
    1c9e:	80 81       	ld	r24, Z
    1ca0:	91 81       	ldd	r25, Z+1	; 0x01
    1ca2:	01 97       	sbiw	r24, 0x01	; 1
    1ca4:	f1 f7       	brne	.-4      	; 0x1ca2 <main+0xaa0>
    1ca6:	fe 01       	movw	r30, r28
    1ca8:	e5 5f       	subi	r30, 0xF5	; 245
    1caa:	fe 4f       	sbci	r31, 0xFE	; 254
    1cac:	91 83       	std	Z+1, r25	; 0x01
    1cae:	80 83       	st	Z, r24
			   _delay_ms(150);
			   keyPressed=KEYPAD_getPressedKey();
    1cb0:	0e 94 71 28 	call	0x50e2	; 0x50e2 <KEYPAD_getPressedKey>
    1cb4:	fe 01       	movw	r30, r28
    1cb6:	ed 59       	subi	r30, 0x9D	; 157
    1cb8:	fe 4f       	sbci	r31, 0xFE	; 254
    1cba:	80 83       	st	Z, r24
			    firstEnteryVoltmeter=0;
    1cbc:	fe 01       	movw	r30, r28
    1cbe:	ef 59       	subi	r30, 0x9F	; 159
    1cc0:	fe 4f       	sbci	r31, 0xFE	; 254
    1cc2:	10 82       	st	Z, r1
				}
				while((keyPressed!= ACVOLT) && (keyPressed!=DCVOLT));
    1cc4:	fe 01       	movw	r30, r28
    1cc6:	ed 59       	subi	r30, 0x9D	; 157
    1cc8:	fe 4f       	sbci	r31, 0xFE	; 254
    1cca:	80 81       	ld	r24, Z
    1ccc:	81 30       	cpi	r24, 0x01	; 1
    1cce:	39 f0       	breq	.+14     	; 0x1cde <main+0xadc>
    1cd0:	fe 01       	movw	r30, r28
    1cd2:	ed 59       	subi	r30, 0x9D	; 157
    1cd4:	fe 4f       	sbci	r31, 0xFE	; 254
    1cd6:	80 81       	ld	r24, Z
    1cd8:	82 30       	cpi	r24, 0x02	; 2
    1cda:	09 f0       	breq	.+2      	; 0x1cde <main+0xadc>
    1cdc:	93 cd       	rjmp	.-1242   	; 0x1804 <main+0x602>

		/* Returning the flag to it's default value for the upcoming Enteries*/
			firstEnteryVoltmeter=1;
    1cde:	fe 01       	movw	r30, r28
    1ce0:	ef 59       	subi	r30, 0x9F	; 159
    1ce2:	fe 4f       	sbci	r31, 0xFE	; 254
    1ce4:	81 e0       	ldi	r24, 0x01	; 1
    1ce6:	80 83       	st	Z, r24
	    /**********************************************************************
		 * Selecting the type of volt we are going to measure either AC or DC *
		 **********************************************************************/


		switch (keyPressed)
    1ce8:	fe 01       	movw	r30, r28
    1cea:	ed 59       	subi	r30, 0x9D	; 157
    1cec:	fe 4f       	sbci	r31, 0xFE	; 254
    1cee:	80 81       	ld	r24, Z
    1cf0:	28 2f       	mov	r18, r24
    1cf2:	30 e0       	ldi	r19, 0x00	; 0
    1cf4:	c2 59       	subi	r28, 0x92	; 146
    1cf6:	de 4f       	sbci	r29, 0xFE	; 254
    1cf8:	39 83       	std	Y+1, r19	; 0x01
    1cfa:	28 83       	st	Y, r18
    1cfc:	ce 56       	subi	r28, 0x6E	; 110
    1cfe:	d1 40       	sbci	r29, 0x01	; 1
    1d00:	c2 59       	subi	r28, 0x92	; 146
    1d02:	de 4f       	sbci	r29, 0xFE	; 254
    1d04:	88 81       	ld	r24, Y
    1d06:	99 81       	ldd	r25, Y+1	; 0x01
    1d08:	ce 56       	subi	r28, 0x6E	; 110
    1d0a:	d1 40       	sbci	r29, 0x01	; 1
    1d0c:	81 30       	cpi	r24, 0x01	; 1
    1d0e:	91 05       	cpc	r25, r1
    1d10:	59 f0       	breq	.+22     	; 0x1d28 <main+0xb26>
    1d12:	c2 59       	subi	r28, 0x92	; 146
    1d14:	de 4f       	sbci	r29, 0xFE	; 254
    1d16:	e8 81       	ld	r30, Y
    1d18:	f9 81       	ldd	r31, Y+1	; 0x01
    1d1a:	ce 56       	subi	r28, 0x6E	; 110
    1d1c:	d1 40       	sbci	r29, 0x01	; 1
    1d1e:	e2 30       	cpi	r30, 0x02	; 2
    1d20:	f1 05       	cpc	r31, r1
    1d22:	09 f4       	brne	.+2      	; 0x1d26 <main+0xb24>
    1d24:	1e c4       	rjmp	.+2108   	; 0x2562 <main+0x1360>
    1d26:	77 cb       	rjmp	.-2322   	; 0x1416 <main+0x214>
		{
			case ACVOLT:

		/* Selecting the relayv that switch the output of the Voltmeter circuit on AC to DC circuit */
			GPIO_writePin(PORTB_ID,PIN4_ID, LOGIC_LOW);
    1d28:	81 e0       	ldi	r24, 0x01	; 1
    1d2a:	64 e0       	ldi	r22, 0x04	; 4
    1d2c:	40 e0       	ldi	r20, 0x00	; 0
    1d2e:	0e 94 65 25 	call	0x4aca	; 0x4aca <GPIO_writePin>

		 /**********************************************************************
		  *             Showing the user that he selected Ac mode              *
		  **********************************************************************/
				LCD_clearScreen();
    1d32:	0e 94 62 33 	call	0x66c4	; 0x66c4 <LCD_clearScreen>
				LCD_displayString("AC");
    1d36:	8a ef       	ldi	r24, 0xFA	; 250
    1d38:	90 e0       	ldi	r25, 0x00	; 0
    1d3a:	0e 94 bf 32 	call	0x657e	; 0x657e <LCD_displayString>
    1d3e:	fe 01       	movw	r30, r28
    1d40:	e9 5f       	subi	r30, 0xF9	; 249
    1d42:	fe 4f       	sbci	r31, 0xFE	; 254
    1d44:	80 e0       	ldi	r24, 0x00	; 0
    1d46:	90 e0       	ldi	r25, 0x00	; 0
    1d48:	a6 e9       	ldi	r26, 0x96	; 150
    1d4a:	b3 e4       	ldi	r27, 0x43	; 67
    1d4c:	80 83       	st	Z, r24
    1d4e:	91 83       	std	Z+1, r25	; 0x01
    1d50:	a2 83       	std	Z+2, r26	; 0x02
    1d52:	b3 83       	std	Z+3, r27	; 0x03
 */
void
_delay_ms(double __ms)
{
	uint16_t __ticks;
	double __tmp = ((F_CPU) / 4e3) * __ms;
    1d54:	8e 01       	movw	r16, r28
    1d56:	0d 5f       	subi	r16, 0xFD	; 253
    1d58:	1e 4f       	sbci	r17, 0xFE	; 254
    1d5a:	fe 01       	movw	r30, r28
    1d5c:	e9 5f       	subi	r30, 0xF9	; 249
    1d5e:	fe 4f       	sbci	r31, 0xFE	; 254
    1d60:	60 81       	ld	r22, Z
    1d62:	71 81       	ldd	r23, Z+1	; 0x01
    1d64:	82 81       	ldd	r24, Z+2	; 0x02
    1d66:	93 81       	ldd	r25, Z+3	; 0x03
    1d68:	20 e0       	ldi	r18, 0x00	; 0
    1d6a:	30 e0       	ldi	r19, 0x00	; 0
    1d6c:	4a e7       	ldi	r20, 0x7A	; 122
    1d6e:	53 e4       	ldi	r21, 0x43	; 67
    1d70:	0e 94 1f 02 	call	0x43e	; 0x43e <__mulsf3>
    1d74:	dc 01       	movw	r26, r24
    1d76:	cb 01       	movw	r24, r22
    1d78:	f8 01       	movw	r30, r16
    1d7a:	80 83       	st	Z, r24
    1d7c:	91 83       	std	Z+1, r25	; 0x01
    1d7e:	a2 83       	std	Z+2, r26	; 0x02
    1d80:	b3 83       	std	Z+3, r27	; 0x03
	if (__tmp < 1.0)
    1d82:	fe 01       	movw	r30, r28
    1d84:	ed 5f       	subi	r30, 0xFD	; 253
    1d86:	fe 4f       	sbci	r31, 0xFE	; 254
    1d88:	60 81       	ld	r22, Z
    1d8a:	71 81       	ldd	r23, Z+1	; 0x01
    1d8c:	82 81       	ldd	r24, Z+2	; 0x02
    1d8e:	93 81       	ldd	r25, Z+3	; 0x03
    1d90:	20 e0       	ldi	r18, 0x00	; 0
    1d92:	30 e0       	ldi	r19, 0x00	; 0
    1d94:	40 e8       	ldi	r20, 0x80	; 128
    1d96:	5f e3       	ldi	r21, 0x3F	; 63
    1d98:	0e 94 25 04 	call	0x84a	; 0x84a <__ltsf2>
    1d9c:	88 23       	and	r24, r24
    1d9e:	44 f4       	brge	.+16     	; 0x1db0 <main+0xbae>
		__ticks = 1;
    1da0:	fe 01       	movw	r30, r28
    1da2:	ef 5f       	subi	r30, 0xFF	; 255
    1da4:	fe 4f       	sbci	r31, 0xFE	; 254
    1da6:	81 e0       	ldi	r24, 0x01	; 1
    1da8:	90 e0       	ldi	r25, 0x00	; 0
    1daa:	91 83       	std	Z+1, r25	; 0x01
    1dac:	80 83       	st	Z, r24
    1dae:	64 c0       	rjmp	.+200    	; 0x1e78 <main+0xc76>
	else if (__tmp > 65535)
    1db0:	fe 01       	movw	r30, r28
    1db2:	ed 5f       	subi	r30, 0xFD	; 253
    1db4:	fe 4f       	sbci	r31, 0xFE	; 254
    1db6:	60 81       	ld	r22, Z
    1db8:	71 81       	ldd	r23, Z+1	; 0x01
    1dba:	82 81       	ldd	r24, Z+2	; 0x02
    1dbc:	93 81       	ldd	r25, Z+3	; 0x03
    1dbe:	20 e0       	ldi	r18, 0x00	; 0
    1dc0:	3f ef       	ldi	r19, 0xFF	; 255
    1dc2:	4f e7       	ldi	r20, 0x7F	; 127
    1dc4:	57 e4       	ldi	r21, 0x47	; 71
    1dc6:	0e 94 c5 03 	call	0x78a	; 0x78a <__gtsf2>
    1dca:	18 16       	cp	r1, r24
    1dcc:	0c f0       	brlt	.+2      	; 0x1dd0 <main+0xbce>
    1dce:	43 c0       	rjmp	.+134    	; 0x1e56 <main+0xc54>
	{
		//	__ticks = requested delay in 1/10 ms
		__ticks = (uint16_t) (__ms * 10.0);
    1dd0:	fe 01       	movw	r30, r28
    1dd2:	e9 5f       	subi	r30, 0xF9	; 249
    1dd4:	fe 4f       	sbci	r31, 0xFE	; 254
    1dd6:	60 81       	ld	r22, Z
    1dd8:	71 81       	ldd	r23, Z+1	; 0x01
    1dda:	82 81       	ldd	r24, Z+2	; 0x02
    1ddc:	93 81       	ldd	r25, Z+3	; 0x03
    1dde:	20 e0       	ldi	r18, 0x00	; 0
    1de0:	30 e0       	ldi	r19, 0x00	; 0
    1de2:	40 e2       	ldi	r20, 0x20	; 32
    1de4:	51 e4       	ldi	r21, 0x41	; 65
    1de6:	0e 94 1f 02 	call	0x43e	; 0x43e <__mulsf3>
    1dea:	dc 01       	movw	r26, r24
    1dec:	cb 01       	movw	r24, r22
    1dee:	8e 01       	movw	r16, r28
    1df0:	0f 5f       	subi	r16, 0xFF	; 255
    1df2:	1e 4f       	sbci	r17, 0xFE	; 254
    1df4:	bc 01       	movw	r22, r24
    1df6:	cd 01       	movw	r24, r26
    1df8:	0e 94 49 00 	call	0x92	; 0x92 <__fixunssfsi>
    1dfc:	dc 01       	movw	r26, r24
    1dfe:	cb 01       	movw	r24, r22
    1e00:	f8 01       	movw	r30, r16
    1e02:	91 83       	std	Z+1, r25	; 0x01
    1e04:	80 83       	st	Z, r24
    1e06:	1f c0       	rjmp	.+62     	; 0x1e46 <main+0xc44>
    1e08:	fe 01       	movw	r30, r28
    1e0a:	e1 50       	subi	r30, 0x01	; 1
    1e0c:	ff 4f       	sbci	r31, 0xFF	; 255
    1e0e:	89 e1       	ldi	r24, 0x19	; 25
    1e10:	90 e0       	ldi	r25, 0x00	; 0
    1e12:	91 83       	std	Z+1, r25	; 0x01
    1e14:	80 83       	st	Z, r24
    1e16:	fe 01       	movw	r30, r28
    1e18:	e1 50       	subi	r30, 0x01	; 1
    1e1a:	ff 4f       	sbci	r31, 0xFF	; 255
    1e1c:	80 81       	ld	r24, Z
    1e1e:	91 81       	ldd	r25, Z+1	; 0x01
    1e20:	01 97       	sbiw	r24, 0x01	; 1
    1e22:	f1 f7       	brne	.-4      	; 0x1e20 <main+0xc1e>
    1e24:	fe 01       	movw	r30, r28
    1e26:	e1 50       	subi	r30, 0x01	; 1
    1e28:	ff 4f       	sbci	r31, 0xFF	; 255
    1e2a:	91 83       	std	Z+1, r25	; 0x01
    1e2c:	80 83       	st	Z, r24
		while(__ticks)
		{
			// wait 1/10 ms
			_delay_loop_2(((F_CPU) / 4e3) / 10);
			__ticks --;
    1e2e:	de 01       	movw	r26, r28
    1e30:	af 5f       	subi	r26, 0xFF	; 255
    1e32:	be 4f       	sbci	r27, 0xFE	; 254
    1e34:	fe 01       	movw	r30, r28
    1e36:	ef 5f       	subi	r30, 0xFF	; 255
    1e38:	fe 4f       	sbci	r31, 0xFE	; 254
    1e3a:	80 81       	ld	r24, Z
    1e3c:	91 81       	ldd	r25, Z+1	; 0x01
    1e3e:	01 97       	sbiw	r24, 0x01	; 1
    1e40:	11 96       	adiw	r26, 0x01	; 1
    1e42:	9c 93       	st	X, r25
    1e44:	8e 93       	st	-X, r24
		__ticks = 1;
	else if (__tmp > 65535)
	{
		//	__ticks = requested delay in 1/10 ms
		__ticks = (uint16_t) (__ms * 10.0);
		while(__ticks)
    1e46:	fe 01       	movw	r30, r28
    1e48:	ef 5f       	subi	r30, 0xFF	; 255
    1e4a:	fe 4f       	sbci	r31, 0xFE	; 254
    1e4c:	80 81       	ld	r24, Z
    1e4e:	91 81       	ldd	r25, Z+1	; 0x01
    1e50:	00 97       	sbiw	r24, 0x00	; 0
    1e52:	d1 f6       	brne	.-76     	; 0x1e08 <main+0xc06>
    1e54:	27 c0       	rjmp	.+78     	; 0x1ea4 <main+0xca2>
			__ticks --;
		}
		return;
	}
	else
		__ticks = (uint16_t)__tmp;
    1e56:	8e 01       	movw	r16, r28
    1e58:	0f 5f       	subi	r16, 0xFF	; 255
    1e5a:	1e 4f       	sbci	r17, 0xFE	; 254
    1e5c:	fe 01       	movw	r30, r28
    1e5e:	ed 5f       	subi	r30, 0xFD	; 253
    1e60:	fe 4f       	sbci	r31, 0xFE	; 254
    1e62:	60 81       	ld	r22, Z
    1e64:	71 81       	ldd	r23, Z+1	; 0x01
    1e66:	82 81       	ldd	r24, Z+2	; 0x02
    1e68:	93 81       	ldd	r25, Z+3	; 0x03
    1e6a:	0e 94 49 00 	call	0x92	; 0x92 <__fixunssfsi>
    1e6e:	dc 01       	movw	r26, r24
    1e70:	cb 01       	movw	r24, r22
    1e72:	f8 01       	movw	r30, r16
    1e74:	91 83       	std	Z+1, r25	; 0x01
    1e76:	80 83       	st	Z, r24
    1e78:	de 01       	movw	r26, r28
    1e7a:	a3 50       	subi	r26, 0x03	; 3
    1e7c:	bf 4f       	sbci	r27, 0xFF	; 255
    1e7e:	fe 01       	movw	r30, r28
    1e80:	ef 5f       	subi	r30, 0xFF	; 255
    1e82:	fe 4f       	sbci	r31, 0xFE	; 254
    1e84:	80 81       	ld	r24, Z
    1e86:	91 81       	ldd	r25, Z+1	; 0x01
    1e88:	8d 93       	st	X+, r24
    1e8a:	9c 93       	st	X, r25
    1e8c:	fe 01       	movw	r30, r28
    1e8e:	e3 50       	subi	r30, 0x03	; 3
    1e90:	ff 4f       	sbci	r31, 0xFF	; 255
    1e92:	80 81       	ld	r24, Z
    1e94:	91 81       	ldd	r25, Z+1	; 0x01
    1e96:	01 97       	sbiw	r24, 0x01	; 1
    1e98:	f1 f7       	brne	.-4      	; 0x1e96 <main+0xc94>
    1e9a:	fe 01       	movw	r30, r28
    1e9c:	e3 50       	subi	r30, 0x03	; 3
    1e9e:	ff 4f       	sbci	r31, 0xFF	; 255
    1ea0:	91 83       	std	Z+1, r25	; 0x01
    1ea2:	80 83       	st	Z, r24
				_delay_ms(300);
				LCD_clearScreen();
    1ea4:	0e 94 62 33 	call	0x66c4	; 0x66c4 <LCD_clearScreen>
		  /**********************************************************************
		   *          Requesting the range of voltage the user wish to measure  *
		   **********************************************************************/
				LCD_moveCursor(1, 1);
    1ea8:	81 e0       	ldi	r24, 0x01	; 1
    1eaa:	61 e0       	ldi	r22, 0x01	; 1
    1eac:	0e 94 e2 32 	call	0x65c4	; 0x65c4 <LCD_moveCursor>
				LCD_displayString("Please sel req");
    1eb0:	8d ef       	ldi	r24, 0xFD	; 253
    1eb2:	90 e0       	ldi	r25, 0x00	; 0
    1eb4:	0e 94 bf 32 	call	0x657e	; 0x657e <LCD_displayString>
				LCD_moveCursor(2, 1);
    1eb8:	82 e0       	ldi	r24, 0x02	; 2
    1eba:	61 e0       	ldi	r22, 0x01	; 1
    1ebc:	0e 94 e2 32 	call	0x65c4	; 0x65c4 <LCD_moveCursor>
				LCD_displayString("Range");
    1ec0:	8c e0       	ldi	r24, 0x0C	; 12
    1ec2:	91 e0       	ldi	r25, 0x01	; 1
    1ec4:	0e 94 bf 32 	call	0x657e	; 0x657e <LCD_displayString>
    1ec8:	fe 01       	movw	r30, r28
    1eca:	e7 50       	subi	r30, 0x07	; 7
    1ecc:	ff 4f       	sbci	r31, 0xFF	; 255
    1ece:	80 e0       	ldi	r24, 0x00	; 0
    1ed0:	90 e0       	ldi	r25, 0x00	; 0
    1ed2:	aa ef       	ldi	r26, 0xFA	; 250
    1ed4:	b3 e4       	ldi	r27, 0x43	; 67
    1ed6:	80 83       	st	Z, r24
    1ed8:	91 83       	std	Z+1, r25	; 0x01
    1eda:	a2 83       	std	Z+2, r26	; 0x02
    1edc:	b3 83       	std	Z+3, r27	; 0x03
 */
void
_delay_ms(double __ms)
{
	uint16_t __ticks;
	double __tmp = ((F_CPU) / 4e3) * __ms;
    1ede:	8e 01       	movw	r16, r28
    1ee0:	0b 50       	subi	r16, 0x0B	; 11
    1ee2:	1f 4f       	sbci	r17, 0xFF	; 255
    1ee4:	fe 01       	movw	r30, r28
    1ee6:	e7 50       	subi	r30, 0x07	; 7
    1ee8:	ff 4f       	sbci	r31, 0xFF	; 255
    1eea:	60 81       	ld	r22, Z
    1eec:	71 81       	ldd	r23, Z+1	; 0x01
    1eee:	82 81       	ldd	r24, Z+2	; 0x02
    1ef0:	93 81       	ldd	r25, Z+3	; 0x03
    1ef2:	20 e0       	ldi	r18, 0x00	; 0
    1ef4:	30 e0       	ldi	r19, 0x00	; 0
    1ef6:	4a e7       	ldi	r20, 0x7A	; 122
    1ef8:	53 e4       	ldi	r21, 0x43	; 67
    1efa:	0e 94 1f 02 	call	0x43e	; 0x43e <__mulsf3>
    1efe:	dc 01       	movw	r26, r24
    1f00:	cb 01       	movw	r24, r22
    1f02:	f8 01       	movw	r30, r16
    1f04:	80 83       	st	Z, r24
    1f06:	91 83       	std	Z+1, r25	; 0x01
    1f08:	a2 83       	std	Z+2, r26	; 0x02
    1f0a:	b3 83       	std	Z+3, r27	; 0x03
	if (__tmp < 1.0)
    1f0c:	fe 01       	movw	r30, r28
    1f0e:	eb 50       	subi	r30, 0x0B	; 11
    1f10:	ff 4f       	sbci	r31, 0xFF	; 255
    1f12:	60 81       	ld	r22, Z
    1f14:	71 81       	ldd	r23, Z+1	; 0x01
    1f16:	82 81       	ldd	r24, Z+2	; 0x02
    1f18:	93 81       	ldd	r25, Z+3	; 0x03
    1f1a:	20 e0       	ldi	r18, 0x00	; 0
    1f1c:	30 e0       	ldi	r19, 0x00	; 0
    1f1e:	40 e8       	ldi	r20, 0x80	; 128
    1f20:	5f e3       	ldi	r21, 0x3F	; 63
    1f22:	0e 94 25 04 	call	0x84a	; 0x84a <__ltsf2>
    1f26:	88 23       	and	r24, r24
    1f28:	44 f4       	brge	.+16     	; 0x1f3a <main+0xd38>
		__ticks = 1;
    1f2a:	fe 01       	movw	r30, r28
    1f2c:	ed 50       	subi	r30, 0x0D	; 13
    1f2e:	ff 4f       	sbci	r31, 0xFF	; 255
    1f30:	81 e0       	ldi	r24, 0x01	; 1
    1f32:	90 e0       	ldi	r25, 0x00	; 0
    1f34:	91 83       	std	Z+1, r25	; 0x01
    1f36:	80 83       	st	Z, r24
    1f38:	64 c0       	rjmp	.+200    	; 0x2002 <main+0xe00>
	else if (__tmp > 65535)
    1f3a:	fe 01       	movw	r30, r28
    1f3c:	eb 50       	subi	r30, 0x0B	; 11
    1f3e:	ff 4f       	sbci	r31, 0xFF	; 255
    1f40:	60 81       	ld	r22, Z
    1f42:	71 81       	ldd	r23, Z+1	; 0x01
    1f44:	82 81       	ldd	r24, Z+2	; 0x02
    1f46:	93 81       	ldd	r25, Z+3	; 0x03
    1f48:	20 e0       	ldi	r18, 0x00	; 0
    1f4a:	3f ef       	ldi	r19, 0xFF	; 255
    1f4c:	4f e7       	ldi	r20, 0x7F	; 127
    1f4e:	57 e4       	ldi	r21, 0x47	; 71
    1f50:	0e 94 c5 03 	call	0x78a	; 0x78a <__gtsf2>
    1f54:	18 16       	cp	r1, r24
    1f56:	0c f0       	brlt	.+2      	; 0x1f5a <main+0xd58>
    1f58:	43 c0       	rjmp	.+134    	; 0x1fe0 <main+0xdde>
	{
		//	__ticks = requested delay in 1/10 ms
		__ticks = (uint16_t) (__ms * 10.0);
    1f5a:	fe 01       	movw	r30, r28
    1f5c:	e7 50       	subi	r30, 0x07	; 7
    1f5e:	ff 4f       	sbci	r31, 0xFF	; 255
    1f60:	60 81       	ld	r22, Z
    1f62:	71 81       	ldd	r23, Z+1	; 0x01
    1f64:	82 81       	ldd	r24, Z+2	; 0x02
    1f66:	93 81       	ldd	r25, Z+3	; 0x03
    1f68:	20 e0       	ldi	r18, 0x00	; 0
    1f6a:	30 e0       	ldi	r19, 0x00	; 0
    1f6c:	40 e2       	ldi	r20, 0x20	; 32
    1f6e:	51 e4       	ldi	r21, 0x41	; 65
    1f70:	0e 94 1f 02 	call	0x43e	; 0x43e <__mulsf3>
    1f74:	dc 01       	movw	r26, r24
    1f76:	cb 01       	movw	r24, r22
    1f78:	8e 01       	movw	r16, r28
    1f7a:	0d 50       	subi	r16, 0x0D	; 13
    1f7c:	1f 4f       	sbci	r17, 0xFF	; 255
    1f7e:	bc 01       	movw	r22, r24
    1f80:	cd 01       	movw	r24, r26
    1f82:	0e 94 49 00 	call	0x92	; 0x92 <__fixunssfsi>
    1f86:	dc 01       	movw	r26, r24
    1f88:	cb 01       	movw	r24, r22
    1f8a:	f8 01       	movw	r30, r16
    1f8c:	91 83       	std	Z+1, r25	; 0x01
    1f8e:	80 83       	st	Z, r24
    1f90:	1f c0       	rjmp	.+62     	; 0x1fd0 <main+0xdce>
    1f92:	fe 01       	movw	r30, r28
    1f94:	ef 50       	subi	r30, 0x0F	; 15
    1f96:	ff 4f       	sbci	r31, 0xFF	; 255
    1f98:	89 e1       	ldi	r24, 0x19	; 25
    1f9a:	90 e0       	ldi	r25, 0x00	; 0
    1f9c:	91 83       	std	Z+1, r25	; 0x01
    1f9e:	80 83       	st	Z, r24
    1fa0:	fe 01       	movw	r30, r28
    1fa2:	ef 50       	subi	r30, 0x0F	; 15
    1fa4:	ff 4f       	sbci	r31, 0xFF	; 255
    1fa6:	80 81       	ld	r24, Z
    1fa8:	91 81       	ldd	r25, Z+1	; 0x01
    1faa:	01 97       	sbiw	r24, 0x01	; 1
    1fac:	f1 f7       	brne	.-4      	; 0x1faa <main+0xda8>
    1fae:	fe 01       	movw	r30, r28
    1fb0:	ef 50       	subi	r30, 0x0F	; 15
    1fb2:	ff 4f       	sbci	r31, 0xFF	; 255
    1fb4:	91 83       	std	Z+1, r25	; 0x01
    1fb6:	80 83       	st	Z, r24
		while(__ticks)
		{
			// wait 1/10 ms
			_delay_loop_2(((F_CPU) / 4e3) / 10);
			__ticks --;
    1fb8:	de 01       	movw	r26, r28
    1fba:	ad 50       	subi	r26, 0x0D	; 13
    1fbc:	bf 4f       	sbci	r27, 0xFF	; 255
    1fbe:	fe 01       	movw	r30, r28
    1fc0:	ed 50       	subi	r30, 0x0D	; 13
    1fc2:	ff 4f       	sbci	r31, 0xFF	; 255
    1fc4:	80 81       	ld	r24, Z
    1fc6:	91 81       	ldd	r25, Z+1	; 0x01
    1fc8:	01 97       	sbiw	r24, 0x01	; 1
    1fca:	11 96       	adiw	r26, 0x01	; 1
    1fcc:	9c 93       	st	X, r25
    1fce:	8e 93       	st	-X, r24
		__ticks = 1;
	else if (__tmp > 65535)
	{
		//	__ticks = requested delay in 1/10 ms
		__ticks = (uint16_t) (__ms * 10.0);
		while(__ticks)
    1fd0:	fe 01       	movw	r30, r28
    1fd2:	ed 50       	subi	r30, 0x0D	; 13
    1fd4:	ff 4f       	sbci	r31, 0xFF	; 255
    1fd6:	80 81       	ld	r24, Z
    1fd8:	91 81       	ldd	r25, Z+1	; 0x01
    1fda:	00 97       	sbiw	r24, 0x00	; 0
    1fdc:	d1 f6       	brne	.-76     	; 0x1f92 <main+0xd90>
    1fde:	27 c0       	rjmp	.+78     	; 0x202e <main+0xe2c>
			__ticks --;
		}
		return;
	}
	else
		__ticks = (uint16_t)__tmp;
    1fe0:	8e 01       	movw	r16, r28
    1fe2:	0d 50       	subi	r16, 0x0D	; 13
    1fe4:	1f 4f       	sbci	r17, 0xFF	; 255
    1fe6:	fe 01       	movw	r30, r28
    1fe8:	eb 50       	subi	r30, 0x0B	; 11
    1fea:	ff 4f       	sbci	r31, 0xFF	; 255
    1fec:	60 81       	ld	r22, Z
    1fee:	71 81       	ldd	r23, Z+1	; 0x01
    1ff0:	82 81       	ldd	r24, Z+2	; 0x02
    1ff2:	93 81       	ldd	r25, Z+3	; 0x03
    1ff4:	0e 94 49 00 	call	0x92	; 0x92 <__fixunssfsi>
    1ff8:	dc 01       	movw	r26, r24
    1ffa:	cb 01       	movw	r24, r22
    1ffc:	f8 01       	movw	r30, r16
    1ffe:	91 83       	std	Z+1, r25	; 0x01
    2000:	80 83       	st	Z, r24
    2002:	de 01       	movw	r26, r28
    2004:	a1 51       	subi	r26, 0x11	; 17
    2006:	bf 4f       	sbci	r27, 0xFF	; 255
    2008:	fe 01       	movw	r30, r28
    200a:	ed 50       	subi	r30, 0x0D	; 13
    200c:	ff 4f       	sbci	r31, 0xFF	; 255
    200e:	80 81       	ld	r24, Z
    2010:	91 81       	ldd	r25, Z+1	; 0x01
    2012:	8d 93       	st	X+, r24
    2014:	9c 93       	st	X, r25
    2016:	fe 01       	movw	r30, r28
    2018:	e1 51       	subi	r30, 0x11	; 17
    201a:	ff 4f       	sbci	r31, 0xFF	; 255
    201c:	80 81       	ld	r24, Z
    201e:	91 81       	ldd	r25, Z+1	; 0x01
    2020:	01 97       	sbiw	r24, 0x01	; 1
    2022:	f1 f7       	brne	.-4      	; 0x2020 <main+0xe1e>
    2024:	fe 01       	movw	r30, r28
    2026:	e1 51       	subi	r30, 0x11	; 17
    2028:	ff 4f       	sbci	r31, 0xFF	; 255
    202a:	91 83       	std	Z+1, r25	; 0x01
    202c:	80 83       	st	Z, r24
				_delay_ms(500);
				LCD_clearScreen();
    202e:	0e 94 62 33 	call	0x66c4	; 0x66c4 <LCD_clearScreen>
			  {

			 /**********************************************************************
			  *             	    Case if user entered a wrong number            *
			  **********************************************************************/
				if(!firstEnteryVoltmeter)
    2032:	fe 01       	movw	r30, r28
    2034:	ef 59       	subi	r30, 0x9F	; 159
    2036:	fe 4f       	sbci	r31, 0xFE	; 254
    2038:	80 81       	ld	r24, Z
    203a:	88 23       	and	r24, r24
    203c:	09 f0       	breq	.+2      	; 0x2040 <main+0xe3e>
    203e:	c7 c0       	rjmp	.+398    	; 0x21ce <main+0xfcc>
				{
				 LCD_clearScreen();
    2040:	0e 94 62 33 	call	0x66c4	; 0x66c4 <LCD_clearScreen>
				 LCD_moveCursor(1, 1);
    2044:	81 e0       	ldi	r24, 0x01	; 1
    2046:	61 e0       	ldi	r22, 0x01	; 1
    2048:	0e 94 e2 32 	call	0x65c4	; 0x65c4 <LCD_moveCursor>
				 LCD_displayString("Please Press on");
    204c:	8f e8       	ldi	r24, 0x8F	; 143
    204e:	90 e0       	ldi	r25, 0x00	; 0
    2050:	0e 94 bf 32 	call	0x657e	; 0x657e <LCD_displayString>
				 LCD_moveCursor(2, 1);
    2054:	82 e0       	ldi	r24, 0x02	; 2
    2056:	61 e0       	ldi	r22, 0x01	; 1
    2058:	0e 94 e2 32 	call	0x65c4	; 0x65c4 <LCD_moveCursor>
				 LCD_displayString("One of Av Keys");
    205c:	82 e1       	ldi	r24, 0x12	; 18
    205e:	91 e0       	ldi	r25, 0x01	; 1
    2060:	0e 94 bf 32 	call	0x657e	; 0x657e <LCD_displayString>
    2064:	fe 01       	movw	r30, r28
    2066:	e5 51       	subi	r30, 0x15	; 21
    2068:	ff 4f       	sbci	r31, 0xFF	; 255
    206a:	80 e0       	ldi	r24, 0x00	; 0
    206c:	90 e0       	ldi	r25, 0x00	; 0
    206e:	aa ef       	ldi	r26, 0xFA	; 250
    2070:	b3 e4       	ldi	r27, 0x43	; 67
    2072:	80 83       	st	Z, r24
    2074:	91 83       	std	Z+1, r25	; 0x01
    2076:	a2 83       	std	Z+2, r26	; 0x02
    2078:	b3 83       	std	Z+3, r27	; 0x03
 */
void
_delay_ms(double __ms)
{
	uint16_t __ticks;
	double __tmp = ((F_CPU) / 4e3) * __ms;
    207a:	8e 01       	movw	r16, r28
    207c:	09 51       	subi	r16, 0x19	; 25
    207e:	1f 4f       	sbci	r17, 0xFF	; 255
    2080:	fe 01       	movw	r30, r28
    2082:	e5 51       	subi	r30, 0x15	; 21
    2084:	ff 4f       	sbci	r31, 0xFF	; 255
    2086:	60 81       	ld	r22, Z
    2088:	71 81       	ldd	r23, Z+1	; 0x01
    208a:	82 81       	ldd	r24, Z+2	; 0x02
    208c:	93 81       	ldd	r25, Z+3	; 0x03
    208e:	20 e0       	ldi	r18, 0x00	; 0
    2090:	30 e0       	ldi	r19, 0x00	; 0
    2092:	4a e7       	ldi	r20, 0x7A	; 122
    2094:	53 e4       	ldi	r21, 0x43	; 67
    2096:	0e 94 1f 02 	call	0x43e	; 0x43e <__mulsf3>
    209a:	dc 01       	movw	r26, r24
    209c:	cb 01       	movw	r24, r22
    209e:	f8 01       	movw	r30, r16
    20a0:	80 83       	st	Z, r24
    20a2:	91 83       	std	Z+1, r25	; 0x01
    20a4:	a2 83       	std	Z+2, r26	; 0x02
    20a6:	b3 83       	std	Z+3, r27	; 0x03
	if (__tmp < 1.0)
    20a8:	fe 01       	movw	r30, r28
    20aa:	e9 51       	subi	r30, 0x19	; 25
    20ac:	ff 4f       	sbci	r31, 0xFF	; 255
    20ae:	60 81       	ld	r22, Z
    20b0:	71 81       	ldd	r23, Z+1	; 0x01
    20b2:	82 81       	ldd	r24, Z+2	; 0x02
    20b4:	93 81       	ldd	r25, Z+3	; 0x03
    20b6:	20 e0       	ldi	r18, 0x00	; 0
    20b8:	30 e0       	ldi	r19, 0x00	; 0
    20ba:	40 e8       	ldi	r20, 0x80	; 128
    20bc:	5f e3       	ldi	r21, 0x3F	; 63
    20be:	0e 94 25 04 	call	0x84a	; 0x84a <__ltsf2>
    20c2:	88 23       	and	r24, r24
    20c4:	44 f4       	brge	.+16     	; 0x20d6 <main+0xed4>
		__ticks = 1;
    20c6:	fe 01       	movw	r30, r28
    20c8:	eb 51       	subi	r30, 0x1B	; 27
    20ca:	ff 4f       	sbci	r31, 0xFF	; 255
    20cc:	81 e0       	ldi	r24, 0x01	; 1
    20ce:	90 e0       	ldi	r25, 0x00	; 0
    20d0:	91 83       	std	Z+1, r25	; 0x01
    20d2:	80 83       	st	Z, r24
    20d4:	64 c0       	rjmp	.+200    	; 0x219e <main+0xf9c>
	else if (__tmp > 65535)
    20d6:	fe 01       	movw	r30, r28
    20d8:	e9 51       	subi	r30, 0x19	; 25
    20da:	ff 4f       	sbci	r31, 0xFF	; 255
    20dc:	60 81       	ld	r22, Z
    20de:	71 81       	ldd	r23, Z+1	; 0x01
    20e0:	82 81       	ldd	r24, Z+2	; 0x02
    20e2:	93 81       	ldd	r25, Z+3	; 0x03
    20e4:	20 e0       	ldi	r18, 0x00	; 0
    20e6:	3f ef       	ldi	r19, 0xFF	; 255
    20e8:	4f e7       	ldi	r20, 0x7F	; 127
    20ea:	57 e4       	ldi	r21, 0x47	; 71
    20ec:	0e 94 c5 03 	call	0x78a	; 0x78a <__gtsf2>
    20f0:	18 16       	cp	r1, r24
    20f2:	0c f0       	brlt	.+2      	; 0x20f6 <main+0xef4>
    20f4:	43 c0       	rjmp	.+134    	; 0x217c <main+0xf7a>
	{
		//	__ticks = requested delay in 1/10 ms
		__ticks = (uint16_t) (__ms * 10.0);
    20f6:	fe 01       	movw	r30, r28
    20f8:	e5 51       	subi	r30, 0x15	; 21
    20fa:	ff 4f       	sbci	r31, 0xFF	; 255
    20fc:	60 81       	ld	r22, Z
    20fe:	71 81       	ldd	r23, Z+1	; 0x01
    2100:	82 81       	ldd	r24, Z+2	; 0x02
    2102:	93 81       	ldd	r25, Z+3	; 0x03
    2104:	20 e0       	ldi	r18, 0x00	; 0
    2106:	30 e0       	ldi	r19, 0x00	; 0
    2108:	40 e2       	ldi	r20, 0x20	; 32
    210a:	51 e4       	ldi	r21, 0x41	; 65
    210c:	0e 94 1f 02 	call	0x43e	; 0x43e <__mulsf3>
    2110:	dc 01       	movw	r26, r24
    2112:	cb 01       	movw	r24, r22
    2114:	8e 01       	movw	r16, r28
    2116:	0b 51       	subi	r16, 0x1B	; 27
    2118:	1f 4f       	sbci	r17, 0xFF	; 255
    211a:	bc 01       	movw	r22, r24
    211c:	cd 01       	movw	r24, r26
    211e:	0e 94 49 00 	call	0x92	; 0x92 <__fixunssfsi>
    2122:	dc 01       	movw	r26, r24
    2124:	cb 01       	movw	r24, r22
    2126:	f8 01       	movw	r30, r16
    2128:	91 83       	std	Z+1, r25	; 0x01
    212a:	80 83       	st	Z, r24
    212c:	1f c0       	rjmp	.+62     	; 0x216c <main+0xf6a>
    212e:	fe 01       	movw	r30, r28
    2130:	ed 51       	subi	r30, 0x1D	; 29
    2132:	ff 4f       	sbci	r31, 0xFF	; 255
    2134:	89 e1       	ldi	r24, 0x19	; 25
    2136:	90 e0       	ldi	r25, 0x00	; 0
    2138:	91 83       	std	Z+1, r25	; 0x01
    213a:	80 83       	st	Z, r24
    213c:	fe 01       	movw	r30, r28
    213e:	ed 51       	subi	r30, 0x1D	; 29
    2140:	ff 4f       	sbci	r31, 0xFF	; 255
    2142:	80 81       	ld	r24, Z
    2144:	91 81       	ldd	r25, Z+1	; 0x01
    2146:	01 97       	sbiw	r24, 0x01	; 1
    2148:	f1 f7       	brne	.-4      	; 0x2146 <main+0xf44>
    214a:	fe 01       	movw	r30, r28
    214c:	ed 51       	subi	r30, 0x1D	; 29
    214e:	ff 4f       	sbci	r31, 0xFF	; 255
    2150:	91 83       	std	Z+1, r25	; 0x01
    2152:	80 83       	st	Z, r24
		while(__ticks)
		{
			// wait 1/10 ms
			_delay_loop_2(((F_CPU) / 4e3) / 10);
			__ticks --;
    2154:	de 01       	movw	r26, r28
    2156:	ab 51       	subi	r26, 0x1B	; 27
    2158:	bf 4f       	sbci	r27, 0xFF	; 255
    215a:	fe 01       	movw	r30, r28
    215c:	eb 51       	subi	r30, 0x1B	; 27
    215e:	ff 4f       	sbci	r31, 0xFF	; 255
    2160:	80 81       	ld	r24, Z
    2162:	91 81       	ldd	r25, Z+1	; 0x01
    2164:	01 97       	sbiw	r24, 0x01	; 1
    2166:	11 96       	adiw	r26, 0x01	; 1
    2168:	9c 93       	st	X, r25
    216a:	8e 93       	st	-X, r24
		__ticks = 1;
	else if (__tmp > 65535)
	{
		//	__ticks = requested delay in 1/10 ms
		__ticks = (uint16_t) (__ms * 10.0);
		while(__ticks)
    216c:	fe 01       	movw	r30, r28
    216e:	eb 51       	subi	r30, 0x1B	; 27
    2170:	ff 4f       	sbci	r31, 0xFF	; 255
    2172:	80 81       	ld	r24, Z
    2174:	91 81       	ldd	r25, Z+1	; 0x01
    2176:	00 97       	sbiw	r24, 0x00	; 0
    2178:	d1 f6       	brne	.-76     	; 0x212e <main+0xf2c>
    217a:	27 c0       	rjmp	.+78     	; 0x21ca <main+0xfc8>
			__ticks --;
		}
		return;
	}
	else
		__ticks = (uint16_t)__tmp;
    217c:	8e 01       	movw	r16, r28
    217e:	0b 51       	subi	r16, 0x1B	; 27
    2180:	1f 4f       	sbci	r17, 0xFF	; 255
    2182:	fe 01       	movw	r30, r28
    2184:	e9 51       	subi	r30, 0x19	; 25
    2186:	ff 4f       	sbci	r31, 0xFF	; 255
    2188:	60 81       	ld	r22, Z
    218a:	71 81       	ldd	r23, Z+1	; 0x01
    218c:	82 81       	ldd	r24, Z+2	; 0x02
    218e:	93 81       	ldd	r25, Z+3	; 0x03
    2190:	0e 94 49 00 	call	0x92	; 0x92 <__fixunssfsi>
    2194:	dc 01       	movw	r26, r24
    2196:	cb 01       	movw	r24, r22
    2198:	f8 01       	movw	r30, r16
    219a:	91 83       	std	Z+1, r25	; 0x01
    219c:	80 83       	st	Z, r24
    219e:	de 01       	movw	r26, r28
    21a0:	af 51       	subi	r26, 0x1F	; 31
    21a2:	bf 4f       	sbci	r27, 0xFF	; 255
    21a4:	fe 01       	movw	r30, r28
    21a6:	eb 51       	subi	r30, 0x1B	; 27
    21a8:	ff 4f       	sbci	r31, 0xFF	; 255
    21aa:	80 81       	ld	r24, Z
    21ac:	91 81       	ldd	r25, Z+1	; 0x01
    21ae:	8d 93       	st	X+, r24
    21b0:	9c 93       	st	X, r25
    21b2:	fe 01       	movw	r30, r28
    21b4:	ef 51       	subi	r30, 0x1F	; 31
    21b6:	ff 4f       	sbci	r31, 0xFF	; 255
    21b8:	80 81       	ld	r24, Z
    21ba:	91 81       	ldd	r25, Z+1	; 0x01
    21bc:	01 97       	sbiw	r24, 0x01	; 1
    21be:	f1 f7       	brne	.-4      	; 0x21bc <main+0xfba>
    21c0:	fe 01       	movw	r30, r28
    21c2:	ef 51       	subi	r30, 0x1F	; 31
    21c4:	ff 4f       	sbci	r31, 0xFF	; 255
    21c6:	91 83       	std	Z+1, r25	; 0x01
    21c8:	80 83       	st	Z, r24
				 _delay_ms(500);
				 LCD_clearScreen();
    21ca:	0e 94 62 33 	call	0x66c4	; 0x66c4 <LCD_clearScreen>
				}

			 /**********************************************************************
			  *        Menu for the user to choose range of Voltmeter from         *
			  **********************************************************************/
				 LCD_moveCursor(1, 1);
    21ce:	81 e0       	ldi	r24, 0x01	; 1
    21d0:	61 e0       	ldi	r22, 0x01	; 1
    21d2:	0e 94 e2 32 	call	0x65c4	; 0x65c4 <LCD_moveCursor>
				 LCD_displayString("1) 0.3V to 2V");
    21d6:	81 e2       	ldi	r24, 0x21	; 33
    21d8:	91 e0       	ldi	r25, 0x01	; 1
    21da:	0e 94 bf 32 	call	0x657e	; 0x657e <LCD_displayString>
				 LCD_moveCursor(2,1);
    21de:	82 e0       	ldi	r24, 0x02	; 2
    21e0:	61 e0       	ldi	r22, 0x01	; 1
    21e2:	0e 94 e2 32 	call	0x65c4	; 0x65c4 <LCD_moveCursor>
				 LCD_displayString("2) 2V to 20v");
    21e6:	8f e2       	ldi	r24, 0x2F	; 47
    21e8:	91 e0       	ldi	r25, 0x01	; 1
    21ea:	0e 94 bf 32 	call	0x657e	; 0x657e <LCD_displayString>
				 keyPressed=KEYPAD_getPressedKey();
    21ee:	0e 94 71 28 	call	0x50e2	; 0x50e2 <KEYPAD_getPressedKey>
    21f2:	fe 01       	movw	r30, r28
    21f4:	ed 59       	subi	r30, 0x9D	; 157
    21f6:	fe 4f       	sbci	r31, 0xFE	; 254
    21f8:	80 83       	st	Z, r24
				 firstEnteryVoltmeter=0;
    21fa:	fe 01       	movw	r30, r28
    21fc:	ef 59       	subi	r30, 0x9F	; 159
    21fe:	fe 4f       	sbci	r31, 0xFE	; 254
    2200:	10 82       	st	Z, r1
				}
				while( (keyPressed!= VOLTMETERFIRSTRANGE) && (keyPressed!=VOLTMETERSECRANGE));
    2202:	fe 01       	movw	r30, r28
    2204:	ed 59       	subi	r30, 0x9D	; 157
    2206:	fe 4f       	sbci	r31, 0xFE	; 254
    2208:	80 81       	ld	r24, Z
    220a:	81 30       	cpi	r24, 0x01	; 1
    220c:	39 f0       	breq	.+14     	; 0x221c <main+0x101a>
    220e:	fe 01       	movw	r30, r28
    2210:	ed 59       	subi	r30, 0x9D	; 157
    2212:	fe 4f       	sbci	r31, 0xFE	; 254
    2214:	80 81       	ld	r24, Z
    2216:	82 30       	cpi	r24, 0x02	; 2
    2218:	09 f0       	breq	.+2      	; 0x221c <main+0x101a>
    221a:	0b cf       	rjmp	.-490    	; 0x2032 <main+0xe30>

			/* Returning the flag to it's default value for the upcoming Enteries*/
				firstEnteryVoltmeter=1;
    221c:	fe 01       	movw	r30, r28
    221e:	ef 59       	subi	r30, 0x9F	; 159
    2220:	fe 4f       	sbci	r31, 0xFE	; 254
    2222:	81 e0       	ldi	r24, 0x01	; 1
    2224:	80 83       	st	Z, r24

			 /**********************************************************************
			  *        Menu for the user to choose Range of Voltmeter from         *
			  **********************************************************************/
				switch (keyPressed)
    2226:	fe 01       	movw	r30, r28
    2228:	ed 59       	subi	r30, 0x9D	; 157
    222a:	fe 4f       	sbci	r31, 0xFE	; 254
    222c:	80 81       	ld	r24, Z
    222e:	28 2f       	mov	r18, r24
    2230:	30 e0       	ldi	r19, 0x00	; 0
    2232:	c4 59       	subi	r28, 0x94	; 148
    2234:	de 4f       	sbci	r29, 0xFE	; 254
    2236:	39 83       	std	Y+1, r19	; 0x01
    2238:	28 83       	st	Y, r18
    223a:	cc 56       	subi	r28, 0x6C	; 108
    223c:	d1 40       	sbci	r29, 0x01	; 1
    223e:	c4 59       	subi	r28, 0x94	; 148
    2240:	de 4f       	sbci	r29, 0xFE	; 254
    2242:	88 81       	ld	r24, Y
    2244:	99 81       	ldd	r25, Y+1	; 0x01
    2246:	cc 56       	subi	r28, 0x6C	; 108
    2248:	d1 40       	sbci	r29, 0x01	; 1
    224a:	81 30       	cpi	r24, 0x01	; 1
    224c:	91 05       	cpc	r25, r1
    224e:	59 f0       	breq	.+22     	; 0x2266 <main+0x1064>
    2250:	c4 59       	subi	r28, 0x94	; 148
    2252:	de 4f       	sbci	r29, 0xFE	; 254
    2254:	e8 81       	ld	r30, Y
    2256:	f9 81       	ldd	r31, Y+1	; 0x01
    2258:	cc 56       	subi	r28, 0x6C	; 108
    225a:	d1 40       	sbci	r29, 0x01	; 1
    225c:	e2 30       	cpi	r30, 0x02	; 2
    225e:	f1 05       	cpc	r31, r1
    2260:	09 f4       	brne	.+2      	; 0x2264 <main+0x1062>
    2262:	c0 c0       	rjmp	.+384    	; 0x23e4 <main+0x11e2>
    2264:	d8 c8       	rjmp	.-3664   	; 0x1416 <main+0x214>
				{
					case VOLTMETERFIRSTRANGE:

					LCD_clearScreen();
    2266:	0e 94 62 33 	call	0x66c4	; 0x66c4 <LCD_clearScreen>
					LCD_displayString("First Range");
    226a:	8c e3       	ldi	r24, 0x3C	; 60
    226c:	91 e0       	ldi	r25, 0x01	; 1
    226e:	0e 94 bf 32 	call	0x657e	; 0x657e <LCD_displayString>
    2272:	fe 01       	movw	r30, r28
    2274:	e3 52       	subi	r30, 0x23	; 35
    2276:	ff 4f       	sbci	r31, 0xFF	; 255
    2278:	80 e0       	ldi	r24, 0x00	; 0
    227a:	90 e0       	ldi	r25, 0x00	; 0
    227c:	aa ef       	ldi	r26, 0xFA	; 250
    227e:	b3 e4       	ldi	r27, 0x43	; 67
    2280:	80 83       	st	Z, r24
    2282:	91 83       	std	Z+1, r25	; 0x01
    2284:	a2 83       	std	Z+2, r26	; 0x02
    2286:	b3 83       	std	Z+3, r27	; 0x03
 */
void
_delay_ms(double __ms)
{
	uint16_t __ticks;
	double __tmp = ((F_CPU) / 4e3) * __ms;
    2288:	8e 01       	movw	r16, r28
    228a:	07 52       	subi	r16, 0x27	; 39
    228c:	1f 4f       	sbci	r17, 0xFF	; 255
    228e:	fe 01       	movw	r30, r28
    2290:	e3 52       	subi	r30, 0x23	; 35
    2292:	ff 4f       	sbci	r31, 0xFF	; 255
    2294:	60 81       	ld	r22, Z
    2296:	71 81       	ldd	r23, Z+1	; 0x01
    2298:	82 81       	ldd	r24, Z+2	; 0x02
    229a:	93 81       	ldd	r25, Z+3	; 0x03
    229c:	20 e0       	ldi	r18, 0x00	; 0
    229e:	30 e0       	ldi	r19, 0x00	; 0
    22a0:	4a e7       	ldi	r20, 0x7A	; 122
    22a2:	53 e4       	ldi	r21, 0x43	; 67
    22a4:	0e 94 1f 02 	call	0x43e	; 0x43e <__mulsf3>
    22a8:	dc 01       	movw	r26, r24
    22aa:	cb 01       	movw	r24, r22
    22ac:	f8 01       	movw	r30, r16
    22ae:	80 83       	st	Z, r24
    22b0:	91 83       	std	Z+1, r25	; 0x01
    22b2:	a2 83       	std	Z+2, r26	; 0x02
    22b4:	b3 83       	std	Z+3, r27	; 0x03
	if (__tmp < 1.0)
    22b6:	fe 01       	movw	r30, r28
    22b8:	e7 52       	subi	r30, 0x27	; 39
    22ba:	ff 4f       	sbci	r31, 0xFF	; 255
    22bc:	60 81       	ld	r22, Z
    22be:	71 81       	ldd	r23, Z+1	; 0x01
    22c0:	82 81       	ldd	r24, Z+2	; 0x02
    22c2:	93 81       	ldd	r25, Z+3	; 0x03
    22c4:	20 e0       	ldi	r18, 0x00	; 0
    22c6:	30 e0       	ldi	r19, 0x00	; 0
    22c8:	40 e8       	ldi	r20, 0x80	; 128
    22ca:	5f e3       	ldi	r21, 0x3F	; 63
    22cc:	0e 94 25 04 	call	0x84a	; 0x84a <__ltsf2>
    22d0:	88 23       	and	r24, r24
    22d2:	44 f4       	brge	.+16     	; 0x22e4 <main+0x10e2>
		__ticks = 1;
    22d4:	fe 01       	movw	r30, r28
    22d6:	e9 52       	subi	r30, 0x29	; 41
    22d8:	ff 4f       	sbci	r31, 0xFF	; 255
    22da:	81 e0       	ldi	r24, 0x01	; 1
    22dc:	90 e0       	ldi	r25, 0x00	; 0
    22de:	91 83       	std	Z+1, r25	; 0x01
    22e0:	80 83       	st	Z, r24
    22e2:	64 c0       	rjmp	.+200    	; 0x23ac <main+0x11aa>
	else if (__tmp > 65535)
    22e4:	fe 01       	movw	r30, r28
    22e6:	e7 52       	subi	r30, 0x27	; 39
    22e8:	ff 4f       	sbci	r31, 0xFF	; 255
    22ea:	60 81       	ld	r22, Z
    22ec:	71 81       	ldd	r23, Z+1	; 0x01
    22ee:	82 81       	ldd	r24, Z+2	; 0x02
    22f0:	93 81       	ldd	r25, Z+3	; 0x03
    22f2:	20 e0       	ldi	r18, 0x00	; 0
    22f4:	3f ef       	ldi	r19, 0xFF	; 255
    22f6:	4f e7       	ldi	r20, 0x7F	; 127
    22f8:	57 e4       	ldi	r21, 0x47	; 71
    22fa:	0e 94 c5 03 	call	0x78a	; 0x78a <__gtsf2>
    22fe:	18 16       	cp	r1, r24
    2300:	0c f0       	brlt	.+2      	; 0x2304 <main+0x1102>
    2302:	43 c0       	rjmp	.+134    	; 0x238a <main+0x1188>
	{
		//	__ticks = requested delay in 1/10 ms
		__ticks = (uint16_t) (__ms * 10.0);
    2304:	fe 01       	movw	r30, r28
    2306:	e3 52       	subi	r30, 0x23	; 35
    2308:	ff 4f       	sbci	r31, 0xFF	; 255
    230a:	60 81       	ld	r22, Z
    230c:	71 81       	ldd	r23, Z+1	; 0x01
    230e:	82 81       	ldd	r24, Z+2	; 0x02
    2310:	93 81       	ldd	r25, Z+3	; 0x03
    2312:	20 e0       	ldi	r18, 0x00	; 0
    2314:	30 e0       	ldi	r19, 0x00	; 0
    2316:	40 e2       	ldi	r20, 0x20	; 32
    2318:	51 e4       	ldi	r21, 0x41	; 65
    231a:	0e 94 1f 02 	call	0x43e	; 0x43e <__mulsf3>
    231e:	dc 01       	movw	r26, r24
    2320:	cb 01       	movw	r24, r22
    2322:	8e 01       	movw	r16, r28
    2324:	09 52       	subi	r16, 0x29	; 41
    2326:	1f 4f       	sbci	r17, 0xFF	; 255
    2328:	bc 01       	movw	r22, r24
    232a:	cd 01       	movw	r24, r26
    232c:	0e 94 49 00 	call	0x92	; 0x92 <__fixunssfsi>
    2330:	dc 01       	movw	r26, r24
    2332:	cb 01       	movw	r24, r22
    2334:	f8 01       	movw	r30, r16
    2336:	91 83       	std	Z+1, r25	; 0x01
    2338:	80 83       	st	Z, r24
    233a:	1f c0       	rjmp	.+62     	; 0x237a <main+0x1178>
    233c:	fe 01       	movw	r30, r28
    233e:	eb 52       	subi	r30, 0x2B	; 43
    2340:	ff 4f       	sbci	r31, 0xFF	; 255
    2342:	89 e1       	ldi	r24, 0x19	; 25
    2344:	90 e0       	ldi	r25, 0x00	; 0
    2346:	91 83       	std	Z+1, r25	; 0x01
    2348:	80 83       	st	Z, r24
    234a:	fe 01       	movw	r30, r28
    234c:	eb 52       	subi	r30, 0x2B	; 43
    234e:	ff 4f       	sbci	r31, 0xFF	; 255
    2350:	80 81       	ld	r24, Z
    2352:	91 81       	ldd	r25, Z+1	; 0x01
    2354:	01 97       	sbiw	r24, 0x01	; 1
    2356:	f1 f7       	brne	.-4      	; 0x2354 <main+0x1152>
    2358:	fe 01       	movw	r30, r28
    235a:	eb 52       	subi	r30, 0x2B	; 43
    235c:	ff 4f       	sbci	r31, 0xFF	; 255
    235e:	91 83       	std	Z+1, r25	; 0x01
    2360:	80 83       	st	Z, r24
		while(__ticks)
		{
			// wait 1/10 ms
			_delay_loop_2(((F_CPU) / 4e3) / 10);
			__ticks --;
    2362:	de 01       	movw	r26, r28
    2364:	a9 52       	subi	r26, 0x29	; 41
    2366:	bf 4f       	sbci	r27, 0xFF	; 255
    2368:	fe 01       	movw	r30, r28
    236a:	e9 52       	subi	r30, 0x29	; 41
    236c:	ff 4f       	sbci	r31, 0xFF	; 255
    236e:	80 81       	ld	r24, Z
    2370:	91 81       	ldd	r25, Z+1	; 0x01
    2372:	01 97       	sbiw	r24, 0x01	; 1
    2374:	11 96       	adiw	r26, 0x01	; 1
    2376:	9c 93       	st	X, r25
    2378:	8e 93       	st	-X, r24
		__ticks = 1;
	else if (__tmp > 65535)
	{
		//	__ticks = requested delay in 1/10 ms
		__ticks = (uint16_t) (__ms * 10.0);
		while(__ticks)
    237a:	fe 01       	movw	r30, r28
    237c:	e9 52       	subi	r30, 0x29	; 41
    237e:	ff 4f       	sbci	r31, 0xFF	; 255
    2380:	80 81       	ld	r24, Z
    2382:	91 81       	ldd	r25, Z+1	; 0x01
    2384:	00 97       	sbiw	r24, 0x00	; 0
    2386:	d1 f6       	brne	.-76     	; 0x233c <main+0x113a>
    2388:	27 c0       	rjmp	.+78     	; 0x23d8 <main+0x11d6>
			__ticks --;
		}
		return;
	}
	else
		__ticks = (uint16_t)__tmp;
    238a:	8e 01       	movw	r16, r28
    238c:	09 52       	subi	r16, 0x29	; 41
    238e:	1f 4f       	sbci	r17, 0xFF	; 255
    2390:	fe 01       	movw	r30, r28
    2392:	e7 52       	subi	r30, 0x27	; 39
    2394:	ff 4f       	sbci	r31, 0xFF	; 255
    2396:	60 81       	ld	r22, Z
    2398:	71 81       	ldd	r23, Z+1	; 0x01
    239a:	82 81       	ldd	r24, Z+2	; 0x02
    239c:	93 81       	ldd	r25, Z+3	; 0x03
    239e:	0e 94 49 00 	call	0x92	; 0x92 <__fixunssfsi>
    23a2:	dc 01       	movw	r26, r24
    23a4:	cb 01       	movw	r24, r22
    23a6:	f8 01       	movw	r30, r16
    23a8:	91 83       	std	Z+1, r25	; 0x01
    23aa:	80 83       	st	Z, r24
    23ac:	de 01       	movw	r26, r28
    23ae:	ad 52       	subi	r26, 0x2D	; 45
    23b0:	bf 4f       	sbci	r27, 0xFF	; 255
    23b2:	fe 01       	movw	r30, r28
    23b4:	e9 52       	subi	r30, 0x29	; 41
    23b6:	ff 4f       	sbci	r31, 0xFF	; 255
    23b8:	80 81       	ld	r24, Z
    23ba:	91 81       	ldd	r25, Z+1	; 0x01
    23bc:	8d 93       	st	X+, r24
    23be:	9c 93       	st	X, r25
    23c0:	fe 01       	movw	r30, r28
    23c2:	ed 52       	subi	r30, 0x2D	; 45
    23c4:	ff 4f       	sbci	r31, 0xFF	; 255
    23c6:	80 81       	ld	r24, Z
    23c8:	91 81       	ldd	r25, Z+1	; 0x01
    23ca:	01 97       	sbiw	r24, 0x01	; 1
    23cc:	f1 f7       	brne	.-4      	; 0x23ca <main+0x11c8>
    23ce:	fe 01       	movw	r30, r28
    23d0:	ed 52       	subi	r30, 0x2D	; 45
    23d2:	ff 4f       	sbci	r31, 0xFF	; 255
    23d4:	91 83       	std	Z+1, r25	; 0x01
    23d6:	80 83       	st	Z, r24
					 _delay_ms(500);
					LCD_clearScreen();
    23d8:	0e 94 62 33 	call	0x66c4	; 0x66c4 <LCD_clearScreen>

					VOLTMETER_firstRange();
    23dc:	0e 94 2d 07 	call	0xe5a	; 0xe5a <VOLTMETER_firstRange>
    23e0:	0c 94 0b 0a 	jmp	0x1416	; 0x1416 <main+0x214>
						break;

					case VOLTMETERSECRANGE:

					LCD_clearScreen();
    23e4:	0e 94 62 33 	call	0x66c4	; 0x66c4 <LCD_clearScreen>
					LCD_displayString("Sec Range");
    23e8:	88 e4       	ldi	r24, 0x48	; 72
    23ea:	91 e0       	ldi	r25, 0x01	; 1
    23ec:	0e 94 bf 32 	call	0x657e	; 0x657e <LCD_displayString>
    23f0:	fe 01       	movw	r30, r28
    23f2:	e1 53       	subi	r30, 0x31	; 49
    23f4:	ff 4f       	sbci	r31, 0xFF	; 255
    23f6:	80 e0       	ldi	r24, 0x00	; 0
    23f8:	90 e0       	ldi	r25, 0x00	; 0
    23fa:	aa ef       	ldi	r26, 0xFA	; 250
    23fc:	b3 e4       	ldi	r27, 0x43	; 67
    23fe:	80 83       	st	Z, r24
    2400:	91 83       	std	Z+1, r25	; 0x01
    2402:	a2 83       	std	Z+2, r26	; 0x02
    2404:	b3 83       	std	Z+3, r27	; 0x03
 */
void
_delay_ms(double __ms)
{
	uint16_t __ticks;
	double __tmp = ((F_CPU) / 4e3) * __ms;
    2406:	8e 01       	movw	r16, r28
    2408:	05 53       	subi	r16, 0x35	; 53
    240a:	1f 4f       	sbci	r17, 0xFF	; 255
    240c:	fe 01       	movw	r30, r28
    240e:	e1 53       	subi	r30, 0x31	; 49
    2410:	ff 4f       	sbci	r31, 0xFF	; 255
    2412:	60 81       	ld	r22, Z
    2414:	71 81       	ldd	r23, Z+1	; 0x01
    2416:	82 81       	ldd	r24, Z+2	; 0x02
    2418:	93 81       	ldd	r25, Z+3	; 0x03
    241a:	20 e0       	ldi	r18, 0x00	; 0
    241c:	30 e0       	ldi	r19, 0x00	; 0
    241e:	4a e7       	ldi	r20, 0x7A	; 122
    2420:	53 e4       	ldi	r21, 0x43	; 67
    2422:	0e 94 1f 02 	call	0x43e	; 0x43e <__mulsf3>
    2426:	dc 01       	movw	r26, r24
    2428:	cb 01       	movw	r24, r22
    242a:	f8 01       	movw	r30, r16
    242c:	80 83       	st	Z, r24
    242e:	91 83       	std	Z+1, r25	; 0x01
    2430:	a2 83       	std	Z+2, r26	; 0x02
    2432:	b3 83       	std	Z+3, r27	; 0x03
	if (__tmp < 1.0)
    2434:	fe 01       	movw	r30, r28
    2436:	e5 53       	subi	r30, 0x35	; 53
    2438:	ff 4f       	sbci	r31, 0xFF	; 255
    243a:	60 81       	ld	r22, Z
    243c:	71 81       	ldd	r23, Z+1	; 0x01
    243e:	82 81       	ldd	r24, Z+2	; 0x02
    2440:	93 81       	ldd	r25, Z+3	; 0x03
    2442:	20 e0       	ldi	r18, 0x00	; 0
    2444:	30 e0       	ldi	r19, 0x00	; 0
    2446:	40 e8       	ldi	r20, 0x80	; 128
    2448:	5f e3       	ldi	r21, 0x3F	; 63
    244a:	0e 94 25 04 	call	0x84a	; 0x84a <__ltsf2>
    244e:	88 23       	and	r24, r24
    2450:	44 f4       	brge	.+16     	; 0x2462 <main+0x1260>
		__ticks = 1;
    2452:	fe 01       	movw	r30, r28
    2454:	e7 53       	subi	r30, 0x37	; 55
    2456:	ff 4f       	sbci	r31, 0xFF	; 255
    2458:	81 e0       	ldi	r24, 0x01	; 1
    245a:	90 e0       	ldi	r25, 0x00	; 0
    245c:	91 83       	std	Z+1, r25	; 0x01
    245e:	80 83       	st	Z, r24
    2460:	64 c0       	rjmp	.+200    	; 0x252a <main+0x1328>
	else if (__tmp > 65535)
    2462:	fe 01       	movw	r30, r28
    2464:	e5 53       	subi	r30, 0x35	; 53
    2466:	ff 4f       	sbci	r31, 0xFF	; 255
    2468:	60 81       	ld	r22, Z
    246a:	71 81       	ldd	r23, Z+1	; 0x01
    246c:	82 81       	ldd	r24, Z+2	; 0x02
    246e:	93 81       	ldd	r25, Z+3	; 0x03
    2470:	20 e0       	ldi	r18, 0x00	; 0
    2472:	3f ef       	ldi	r19, 0xFF	; 255
    2474:	4f e7       	ldi	r20, 0x7F	; 127
    2476:	57 e4       	ldi	r21, 0x47	; 71
    2478:	0e 94 c5 03 	call	0x78a	; 0x78a <__gtsf2>
    247c:	18 16       	cp	r1, r24
    247e:	0c f0       	brlt	.+2      	; 0x2482 <main+0x1280>
    2480:	43 c0       	rjmp	.+134    	; 0x2508 <main+0x1306>
	{
		//	__ticks = requested delay in 1/10 ms
		__ticks = (uint16_t) (__ms * 10.0);
    2482:	fe 01       	movw	r30, r28
    2484:	e1 53       	subi	r30, 0x31	; 49
    2486:	ff 4f       	sbci	r31, 0xFF	; 255
    2488:	60 81       	ld	r22, Z
    248a:	71 81       	ldd	r23, Z+1	; 0x01
    248c:	82 81       	ldd	r24, Z+2	; 0x02
    248e:	93 81       	ldd	r25, Z+3	; 0x03
    2490:	20 e0       	ldi	r18, 0x00	; 0
    2492:	30 e0       	ldi	r19, 0x00	; 0
    2494:	40 e2       	ldi	r20, 0x20	; 32
    2496:	51 e4       	ldi	r21, 0x41	; 65
    2498:	0e 94 1f 02 	call	0x43e	; 0x43e <__mulsf3>
    249c:	dc 01       	movw	r26, r24
    249e:	cb 01       	movw	r24, r22
    24a0:	8e 01       	movw	r16, r28
    24a2:	07 53       	subi	r16, 0x37	; 55
    24a4:	1f 4f       	sbci	r17, 0xFF	; 255
    24a6:	bc 01       	movw	r22, r24
    24a8:	cd 01       	movw	r24, r26
    24aa:	0e 94 49 00 	call	0x92	; 0x92 <__fixunssfsi>
    24ae:	dc 01       	movw	r26, r24
    24b0:	cb 01       	movw	r24, r22
    24b2:	f8 01       	movw	r30, r16
    24b4:	91 83       	std	Z+1, r25	; 0x01
    24b6:	80 83       	st	Z, r24
    24b8:	1f c0       	rjmp	.+62     	; 0x24f8 <main+0x12f6>
    24ba:	fe 01       	movw	r30, r28
    24bc:	e9 53       	subi	r30, 0x39	; 57
    24be:	ff 4f       	sbci	r31, 0xFF	; 255
    24c0:	89 e1       	ldi	r24, 0x19	; 25
    24c2:	90 e0       	ldi	r25, 0x00	; 0
    24c4:	91 83       	std	Z+1, r25	; 0x01
    24c6:	80 83       	st	Z, r24
    24c8:	fe 01       	movw	r30, r28
    24ca:	e9 53       	subi	r30, 0x39	; 57
    24cc:	ff 4f       	sbci	r31, 0xFF	; 255
    24ce:	80 81       	ld	r24, Z
    24d0:	91 81       	ldd	r25, Z+1	; 0x01
    24d2:	01 97       	sbiw	r24, 0x01	; 1
    24d4:	f1 f7       	brne	.-4      	; 0x24d2 <main+0x12d0>
    24d6:	fe 01       	movw	r30, r28
    24d8:	e9 53       	subi	r30, 0x39	; 57
    24da:	ff 4f       	sbci	r31, 0xFF	; 255
    24dc:	91 83       	std	Z+1, r25	; 0x01
    24de:	80 83       	st	Z, r24
		while(__ticks)
		{
			// wait 1/10 ms
			_delay_loop_2(((F_CPU) / 4e3) / 10);
			__ticks --;
    24e0:	de 01       	movw	r26, r28
    24e2:	a7 53       	subi	r26, 0x37	; 55
    24e4:	bf 4f       	sbci	r27, 0xFF	; 255
    24e6:	fe 01       	movw	r30, r28
    24e8:	e7 53       	subi	r30, 0x37	; 55
    24ea:	ff 4f       	sbci	r31, 0xFF	; 255
    24ec:	80 81       	ld	r24, Z
    24ee:	91 81       	ldd	r25, Z+1	; 0x01
    24f0:	01 97       	sbiw	r24, 0x01	; 1
    24f2:	11 96       	adiw	r26, 0x01	; 1
    24f4:	9c 93       	st	X, r25
    24f6:	8e 93       	st	-X, r24
		__ticks = 1;
	else if (__tmp > 65535)
	{
		//	__ticks = requested delay in 1/10 ms
		__ticks = (uint16_t) (__ms * 10.0);
		while(__ticks)
    24f8:	fe 01       	movw	r30, r28
    24fa:	e7 53       	subi	r30, 0x37	; 55
    24fc:	ff 4f       	sbci	r31, 0xFF	; 255
    24fe:	80 81       	ld	r24, Z
    2500:	91 81       	ldd	r25, Z+1	; 0x01
    2502:	00 97       	sbiw	r24, 0x00	; 0
    2504:	d1 f6       	brne	.-76     	; 0x24ba <main+0x12b8>
    2506:	27 c0       	rjmp	.+78     	; 0x2556 <main+0x1354>
			__ticks --;
		}
		return;
	}
	else
		__ticks = (uint16_t)__tmp;
    2508:	8e 01       	movw	r16, r28
    250a:	07 53       	subi	r16, 0x37	; 55
    250c:	1f 4f       	sbci	r17, 0xFF	; 255
    250e:	fe 01       	movw	r30, r28
    2510:	e5 53       	subi	r30, 0x35	; 53
    2512:	ff 4f       	sbci	r31, 0xFF	; 255
    2514:	60 81       	ld	r22, Z
    2516:	71 81       	ldd	r23, Z+1	; 0x01
    2518:	82 81       	ldd	r24, Z+2	; 0x02
    251a:	93 81       	ldd	r25, Z+3	; 0x03
    251c:	0e 94 49 00 	call	0x92	; 0x92 <__fixunssfsi>
    2520:	dc 01       	movw	r26, r24
    2522:	cb 01       	movw	r24, r22
    2524:	f8 01       	movw	r30, r16
    2526:	91 83       	std	Z+1, r25	; 0x01
    2528:	80 83       	st	Z, r24
    252a:	de 01       	movw	r26, r28
    252c:	ab 53       	subi	r26, 0x3B	; 59
    252e:	bf 4f       	sbci	r27, 0xFF	; 255
    2530:	fe 01       	movw	r30, r28
    2532:	e7 53       	subi	r30, 0x37	; 55
    2534:	ff 4f       	sbci	r31, 0xFF	; 255
    2536:	80 81       	ld	r24, Z
    2538:	91 81       	ldd	r25, Z+1	; 0x01
    253a:	8d 93       	st	X+, r24
    253c:	9c 93       	st	X, r25
    253e:	fe 01       	movw	r30, r28
    2540:	eb 53       	subi	r30, 0x3B	; 59
    2542:	ff 4f       	sbci	r31, 0xFF	; 255
    2544:	80 81       	ld	r24, Z
    2546:	91 81       	ldd	r25, Z+1	; 0x01
    2548:	01 97       	sbiw	r24, 0x01	; 1
    254a:	f1 f7       	brne	.-4      	; 0x2548 <main+0x1346>
    254c:	fe 01       	movw	r30, r28
    254e:	eb 53       	subi	r30, 0x3B	; 59
    2550:	ff 4f       	sbci	r31, 0xFF	; 255
    2552:	91 83       	std	Z+1, r25	; 0x01
    2554:	80 83       	st	Z, r24
					 _delay_ms(500);
					LCD_clearScreen();
    2556:	0e 94 62 33 	call	0x66c4	; 0x66c4 <LCD_clearScreen>

					VOLTMETER_secondRange();
    255a:	0e 94 17 08 	call	0x102e	; 0x102e <VOLTMETER_secondRange>
    255e:	0c 94 0b 0a 	jmp	0x1416	; 0x1416 <main+0x214>
				break;

			case DCVOLT:

			/* Selecting the relayv that switch the output of the Voltmeter circuit on AC to DC circuit */
			GPIO_writePin(PORTB_ID,PIN4_ID, LOGIC_HIGH);
    2562:	81 e0       	ldi	r24, 0x01	; 1
    2564:	64 e0       	ldi	r22, 0x04	; 4
    2566:	41 e0       	ldi	r20, 0x01	; 1
    2568:	0e 94 65 25 	call	0x4aca	; 0x4aca <GPIO_writePin>

			/**********************************************************************
			 *        Showing the user that he selected Ac mode                   *
		     **********************************************************************/
			 LCD_clearScreen();
    256c:	0e 94 62 33 	call	0x66c4	; 0x66c4 <LCD_clearScreen>
			 LCD_displayString("DC");
    2570:	82 e5       	ldi	r24, 0x52	; 82
    2572:	91 e0       	ldi	r25, 0x01	; 1
    2574:	0e 94 bf 32 	call	0x657e	; 0x657e <LCD_displayString>
    2578:	fe 01       	movw	r30, r28
    257a:	ef 53       	subi	r30, 0x3F	; 63
    257c:	ff 4f       	sbci	r31, 0xFF	; 255
    257e:	80 e0       	ldi	r24, 0x00	; 0
    2580:	90 e0       	ldi	r25, 0x00	; 0
    2582:	a6 e9       	ldi	r26, 0x96	; 150
    2584:	b3 e4       	ldi	r27, 0x43	; 67
    2586:	80 83       	st	Z, r24
    2588:	91 83       	std	Z+1, r25	; 0x01
    258a:	a2 83       	std	Z+2, r26	; 0x02
    258c:	b3 83       	std	Z+3, r27	; 0x03
 */
void
_delay_ms(double __ms)
{
	uint16_t __ticks;
	double __tmp = ((F_CPU) / 4e3) * __ms;
    258e:	8e 01       	movw	r16, r28
    2590:	03 54       	subi	r16, 0x43	; 67
    2592:	1f 4f       	sbci	r17, 0xFF	; 255
    2594:	fe 01       	movw	r30, r28
    2596:	ef 53       	subi	r30, 0x3F	; 63
    2598:	ff 4f       	sbci	r31, 0xFF	; 255
    259a:	60 81       	ld	r22, Z
    259c:	71 81       	ldd	r23, Z+1	; 0x01
    259e:	82 81       	ldd	r24, Z+2	; 0x02
    25a0:	93 81       	ldd	r25, Z+3	; 0x03
    25a2:	20 e0       	ldi	r18, 0x00	; 0
    25a4:	30 e0       	ldi	r19, 0x00	; 0
    25a6:	4a e7       	ldi	r20, 0x7A	; 122
    25a8:	53 e4       	ldi	r21, 0x43	; 67
    25aa:	0e 94 1f 02 	call	0x43e	; 0x43e <__mulsf3>
    25ae:	dc 01       	movw	r26, r24
    25b0:	cb 01       	movw	r24, r22
    25b2:	f8 01       	movw	r30, r16
    25b4:	80 83       	st	Z, r24
    25b6:	91 83       	std	Z+1, r25	; 0x01
    25b8:	a2 83       	std	Z+2, r26	; 0x02
    25ba:	b3 83       	std	Z+3, r27	; 0x03
	if (__tmp < 1.0)
    25bc:	fe 01       	movw	r30, r28
    25be:	e3 54       	subi	r30, 0x43	; 67
    25c0:	ff 4f       	sbci	r31, 0xFF	; 255
    25c2:	60 81       	ld	r22, Z
    25c4:	71 81       	ldd	r23, Z+1	; 0x01
    25c6:	82 81       	ldd	r24, Z+2	; 0x02
    25c8:	93 81       	ldd	r25, Z+3	; 0x03
    25ca:	20 e0       	ldi	r18, 0x00	; 0
    25cc:	30 e0       	ldi	r19, 0x00	; 0
    25ce:	40 e8       	ldi	r20, 0x80	; 128
    25d0:	5f e3       	ldi	r21, 0x3F	; 63
    25d2:	0e 94 25 04 	call	0x84a	; 0x84a <__ltsf2>
    25d6:	88 23       	and	r24, r24
    25d8:	44 f4       	brge	.+16     	; 0x25ea <main+0x13e8>
		__ticks = 1;
    25da:	fe 01       	movw	r30, r28
    25dc:	e5 54       	subi	r30, 0x45	; 69
    25de:	ff 4f       	sbci	r31, 0xFF	; 255
    25e0:	81 e0       	ldi	r24, 0x01	; 1
    25e2:	90 e0       	ldi	r25, 0x00	; 0
    25e4:	91 83       	std	Z+1, r25	; 0x01
    25e6:	80 83       	st	Z, r24
    25e8:	64 c0       	rjmp	.+200    	; 0x26b2 <main+0x14b0>
	else if (__tmp > 65535)
    25ea:	fe 01       	movw	r30, r28
    25ec:	e3 54       	subi	r30, 0x43	; 67
    25ee:	ff 4f       	sbci	r31, 0xFF	; 255
    25f0:	60 81       	ld	r22, Z
    25f2:	71 81       	ldd	r23, Z+1	; 0x01
    25f4:	82 81       	ldd	r24, Z+2	; 0x02
    25f6:	93 81       	ldd	r25, Z+3	; 0x03
    25f8:	20 e0       	ldi	r18, 0x00	; 0
    25fa:	3f ef       	ldi	r19, 0xFF	; 255
    25fc:	4f e7       	ldi	r20, 0x7F	; 127
    25fe:	57 e4       	ldi	r21, 0x47	; 71
    2600:	0e 94 c5 03 	call	0x78a	; 0x78a <__gtsf2>
    2604:	18 16       	cp	r1, r24
    2606:	0c f0       	brlt	.+2      	; 0x260a <main+0x1408>
    2608:	43 c0       	rjmp	.+134    	; 0x2690 <main+0x148e>
	{
		//	__ticks = requested delay in 1/10 ms
		__ticks = (uint16_t) (__ms * 10.0);
    260a:	fe 01       	movw	r30, r28
    260c:	ef 53       	subi	r30, 0x3F	; 63
    260e:	ff 4f       	sbci	r31, 0xFF	; 255
    2610:	60 81       	ld	r22, Z
    2612:	71 81       	ldd	r23, Z+1	; 0x01
    2614:	82 81       	ldd	r24, Z+2	; 0x02
    2616:	93 81       	ldd	r25, Z+3	; 0x03
    2618:	20 e0       	ldi	r18, 0x00	; 0
    261a:	30 e0       	ldi	r19, 0x00	; 0
    261c:	40 e2       	ldi	r20, 0x20	; 32
    261e:	51 e4       	ldi	r21, 0x41	; 65
    2620:	0e 94 1f 02 	call	0x43e	; 0x43e <__mulsf3>
    2624:	dc 01       	movw	r26, r24
    2626:	cb 01       	movw	r24, r22
    2628:	8e 01       	movw	r16, r28
    262a:	05 54       	subi	r16, 0x45	; 69
    262c:	1f 4f       	sbci	r17, 0xFF	; 255
    262e:	bc 01       	movw	r22, r24
    2630:	cd 01       	movw	r24, r26
    2632:	0e 94 49 00 	call	0x92	; 0x92 <__fixunssfsi>
    2636:	dc 01       	movw	r26, r24
    2638:	cb 01       	movw	r24, r22
    263a:	f8 01       	movw	r30, r16
    263c:	91 83       	std	Z+1, r25	; 0x01
    263e:	80 83       	st	Z, r24
    2640:	1f c0       	rjmp	.+62     	; 0x2680 <main+0x147e>
    2642:	fe 01       	movw	r30, r28
    2644:	e7 54       	subi	r30, 0x47	; 71
    2646:	ff 4f       	sbci	r31, 0xFF	; 255
    2648:	89 e1       	ldi	r24, 0x19	; 25
    264a:	90 e0       	ldi	r25, 0x00	; 0
    264c:	91 83       	std	Z+1, r25	; 0x01
    264e:	80 83       	st	Z, r24
    2650:	fe 01       	movw	r30, r28
    2652:	e7 54       	subi	r30, 0x47	; 71
    2654:	ff 4f       	sbci	r31, 0xFF	; 255
    2656:	80 81       	ld	r24, Z
    2658:	91 81       	ldd	r25, Z+1	; 0x01
    265a:	01 97       	sbiw	r24, 0x01	; 1
    265c:	f1 f7       	brne	.-4      	; 0x265a <main+0x1458>
    265e:	fe 01       	movw	r30, r28
    2660:	e7 54       	subi	r30, 0x47	; 71
    2662:	ff 4f       	sbci	r31, 0xFF	; 255
    2664:	91 83       	std	Z+1, r25	; 0x01
    2666:	80 83       	st	Z, r24
		while(__ticks)
		{
			// wait 1/10 ms
			_delay_loop_2(((F_CPU) / 4e3) / 10);
			__ticks --;
    2668:	de 01       	movw	r26, r28
    266a:	a5 54       	subi	r26, 0x45	; 69
    266c:	bf 4f       	sbci	r27, 0xFF	; 255
    266e:	fe 01       	movw	r30, r28
    2670:	e5 54       	subi	r30, 0x45	; 69
    2672:	ff 4f       	sbci	r31, 0xFF	; 255
    2674:	80 81       	ld	r24, Z
    2676:	91 81       	ldd	r25, Z+1	; 0x01
    2678:	01 97       	sbiw	r24, 0x01	; 1
    267a:	11 96       	adiw	r26, 0x01	; 1
    267c:	9c 93       	st	X, r25
    267e:	8e 93       	st	-X, r24
		__ticks = 1;
	else if (__tmp > 65535)
	{
		//	__ticks = requested delay in 1/10 ms
		__ticks = (uint16_t) (__ms * 10.0);
		while(__ticks)
    2680:	fe 01       	movw	r30, r28
    2682:	e5 54       	subi	r30, 0x45	; 69
    2684:	ff 4f       	sbci	r31, 0xFF	; 255
    2686:	80 81       	ld	r24, Z
    2688:	91 81       	ldd	r25, Z+1	; 0x01
    268a:	00 97       	sbiw	r24, 0x00	; 0
    268c:	d1 f6       	brne	.-76     	; 0x2642 <main+0x1440>
    268e:	27 c0       	rjmp	.+78     	; 0x26de <main+0x14dc>
			__ticks --;
		}
		return;
	}
	else
		__ticks = (uint16_t)__tmp;
    2690:	8e 01       	movw	r16, r28
    2692:	05 54       	subi	r16, 0x45	; 69
    2694:	1f 4f       	sbci	r17, 0xFF	; 255
    2696:	fe 01       	movw	r30, r28
    2698:	e3 54       	subi	r30, 0x43	; 67
    269a:	ff 4f       	sbci	r31, 0xFF	; 255
    269c:	60 81       	ld	r22, Z
    269e:	71 81       	ldd	r23, Z+1	; 0x01
    26a0:	82 81       	ldd	r24, Z+2	; 0x02
    26a2:	93 81       	ldd	r25, Z+3	; 0x03
    26a4:	0e 94 49 00 	call	0x92	; 0x92 <__fixunssfsi>
    26a8:	dc 01       	movw	r26, r24
    26aa:	cb 01       	movw	r24, r22
    26ac:	f8 01       	movw	r30, r16
    26ae:	91 83       	std	Z+1, r25	; 0x01
    26b0:	80 83       	st	Z, r24
    26b2:	de 01       	movw	r26, r28
    26b4:	a9 54       	subi	r26, 0x49	; 73
    26b6:	bf 4f       	sbci	r27, 0xFF	; 255
    26b8:	fe 01       	movw	r30, r28
    26ba:	e5 54       	subi	r30, 0x45	; 69
    26bc:	ff 4f       	sbci	r31, 0xFF	; 255
    26be:	80 81       	ld	r24, Z
    26c0:	91 81       	ldd	r25, Z+1	; 0x01
    26c2:	8d 93       	st	X+, r24
    26c4:	9c 93       	st	X, r25
    26c6:	fe 01       	movw	r30, r28
    26c8:	e9 54       	subi	r30, 0x49	; 73
    26ca:	ff 4f       	sbci	r31, 0xFF	; 255
    26cc:	80 81       	ld	r24, Z
    26ce:	91 81       	ldd	r25, Z+1	; 0x01
    26d0:	01 97       	sbiw	r24, 0x01	; 1
    26d2:	f1 f7       	brne	.-4      	; 0x26d0 <main+0x14ce>
    26d4:	fe 01       	movw	r30, r28
    26d6:	e9 54       	subi	r30, 0x49	; 73
    26d8:	ff 4f       	sbci	r31, 0xFF	; 255
    26da:	91 83       	std	Z+1, r25	; 0x01
    26dc:	80 83       	st	Z, r24
			 _delay_ms(300);
			 LCD_clearScreen();
    26de:	0e 94 62 33 	call	0x66c4	; 0x66c4 <LCD_clearScreen>
			 /**********************************************************************
			  *          Requesting the range of voltage the user wish to measure  *
			  **********************************************************************/
			  LCD_moveCursor(1, 1);
    26e2:	81 e0       	ldi	r24, 0x01	; 1
    26e4:	61 e0       	ldi	r22, 0x01	; 1
    26e6:	0e 94 e2 32 	call	0x65c4	; 0x65c4 <LCD_moveCursor>
			  LCD_displayString("Please sel req");
    26ea:	8d ef       	ldi	r24, 0xFD	; 253
    26ec:	90 e0       	ldi	r25, 0x00	; 0
    26ee:	0e 94 bf 32 	call	0x657e	; 0x657e <LCD_displayString>
			  LCD_moveCursor(2, 1);
    26f2:	82 e0       	ldi	r24, 0x02	; 2
    26f4:	61 e0       	ldi	r22, 0x01	; 1
    26f6:	0e 94 e2 32 	call	0x65c4	; 0x65c4 <LCD_moveCursor>
			  LCD_displayString("Range");
    26fa:	8c e0       	ldi	r24, 0x0C	; 12
    26fc:	91 e0       	ldi	r25, 0x01	; 1
    26fe:	0e 94 bf 32 	call	0x657e	; 0x657e <LCD_displayString>
    2702:	fe 01       	movw	r30, r28
    2704:	ed 54       	subi	r30, 0x4D	; 77
    2706:	ff 4f       	sbci	r31, 0xFF	; 255
    2708:	80 e0       	ldi	r24, 0x00	; 0
    270a:	90 e0       	ldi	r25, 0x00	; 0
    270c:	aa ef       	ldi	r26, 0xFA	; 250
    270e:	b3 e4       	ldi	r27, 0x43	; 67
    2710:	80 83       	st	Z, r24
    2712:	91 83       	std	Z+1, r25	; 0x01
    2714:	a2 83       	std	Z+2, r26	; 0x02
    2716:	b3 83       	std	Z+3, r27	; 0x03
 */
void
_delay_ms(double __ms)
{
	uint16_t __ticks;
	double __tmp = ((F_CPU) / 4e3) * __ms;
    2718:	8e 01       	movw	r16, r28
    271a:	01 55       	subi	r16, 0x51	; 81
    271c:	1f 4f       	sbci	r17, 0xFF	; 255
    271e:	fe 01       	movw	r30, r28
    2720:	ed 54       	subi	r30, 0x4D	; 77
    2722:	ff 4f       	sbci	r31, 0xFF	; 255
    2724:	60 81       	ld	r22, Z
    2726:	71 81       	ldd	r23, Z+1	; 0x01
    2728:	82 81       	ldd	r24, Z+2	; 0x02
    272a:	93 81       	ldd	r25, Z+3	; 0x03
    272c:	20 e0       	ldi	r18, 0x00	; 0
    272e:	30 e0       	ldi	r19, 0x00	; 0
    2730:	4a e7       	ldi	r20, 0x7A	; 122
    2732:	53 e4       	ldi	r21, 0x43	; 67
    2734:	0e 94 1f 02 	call	0x43e	; 0x43e <__mulsf3>
    2738:	dc 01       	movw	r26, r24
    273a:	cb 01       	movw	r24, r22
    273c:	f8 01       	movw	r30, r16
    273e:	80 83       	st	Z, r24
    2740:	91 83       	std	Z+1, r25	; 0x01
    2742:	a2 83       	std	Z+2, r26	; 0x02
    2744:	b3 83       	std	Z+3, r27	; 0x03
	if (__tmp < 1.0)
    2746:	fe 01       	movw	r30, r28
    2748:	e1 55       	subi	r30, 0x51	; 81
    274a:	ff 4f       	sbci	r31, 0xFF	; 255
    274c:	60 81       	ld	r22, Z
    274e:	71 81       	ldd	r23, Z+1	; 0x01
    2750:	82 81       	ldd	r24, Z+2	; 0x02
    2752:	93 81       	ldd	r25, Z+3	; 0x03
    2754:	20 e0       	ldi	r18, 0x00	; 0
    2756:	30 e0       	ldi	r19, 0x00	; 0
    2758:	40 e8       	ldi	r20, 0x80	; 128
    275a:	5f e3       	ldi	r21, 0x3F	; 63
    275c:	0e 94 25 04 	call	0x84a	; 0x84a <__ltsf2>
    2760:	88 23       	and	r24, r24
    2762:	44 f4       	brge	.+16     	; 0x2774 <main+0x1572>
		__ticks = 1;
    2764:	fe 01       	movw	r30, r28
    2766:	e3 55       	subi	r30, 0x53	; 83
    2768:	ff 4f       	sbci	r31, 0xFF	; 255
    276a:	81 e0       	ldi	r24, 0x01	; 1
    276c:	90 e0       	ldi	r25, 0x00	; 0
    276e:	91 83       	std	Z+1, r25	; 0x01
    2770:	80 83       	st	Z, r24
    2772:	64 c0       	rjmp	.+200    	; 0x283c <main+0x163a>
	else if (__tmp > 65535)
    2774:	fe 01       	movw	r30, r28
    2776:	e1 55       	subi	r30, 0x51	; 81
    2778:	ff 4f       	sbci	r31, 0xFF	; 255
    277a:	60 81       	ld	r22, Z
    277c:	71 81       	ldd	r23, Z+1	; 0x01
    277e:	82 81       	ldd	r24, Z+2	; 0x02
    2780:	93 81       	ldd	r25, Z+3	; 0x03
    2782:	20 e0       	ldi	r18, 0x00	; 0
    2784:	3f ef       	ldi	r19, 0xFF	; 255
    2786:	4f e7       	ldi	r20, 0x7F	; 127
    2788:	57 e4       	ldi	r21, 0x47	; 71
    278a:	0e 94 c5 03 	call	0x78a	; 0x78a <__gtsf2>
    278e:	18 16       	cp	r1, r24
    2790:	0c f0       	brlt	.+2      	; 0x2794 <main+0x1592>
    2792:	43 c0       	rjmp	.+134    	; 0x281a <main+0x1618>
	{
		//	__ticks = requested delay in 1/10 ms
		__ticks = (uint16_t) (__ms * 10.0);
    2794:	fe 01       	movw	r30, r28
    2796:	ed 54       	subi	r30, 0x4D	; 77
    2798:	ff 4f       	sbci	r31, 0xFF	; 255
    279a:	60 81       	ld	r22, Z
    279c:	71 81       	ldd	r23, Z+1	; 0x01
    279e:	82 81       	ldd	r24, Z+2	; 0x02
    27a0:	93 81       	ldd	r25, Z+3	; 0x03
    27a2:	20 e0       	ldi	r18, 0x00	; 0
    27a4:	30 e0       	ldi	r19, 0x00	; 0
    27a6:	40 e2       	ldi	r20, 0x20	; 32
    27a8:	51 e4       	ldi	r21, 0x41	; 65
    27aa:	0e 94 1f 02 	call	0x43e	; 0x43e <__mulsf3>
    27ae:	dc 01       	movw	r26, r24
    27b0:	cb 01       	movw	r24, r22
    27b2:	8e 01       	movw	r16, r28
    27b4:	03 55       	subi	r16, 0x53	; 83
    27b6:	1f 4f       	sbci	r17, 0xFF	; 255
    27b8:	bc 01       	movw	r22, r24
    27ba:	cd 01       	movw	r24, r26
    27bc:	0e 94 49 00 	call	0x92	; 0x92 <__fixunssfsi>
    27c0:	dc 01       	movw	r26, r24
    27c2:	cb 01       	movw	r24, r22
    27c4:	f8 01       	movw	r30, r16
    27c6:	91 83       	std	Z+1, r25	; 0x01
    27c8:	80 83       	st	Z, r24
    27ca:	1f c0       	rjmp	.+62     	; 0x280a <main+0x1608>
    27cc:	fe 01       	movw	r30, r28
    27ce:	e5 55       	subi	r30, 0x55	; 85
    27d0:	ff 4f       	sbci	r31, 0xFF	; 255
    27d2:	89 e1       	ldi	r24, 0x19	; 25
    27d4:	90 e0       	ldi	r25, 0x00	; 0
    27d6:	91 83       	std	Z+1, r25	; 0x01
    27d8:	80 83       	st	Z, r24
    27da:	fe 01       	movw	r30, r28
    27dc:	e5 55       	subi	r30, 0x55	; 85
    27de:	ff 4f       	sbci	r31, 0xFF	; 255
    27e0:	80 81       	ld	r24, Z
    27e2:	91 81       	ldd	r25, Z+1	; 0x01
    27e4:	01 97       	sbiw	r24, 0x01	; 1
    27e6:	f1 f7       	brne	.-4      	; 0x27e4 <main+0x15e2>
    27e8:	fe 01       	movw	r30, r28
    27ea:	e5 55       	subi	r30, 0x55	; 85
    27ec:	ff 4f       	sbci	r31, 0xFF	; 255
    27ee:	91 83       	std	Z+1, r25	; 0x01
    27f0:	80 83       	st	Z, r24
		while(__ticks)
		{
			// wait 1/10 ms
			_delay_loop_2(((F_CPU) / 4e3) / 10);
			__ticks --;
    27f2:	de 01       	movw	r26, r28
    27f4:	a3 55       	subi	r26, 0x53	; 83
    27f6:	bf 4f       	sbci	r27, 0xFF	; 255
    27f8:	fe 01       	movw	r30, r28
    27fa:	e3 55       	subi	r30, 0x53	; 83
    27fc:	ff 4f       	sbci	r31, 0xFF	; 255
    27fe:	80 81       	ld	r24, Z
    2800:	91 81       	ldd	r25, Z+1	; 0x01
    2802:	01 97       	sbiw	r24, 0x01	; 1
    2804:	11 96       	adiw	r26, 0x01	; 1
    2806:	9c 93       	st	X, r25
    2808:	8e 93       	st	-X, r24
		__ticks = 1;
	else if (__tmp > 65535)
	{
		//	__ticks = requested delay in 1/10 ms
		__ticks = (uint16_t) (__ms * 10.0);
		while(__ticks)
    280a:	fe 01       	movw	r30, r28
    280c:	e3 55       	subi	r30, 0x53	; 83
    280e:	ff 4f       	sbci	r31, 0xFF	; 255
    2810:	80 81       	ld	r24, Z
    2812:	91 81       	ldd	r25, Z+1	; 0x01
    2814:	00 97       	sbiw	r24, 0x00	; 0
    2816:	d1 f6       	brne	.-76     	; 0x27cc <main+0x15ca>
    2818:	27 c0       	rjmp	.+78     	; 0x2868 <main+0x1666>
			__ticks --;
		}
		return;
	}
	else
		__ticks = (uint16_t)__tmp;
    281a:	8e 01       	movw	r16, r28
    281c:	03 55       	subi	r16, 0x53	; 83
    281e:	1f 4f       	sbci	r17, 0xFF	; 255
    2820:	fe 01       	movw	r30, r28
    2822:	e1 55       	subi	r30, 0x51	; 81
    2824:	ff 4f       	sbci	r31, 0xFF	; 255
    2826:	60 81       	ld	r22, Z
    2828:	71 81       	ldd	r23, Z+1	; 0x01
    282a:	82 81       	ldd	r24, Z+2	; 0x02
    282c:	93 81       	ldd	r25, Z+3	; 0x03
    282e:	0e 94 49 00 	call	0x92	; 0x92 <__fixunssfsi>
    2832:	dc 01       	movw	r26, r24
    2834:	cb 01       	movw	r24, r22
    2836:	f8 01       	movw	r30, r16
    2838:	91 83       	std	Z+1, r25	; 0x01
    283a:	80 83       	st	Z, r24
    283c:	de 01       	movw	r26, r28
    283e:	a7 55       	subi	r26, 0x57	; 87
    2840:	bf 4f       	sbci	r27, 0xFF	; 255
    2842:	fe 01       	movw	r30, r28
    2844:	e3 55       	subi	r30, 0x53	; 83
    2846:	ff 4f       	sbci	r31, 0xFF	; 255
    2848:	80 81       	ld	r24, Z
    284a:	91 81       	ldd	r25, Z+1	; 0x01
    284c:	8d 93       	st	X+, r24
    284e:	9c 93       	st	X, r25
    2850:	fe 01       	movw	r30, r28
    2852:	e7 55       	subi	r30, 0x57	; 87
    2854:	ff 4f       	sbci	r31, 0xFF	; 255
    2856:	80 81       	ld	r24, Z
    2858:	91 81       	ldd	r25, Z+1	; 0x01
    285a:	01 97       	sbiw	r24, 0x01	; 1
    285c:	f1 f7       	brne	.-4      	; 0x285a <main+0x1658>
    285e:	fe 01       	movw	r30, r28
    2860:	e7 55       	subi	r30, 0x57	; 87
    2862:	ff 4f       	sbci	r31, 0xFF	; 255
    2864:	91 83       	std	Z+1, r25	; 0x01
    2866:	80 83       	st	Z, r24
			  _delay_ms(500);
			  LCD_clearScreen();
    2868:	0e 94 62 33 	call	0x66c4	; 0x66c4 <LCD_clearScreen>
		  {

		  /**********************************************************************
		   *             	    Case if user entered a wrong number            *
		   **********************************************************************/
		  if(!firstEnteryVoltmeter)
    286c:	fe 01       	movw	r30, r28
    286e:	ef 59       	subi	r30, 0x9F	; 159
    2870:	fe 4f       	sbci	r31, 0xFE	; 254
    2872:	80 81       	ld	r24, Z
    2874:	88 23       	and	r24, r24
    2876:	09 f0       	breq	.+2      	; 0x287a <main+0x1678>
    2878:	c7 c0       	rjmp	.+398    	; 0x2a08 <main+0x1806>
			{
			  LCD_clearScreen();
    287a:	0e 94 62 33 	call	0x66c4	; 0x66c4 <LCD_clearScreen>
			  LCD_moveCursor(1, 1);
    287e:	81 e0       	ldi	r24, 0x01	; 1
    2880:	61 e0       	ldi	r22, 0x01	; 1
    2882:	0e 94 e2 32 	call	0x65c4	; 0x65c4 <LCD_moveCursor>
			 LCD_displayString("Please Press on");
    2886:	8f e8       	ldi	r24, 0x8F	; 143
    2888:	90 e0       	ldi	r25, 0x00	; 0
    288a:	0e 94 bf 32 	call	0x657e	; 0x657e <LCD_displayString>
			 LCD_moveCursor(2, 1);
    288e:	82 e0       	ldi	r24, 0x02	; 2
    2890:	61 e0       	ldi	r22, 0x01	; 1
    2892:	0e 94 e2 32 	call	0x65c4	; 0x65c4 <LCD_moveCursor>
			 LCD_displayString("One of Av Keys");
    2896:	82 e1       	ldi	r24, 0x12	; 18
    2898:	91 e0       	ldi	r25, 0x01	; 1
    289a:	0e 94 bf 32 	call	0x657e	; 0x657e <LCD_displayString>
    289e:	fe 01       	movw	r30, r28
    28a0:	eb 55       	subi	r30, 0x5B	; 91
    28a2:	ff 4f       	sbci	r31, 0xFF	; 255
    28a4:	80 e0       	ldi	r24, 0x00	; 0
    28a6:	90 e0       	ldi	r25, 0x00	; 0
    28a8:	aa ef       	ldi	r26, 0xFA	; 250
    28aa:	b3 e4       	ldi	r27, 0x43	; 67
    28ac:	80 83       	st	Z, r24
    28ae:	91 83       	std	Z+1, r25	; 0x01
    28b0:	a2 83       	std	Z+2, r26	; 0x02
    28b2:	b3 83       	std	Z+3, r27	; 0x03
 */
void
_delay_ms(double __ms)
{
	uint16_t __ticks;
	double __tmp = ((F_CPU) / 4e3) * __ms;
    28b4:	8e 01       	movw	r16, r28
    28b6:	0f 55       	subi	r16, 0x5F	; 95
    28b8:	1f 4f       	sbci	r17, 0xFF	; 255
    28ba:	fe 01       	movw	r30, r28
    28bc:	eb 55       	subi	r30, 0x5B	; 91
    28be:	ff 4f       	sbci	r31, 0xFF	; 255
    28c0:	60 81       	ld	r22, Z
    28c2:	71 81       	ldd	r23, Z+1	; 0x01
    28c4:	82 81       	ldd	r24, Z+2	; 0x02
    28c6:	93 81       	ldd	r25, Z+3	; 0x03
    28c8:	20 e0       	ldi	r18, 0x00	; 0
    28ca:	30 e0       	ldi	r19, 0x00	; 0
    28cc:	4a e7       	ldi	r20, 0x7A	; 122
    28ce:	53 e4       	ldi	r21, 0x43	; 67
    28d0:	0e 94 1f 02 	call	0x43e	; 0x43e <__mulsf3>
    28d4:	dc 01       	movw	r26, r24
    28d6:	cb 01       	movw	r24, r22
    28d8:	f8 01       	movw	r30, r16
    28da:	80 83       	st	Z, r24
    28dc:	91 83       	std	Z+1, r25	; 0x01
    28de:	a2 83       	std	Z+2, r26	; 0x02
    28e0:	b3 83       	std	Z+3, r27	; 0x03
	if (__tmp < 1.0)
    28e2:	fe 01       	movw	r30, r28
    28e4:	ef 55       	subi	r30, 0x5F	; 95
    28e6:	ff 4f       	sbci	r31, 0xFF	; 255
    28e8:	60 81       	ld	r22, Z
    28ea:	71 81       	ldd	r23, Z+1	; 0x01
    28ec:	82 81       	ldd	r24, Z+2	; 0x02
    28ee:	93 81       	ldd	r25, Z+3	; 0x03
    28f0:	20 e0       	ldi	r18, 0x00	; 0
    28f2:	30 e0       	ldi	r19, 0x00	; 0
    28f4:	40 e8       	ldi	r20, 0x80	; 128
    28f6:	5f e3       	ldi	r21, 0x3F	; 63
    28f8:	0e 94 25 04 	call	0x84a	; 0x84a <__ltsf2>
    28fc:	88 23       	and	r24, r24
    28fe:	44 f4       	brge	.+16     	; 0x2910 <main+0x170e>
		__ticks = 1;
    2900:	fe 01       	movw	r30, r28
    2902:	e1 56       	subi	r30, 0x61	; 97
    2904:	ff 4f       	sbci	r31, 0xFF	; 255
    2906:	81 e0       	ldi	r24, 0x01	; 1
    2908:	90 e0       	ldi	r25, 0x00	; 0
    290a:	91 83       	std	Z+1, r25	; 0x01
    290c:	80 83       	st	Z, r24
    290e:	64 c0       	rjmp	.+200    	; 0x29d8 <main+0x17d6>
	else if (__tmp > 65535)
    2910:	fe 01       	movw	r30, r28
    2912:	ef 55       	subi	r30, 0x5F	; 95
    2914:	ff 4f       	sbci	r31, 0xFF	; 255
    2916:	60 81       	ld	r22, Z
    2918:	71 81       	ldd	r23, Z+1	; 0x01
    291a:	82 81       	ldd	r24, Z+2	; 0x02
    291c:	93 81       	ldd	r25, Z+3	; 0x03
    291e:	20 e0       	ldi	r18, 0x00	; 0
    2920:	3f ef       	ldi	r19, 0xFF	; 255
    2922:	4f e7       	ldi	r20, 0x7F	; 127
    2924:	57 e4       	ldi	r21, 0x47	; 71
    2926:	0e 94 c5 03 	call	0x78a	; 0x78a <__gtsf2>
    292a:	18 16       	cp	r1, r24
    292c:	0c f0       	brlt	.+2      	; 0x2930 <main+0x172e>
    292e:	43 c0       	rjmp	.+134    	; 0x29b6 <main+0x17b4>
	{
		//	__ticks = requested delay in 1/10 ms
		__ticks = (uint16_t) (__ms * 10.0);
    2930:	fe 01       	movw	r30, r28
    2932:	eb 55       	subi	r30, 0x5B	; 91
    2934:	ff 4f       	sbci	r31, 0xFF	; 255
    2936:	60 81       	ld	r22, Z
    2938:	71 81       	ldd	r23, Z+1	; 0x01
    293a:	82 81       	ldd	r24, Z+2	; 0x02
    293c:	93 81       	ldd	r25, Z+3	; 0x03
    293e:	20 e0       	ldi	r18, 0x00	; 0
    2940:	30 e0       	ldi	r19, 0x00	; 0
    2942:	40 e2       	ldi	r20, 0x20	; 32
    2944:	51 e4       	ldi	r21, 0x41	; 65
    2946:	0e 94 1f 02 	call	0x43e	; 0x43e <__mulsf3>
    294a:	dc 01       	movw	r26, r24
    294c:	cb 01       	movw	r24, r22
    294e:	8e 01       	movw	r16, r28
    2950:	01 56       	subi	r16, 0x61	; 97
    2952:	1f 4f       	sbci	r17, 0xFF	; 255
    2954:	bc 01       	movw	r22, r24
    2956:	cd 01       	movw	r24, r26
    2958:	0e 94 49 00 	call	0x92	; 0x92 <__fixunssfsi>
    295c:	dc 01       	movw	r26, r24
    295e:	cb 01       	movw	r24, r22
    2960:	f8 01       	movw	r30, r16
    2962:	91 83       	std	Z+1, r25	; 0x01
    2964:	80 83       	st	Z, r24
    2966:	1f c0       	rjmp	.+62     	; 0x29a6 <main+0x17a4>
    2968:	fe 01       	movw	r30, r28
    296a:	e3 56       	subi	r30, 0x63	; 99
    296c:	ff 4f       	sbci	r31, 0xFF	; 255
    296e:	89 e1       	ldi	r24, 0x19	; 25
    2970:	90 e0       	ldi	r25, 0x00	; 0
    2972:	91 83       	std	Z+1, r25	; 0x01
    2974:	80 83       	st	Z, r24
    2976:	fe 01       	movw	r30, r28
    2978:	e3 56       	subi	r30, 0x63	; 99
    297a:	ff 4f       	sbci	r31, 0xFF	; 255
    297c:	80 81       	ld	r24, Z
    297e:	91 81       	ldd	r25, Z+1	; 0x01
    2980:	01 97       	sbiw	r24, 0x01	; 1
    2982:	f1 f7       	brne	.-4      	; 0x2980 <main+0x177e>
    2984:	fe 01       	movw	r30, r28
    2986:	e3 56       	subi	r30, 0x63	; 99
    2988:	ff 4f       	sbci	r31, 0xFF	; 255
    298a:	91 83       	std	Z+1, r25	; 0x01
    298c:	80 83       	st	Z, r24
		while(__ticks)
		{
			// wait 1/10 ms
			_delay_loop_2(((F_CPU) / 4e3) / 10);
			__ticks --;
    298e:	de 01       	movw	r26, r28
    2990:	a1 56       	subi	r26, 0x61	; 97
    2992:	bf 4f       	sbci	r27, 0xFF	; 255
    2994:	fe 01       	movw	r30, r28
    2996:	e1 56       	subi	r30, 0x61	; 97
    2998:	ff 4f       	sbci	r31, 0xFF	; 255
    299a:	80 81       	ld	r24, Z
    299c:	91 81       	ldd	r25, Z+1	; 0x01
    299e:	01 97       	sbiw	r24, 0x01	; 1
    29a0:	11 96       	adiw	r26, 0x01	; 1
    29a2:	9c 93       	st	X, r25
    29a4:	8e 93       	st	-X, r24
		__ticks = 1;
	else if (__tmp > 65535)
	{
		//	__ticks = requested delay in 1/10 ms
		__ticks = (uint16_t) (__ms * 10.0);
		while(__ticks)
    29a6:	fe 01       	movw	r30, r28
    29a8:	e1 56       	subi	r30, 0x61	; 97
    29aa:	ff 4f       	sbci	r31, 0xFF	; 255
    29ac:	80 81       	ld	r24, Z
    29ae:	91 81       	ldd	r25, Z+1	; 0x01
    29b0:	00 97       	sbiw	r24, 0x00	; 0
    29b2:	d1 f6       	brne	.-76     	; 0x2968 <main+0x1766>
    29b4:	27 c0       	rjmp	.+78     	; 0x2a04 <main+0x1802>
			__ticks --;
		}
		return;
	}
	else
		__ticks = (uint16_t)__tmp;
    29b6:	8e 01       	movw	r16, r28
    29b8:	01 56       	subi	r16, 0x61	; 97
    29ba:	1f 4f       	sbci	r17, 0xFF	; 255
    29bc:	fe 01       	movw	r30, r28
    29be:	ef 55       	subi	r30, 0x5F	; 95
    29c0:	ff 4f       	sbci	r31, 0xFF	; 255
    29c2:	60 81       	ld	r22, Z
    29c4:	71 81       	ldd	r23, Z+1	; 0x01
    29c6:	82 81       	ldd	r24, Z+2	; 0x02
    29c8:	93 81       	ldd	r25, Z+3	; 0x03
    29ca:	0e 94 49 00 	call	0x92	; 0x92 <__fixunssfsi>
    29ce:	dc 01       	movw	r26, r24
    29d0:	cb 01       	movw	r24, r22
    29d2:	f8 01       	movw	r30, r16
    29d4:	91 83       	std	Z+1, r25	; 0x01
    29d6:	80 83       	st	Z, r24
    29d8:	de 01       	movw	r26, r28
    29da:	a5 56       	subi	r26, 0x65	; 101
    29dc:	bf 4f       	sbci	r27, 0xFF	; 255
    29de:	fe 01       	movw	r30, r28
    29e0:	e1 56       	subi	r30, 0x61	; 97
    29e2:	ff 4f       	sbci	r31, 0xFF	; 255
    29e4:	80 81       	ld	r24, Z
    29e6:	91 81       	ldd	r25, Z+1	; 0x01
    29e8:	8d 93       	st	X+, r24
    29ea:	9c 93       	st	X, r25
    29ec:	fe 01       	movw	r30, r28
    29ee:	e5 56       	subi	r30, 0x65	; 101
    29f0:	ff 4f       	sbci	r31, 0xFF	; 255
    29f2:	80 81       	ld	r24, Z
    29f4:	91 81       	ldd	r25, Z+1	; 0x01
    29f6:	01 97       	sbiw	r24, 0x01	; 1
    29f8:	f1 f7       	brne	.-4      	; 0x29f6 <main+0x17f4>
    29fa:	fe 01       	movw	r30, r28
    29fc:	e5 56       	subi	r30, 0x65	; 101
    29fe:	ff 4f       	sbci	r31, 0xFF	; 255
    2a00:	91 83       	std	Z+1, r25	; 0x01
    2a02:	80 83       	st	Z, r24
			 _delay_ms(500);
			 LCD_clearScreen();
    2a04:	0e 94 62 33 	call	0x66c4	; 0x66c4 <LCD_clearScreen>
			}

			 /**********************************************************************
			  *        Menu for the user to choose range of Voltmeter from         *
			  **********************************************************************/
			 LCD_moveCursor(1, 1);
    2a08:	81 e0       	ldi	r24, 0x01	; 1
    2a0a:	61 e0       	ldi	r22, 0x01	; 1
    2a0c:	0e 94 e2 32 	call	0x65c4	; 0x65c4 <LCD_moveCursor>
			 LCD_displayString("1) 0.3V to 2V");
    2a10:	81 e2       	ldi	r24, 0x21	; 33
    2a12:	91 e0       	ldi	r25, 0x01	; 1
    2a14:	0e 94 bf 32 	call	0x657e	; 0x657e <LCD_displayString>
			 LCD_moveCursor(2,1);
    2a18:	82 e0       	ldi	r24, 0x02	; 2
    2a1a:	61 e0       	ldi	r22, 0x01	; 1
    2a1c:	0e 94 e2 32 	call	0x65c4	; 0x65c4 <LCD_moveCursor>
			 LCD_displayString("2) 2V to 20v");
    2a20:	8f e2       	ldi	r24, 0x2F	; 47
    2a22:	91 e0       	ldi	r25, 0x01	; 1
    2a24:	0e 94 bf 32 	call	0x657e	; 0x657e <LCD_displayString>
			 keyPressed=KEYPAD_getPressedKey();
    2a28:	0e 94 71 28 	call	0x50e2	; 0x50e2 <KEYPAD_getPressedKey>
    2a2c:	fe 01       	movw	r30, r28
    2a2e:	ed 59       	subi	r30, 0x9D	; 157
    2a30:	fe 4f       	sbci	r31, 0xFE	; 254
    2a32:	80 83       	st	Z, r24
			 firstEnteryVoltmeter=0;
    2a34:	fe 01       	movw	r30, r28
    2a36:	ef 59       	subi	r30, 0x9F	; 159
    2a38:	fe 4f       	sbci	r31, 0xFE	; 254
    2a3a:	10 82       	st	Z, r1
			}
			while( (keyPressed!= VOLTMETERFIRSTRANGE) && (keyPressed!=VOLTMETERSECRANGE));
    2a3c:	fe 01       	movw	r30, r28
    2a3e:	ed 59       	subi	r30, 0x9D	; 157
    2a40:	fe 4f       	sbci	r31, 0xFE	; 254
    2a42:	80 81       	ld	r24, Z
    2a44:	81 30       	cpi	r24, 0x01	; 1
    2a46:	39 f0       	breq	.+14     	; 0x2a56 <main+0x1854>
    2a48:	fe 01       	movw	r30, r28
    2a4a:	ed 59       	subi	r30, 0x9D	; 157
    2a4c:	fe 4f       	sbci	r31, 0xFE	; 254
    2a4e:	80 81       	ld	r24, Z
    2a50:	82 30       	cpi	r24, 0x02	; 2
    2a52:	09 f0       	breq	.+2      	; 0x2a56 <main+0x1854>
    2a54:	0b cf       	rjmp	.-490    	; 0x286c <main+0x166a>

			/* Returning the flag to it's default value for the upcoming Enteries*/
				firstEnteryVoltmeter=1;
    2a56:	fe 01       	movw	r30, r28
    2a58:	ef 59       	subi	r30, 0x9F	; 159
    2a5a:	fe 4f       	sbci	r31, 0xFE	; 254
    2a5c:	81 e0       	ldi	r24, 0x01	; 1
    2a5e:	80 83       	st	Z, r24

		 /**********************************************************************
		  *        Menu for the user to choose Range of Voltmeter from         *
		  **********************************************************************/
			switch (keyPressed)
    2a60:	fe 01       	movw	r30, r28
    2a62:	ed 59       	subi	r30, 0x9D	; 157
    2a64:	fe 4f       	sbci	r31, 0xFE	; 254
    2a66:	80 81       	ld	r24, Z
    2a68:	28 2f       	mov	r18, r24
    2a6a:	30 e0       	ldi	r19, 0x00	; 0
    2a6c:	c6 59       	subi	r28, 0x96	; 150
    2a6e:	de 4f       	sbci	r29, 0xFE	; 254
    2a70:	39 83       	std	Y+1, r19	; 0x01
    2a72:	28 83       	st	Y, r18
    2a74:	ca 56       	subi	r28, 0x6A	; 106
    2a76:	d1 40       	sbci	r29, 0x01	; 1
    2a78:	c6 59       	subi	r28, 0x96	; 150
    2a7a:	de 4f       	sbci	r29, 0xFE	; 254
    2a7c:	88 81       	ld	r24, Y
    2a7e:	99 81       	ldd	r25, Y+1	; 0x01
    2a80:	ca 56       	subi	r28, 0x6A	; 106
    2a82:	d1 40       	sbci	r29, 0x01	; 1
    2a84:	81 30       	cpi	r24, 0x01	; 1
    2a86:	91 05       	cpc	r25, r1
    2a88:	61 f0       	breq	.+24     	; 0x2aa2 <main+0x18a0>
    2a8a:	c6 59       	subi	r28, 0x96	; 150
    2a8c:	de 4f       	sbci	r29, 0xFE	; 254
    2a8e:	e8 81       	ld	r30, Y
    2a90:	f9 81       	ldd	r31, Y+1	; 0x01
    2a92:	ca 56       	subi	r28, 0x6A	; 106
    2a94:	d1 40       	sbci	r29, 0x01	; 1
    2a96:	e2 30       	cpi	r30, 0x02	; 2
    2a98:	f1 05       	cpc	r31, r1
    2a9a:	09 f4       	brne	.+2      	; 0x2a9e <main+0x189c>
    2a9c:	c1 c0       	rjmp	.+386    	; 0x2c20 <main+0x1a1e>
    2a9e:	0c 94 0b 0a 	jmp	0x1416	; 0x1416 <main+0x214>

		 /**********************************************************************
		  *  Select First range of voltmeter 0v to 2v         				   *
		  **********************************************************************/

				LCD_clearScreen();
    2aa2:	0e 94 62 33 	call	0x66c4	; 0x66c4 <LCD_clearScreen>
				LCD_displayString("First Range");
    2aa6:	8c e3       	ldi	r24, 0x3C	; 60
    2aa8:	91 e0       	ldi	r25, 0x01	; 1
    2aaa:	0e 94 bf 32 	call	0x657e	; 0x657e <LCD_displayString>
    2aae:	fe 01       	movw	r30, r28
    2ab0:	e9 56       	subi	r30, 0x69	; 105
    2ab2:	ff 4f       	sbci	r31, 0xFF	; 255
    2ab4:	80 e0       	ldi	r24, 0x00	; 0
    2ab6:	90 e0       	ldi	r25, 0x00	; 0
    2ab8:	aa ef       	ldi	r26, 0xFA	; 250
    2aba:	b3 e4       	ldi	r27, 0x43	; 67
    2abc:	80 83       	st	Z, r24
    2abe:	91 83       	std	Z+1, r25	; 0x01
    2ac0:	a2 83       	std	Z+2, r26	; 0x02
    2ac2:	b3 83       	std	Z+3, r27	; 0x03
 */
void
_delay_ms(double __ms)
{
	uint16_t __ticks;
	double __tmp = ((F_CPU) / 4e3) * __ms;
    2ac4:	8e 01       	movw	r16, r28
    2ac6:	0d 56       	subi	r16, 0x6D	; 109
    2ac8:	1f 4f       	sbci	r17, 0xFF	; 255
    2aca:	fe 01       	movw	r30, r28
    2acc:	e9 56       	subi	r30, 0x69	; 105
    2ace:	ff 4f       	sbci	r31, 0xFF	; 255
    2ad0:	60 81       	ld	r22, Z
    2ad2:	71 81       	ldd	r23, Z+1	; 0x01
    2ad4:	82 81       	ldd	r24, Z+2	; 0x02
    2ad6:	93 81       	ldd	r25, Z+3	; 0x03
    2ad8:	20 e0       	ldi	r18, 0x00	; 0
    2ada:	30 e0       	ldi	r19, 0x00	; 0
    2adc:	4a e7       	ldi	r20, 0x7A	; 122
    2ade:	53 e4       	ldi	r21, 0x43	; 67
    2ae0:	0e 94 1f 02 	call	0x43e	; 0x43e <__mulsf3>
    2ae4:	dc 01       	movw	r26, r24
    2ae6:	cb 01       	movw	r24, r22
    2ae8:	f8 01       	movw	r30, r16
    2aea:	80 83       	st	Z, r24
    2aec:	91 83       	std	Z+1, r25	; 0x01
    2aee:	a2 83       	std	Z+2, r26	; 0x02
    2af0:	b3 83       	std	Z+3, r27	; 0x03
	if (__tmp < 1.0)
    2af2:	fe 01       	movw	r30, r28
    2af4:	ed 56       	subi	r30, 0x6D	; 109
    2af6:	ff 4f       	sbci	r31, 0xFF	; 255
    2af8:	60 81       	ld	r22, Z
    2afa:	71 81       	ldd	r23, Z+1	; 0x01
    2afc:	82 81       	ldd	r24, Z+2	; 0x02
    2afe:	93 81       	ldd	r25, Z+3	; 0x03
    2b00:	20 e0       	ldi	r18, 0x00	; 0
    2b02:	30 e0       	ldi	r19, 0x00	; 0
    2b04:	40 e8       	ldi	r20, 0x80	; 128
    2b06:	5f e3       	ldi	r21, 0x3F	; 63
    2b08:	0e 94 25 04 	call	0x84a	; 0x84a <__ltsf2>
    2b0c:	88 23       	and	r24, r24
    2b0e:	44 f4       	brge	.+16     	; 0x2b20 <main+0x191e>
		__ticks = 1;
    2b10:	fe 01       	movw	r30, r28
    2b12:	ef 56       	subi	r30, 0x6F	; 111
    2b14:	ff 4f       	sbci	r31, 0xFF	; 255
    2b16:	81 e0       	ldi	r24, 0x01	; 1
    2b18:	90 e0       	ldi	r25, 0x00	; 0
    2b1a:	91 83       	std	Z+1, r25	; 0x01
    2b1c:	80 83       	st	Z, r24
    2b1e:	64 c0       	rjmp	.+200    	; 0x2be8 <main+0x19e6>
	else if (__tmp > 65535)
    2b20:	fe 01       	movw	r30, r28
    2b22:	ed 56       	subi	r30, 0x6D	; 109
    2b24:	ff 4f       	sbci	r31, 0xFF	; 255
    2b26:	60 81       	ld	r22, Z
    2b28:	71 81       	ldd	r23, Z+1	; 0x01
    2b2a:	82 81       	ldd	r24, Z+2	; 0x02
    2b2c:	93 81       	ldd	r25, Z+3	; 0x03
    2b2e:	20 e0       	ldi	r18, 0x00	; 0
    2b30:	3f ef       	ldi	r19, 0xFF	; 255
    2b32:	4f e7       	ldi	r20, 0x7F	; 127
    2b34:	57 e4       	ldi	r21, 0x47	; 71
    2b36:	0e 94 c5 03 	call	0x78a	; 0x78a <__gtsf2>
    2b3a:	18 16       	cp	r1, r24
    2b3c:	0c f0       	brlt	.+2      	; 0x2b40 <main+0x193e>
    2b3e:	43 c0       	rjmp	.+134    	; 0x2bc6 <main+0x19c4>
	{
		//	__ticks = requested delay in 1/10 ms
		__ticks = (uint16_t) (__ms * 10.0);
    2b40:	fe 01       	movw	r30, r28
    2b42:	e9 56       	subi	r30, 0x69	; 105
    2b44:	ff 4f       	sbci	r31, 0xFF	; 255
    2b46:	60 81       	ld	r22, Z
    2b48:	71 81       	ldd	r23, Z+1	; 0x01
    2b4a:	82 81       	ldd	r24, Z+2	; 0x02
    2b4c:	93 81       	ldd	r25, Z+3	; 0x03
    2b4e:	20 e0       	ldi	r18, 0x00	; 0
    2b50:	30 e0       	ldi	r19, 0x00	; 0
    2b52:	40 e2       	ldi	r20, 0x20	; 32
    2b54:	51 e4       	ldi	r21, 0x41	; 65
    2b56:	0e 94 1f 02 	call	0x43e	; 0x43e <__mulsf3>
    2b5a:	dc 01       	movw	r26, r24
    2b5c:	cb 01       	movw	r24, r22
    2b5e:	8e 01       	movw	r16, r28
    2b60:	0f 56       	subi	r16, 0x6F	; 111
    2b62:	1f 4f       	sbci	r17, 0xFF	; 255
    2b64:	bc 01       	movw	r22, r24
    2b66:	cd 01       	movw	r24, r26
    2b68:	0e 94 49 00 	call	0x92	; 0x92 <__fixunssfsi>
    2b6c:	dc 01       	movw	r26, r24
    2b6e:	cb 01       	movw	r24, r22
    2b70:	f8 01       	movw	r30, r16
    2b72:	91 83       	std	Z+1, r25	; 0x01
    2b74:	80 83       	st	Z, r24
    2b76:	1f c0       	rjmp	.+62     	; 0x2bb6 <main+0x19b4>
    2b78:	fe 01       	movw	r30, r28
    2b7a:	e1 57       	subi	r30, 0x71	; 113
    2b7c:	ff 4f       	sbci	r31, 0xFF	; 255
    2b7e:	89 e1       	ldi	r24, 0x19	; 25
    2b80:	90 e0       	ldi	r25, 0x00	; 0
    2b82:	91 83       	std	Z+1, r25	; 0x01
    2b84:	80 83       	st	Z, r24
    2b86:	fe 01       	movw	r30, r28
    2b88:	e1 57       	subi	r30, 0x71	; 113
    2b8a:	ff 4f       	sbci	r31, 0xFF	; 255
    2b8c:	80 81       	ld	r24, Z
    2b8e:	91 81       	ldd	r25, Z+1	; 0x01
    2b90:	01 97       	sbiw	r24, 0x01	; 1
    2b92:	f1 f7       	brne	.-4      	; 0x2b90 <main+0x198e>
    2b94:	fe 01       	movw	r30, r28
    2b96:	e1 57       	subi	r30, 0x71	; 113
    2b98:	ff 4f       	sbci	r31, 0xFF	; 255
    2b9a:	91 83       	std	Z+1, r25	; 0x01
    2b9c:	80 83       	st	Z, r24
		while(__ticks)
		{
			// wait 1/10 ms
			_delay_loop_2(((F_CPU) / 4e3) / 10);
			__ticks --;
    2b9e:	de 01       	movw	r26, r28
    2ba0:	af 56       	subi	r26, 0x6F	; 111
    2ba2:	bf 4f       	sbci	r27, 0xFF	; 255
    2ba4:	fe 01       	movw	r30, r28
    2ba6:	ef 56       	subi	r30, 0x6F	; 111
    2ba8:	ff 4f       	sbci	r31, 0xFF	; 255
    2baa:	80 81       	ld	r24, Z
    2bac:	91 81       	ldd	r25, Z+1	; 0x01
    2bae:	01 97       	sbiw	r24, 0x01	; 1
    2bb0:	11 96       	adiw	r26, 0x01	; 1
    2bb2:	9c 93       	st	X, r25
    2bb4:	8e 93       	st	-X, r24
		__ticks = 1;
	else if (__tmp > 65535)
	{
		//	__ticks = requested delay in 1/10 ms
		__ticks = (uint16_t) (__ms * 10.0);
		while(__ticks)
    2bb6:	fe 01       	movw	r30, r28
    2bb8:	ef 56       	subi	r30, 0x6F	; 111
    2bba:	ff 4f       	sbci	r31, 0xFF	; 255
    2bbc:	80 81       	ld	r24, Z
    2bbe:	91 81       	ldd	r25, Z+1	; 0x01
    2bc0:	00 97       	sbiw	r24, 0x00	; 0
    2bc2:	d1 f6       	brne	.-76     	; 0x2b78 <main+0x1976>
    2bc4:	27 c0       	rjmp	.+78     	; 0x2c14 <main+0x1a12>
			__ticks --;
		}
		return;
	}
	else
		__ticks = (uint16_t)__tmp;
    2bc6:	8e 01       	movw	r16, r28
    2bc8:	0f 56       	subi	r16, 0x6F	; 111
    2bca:	1f 4f       	sbci	r17, 0xFF	; 255
    2bcc:	fe 01       	movw	r30, r28
    2bce:	ed 56       	subi	r30, 0x6D	; 109
    2bd0:	ff 4f       	sbci	r31, 0xFF	; 255
    2bd2:	60 81       	ld	r22, Z
    2bd4:	71 81       	ldd	r23, Z+1	; 0x01
    2bd6:	82 81       	ldd	r24, Z+2	; 0x02
    2bd8:	93 81       	ldd	r25, Z+3	; 0x03
    2bda:	0e 94 49 00 	call	0x92	; 0x92 <__fixunssfsi>
    2bde:	dc 01       	movw	r26, r24
    2be0:	cb 01       	movw	r24, r22
    2be2:	f8 01       	movw	r30, r16
    2be4:	91 83       	std	Z+1, r25	; 0x01
    2be6:	80 83       	st	Z, r24
    2be8:	de 01       	movw	r26, r28
    2bea:	a3 57       	subi	r26, 0x73	; 115
    2bec:	bf 4f       	sbci	r27, 0xFF	; 255
    2bee:	fe 01       	movw	r30, r28
    2bf0:	ef 56       	subi	r30, 0x6F	; 111
    2bf2:	ff 4f       	sbci	r31, 0xFF	; 255
    2bf4:	80 81       	ld	r24, Z
    2bf6:	91 81       	ldd	r25, Z+1	; 0x01
    2bf8:	8d 93       	st	X+, r24
    2bfa:	9c 93       	st	X, r25
    2bfc:	fe 01       	movw	r30, r28
    2bfe:	e3 57       	subi	r30, 0x73	; 115
    2c00:	ff 4f       	sbci	r31, 0xFF	; 255
    2c02:	80 81       	ld	r24, Z
    2c04:	91 81       	ldd	r25, Z+1	; 0x01
    2c06:	01 97       	sbiw	r24, 0x01	; 1
    2c08:	f1 f7       	brne	.-4      	; 0x2c06 <main+0x1a04>
    2c0a:	fe 01       	movw	r30, r28
    2c0c:	e3 57       	subi	r30, 0x73	; 115
    2c0e:	ff 4f       	sbci	r31, 0xFF	; 255
    2c10:	91 83       	std	Z+1, r25	; 0x01
    2c12:	80 83       	st	Z, r24
				 _delay_ms(500);
				LCD_clearScreen();
    2c14:	0e 94 62 33 	call	0x66c4	; 0x66c4 <LCD_clearScreen>
		/* 					Entering the first range						   */
				VOLTMETER_firstRange();
    2c18:	0e 94 2d 07 	call	0xe5a	; 0xe5a <VOLTMETER_firstRange>
    2c1c:	0c 94 0b 0a 	jmp	0x1416	; 0x1416 <main+0x214>
				case VOLTMETERSECRANGE:

		/**********************************************************************
		 *  Select sec range of voltmeter 2v to 20v         				  *
		 **********************************************************************/
				LCD_clearScreen();
    2c20:	0e 94 62 33 	call	0x66c4	; 0x66c4 <LCD_clearScreen>
				LCD_displayString("Sec Range");
    2c24:	88 e4       	ldi	r24, 0x48	; 72
    2c26:	91 e0       	ldi	r25, 0x01	; 1
    2c28:	0e 94 bf 32 	call	0x657e	; 0x657e <LCD_displayString>
    2c2c:	fe 01       	movw	r30, r28
    2c2e:	e7 57       	subi	r30, 0x77	; 119
    2c30:	ff 4f       	sbci	r31, 0xFF	; 255
    2c32:	80 e0       	ldi	r24, 0x00	; 0
    2c34:	90 e0       	ldi	r25, 0x00	; 0
    2c36:	aa ef       	ldi	r26, 0xFA	; 250
    2c38:	b3 e4       	ldi	r27, 0x43	; 67
    2c3a:	80 83       	st	Z, r24
    2c3c:	91 83       	std	Z+1, r25	; 0x01
    2c3e:	a2 83       	std	Z+2, r26	; 0x02
    2c40:	b3 83       	std	Z+3, r27	; 0x03
 */
void
_delay_ms(double __ms)
{
	uint16_t __ticks;
	double __tmp = ((F_CPU) / 4e3) * __ms;
    2c42:	8e 01       	movw	r16, r28
    2c44:	0b 57       	subi	r16, 0x7B	; 123
    2c46:	1f 4f       	sbci	r17, 0xFF	; 255
    2c48:	fe 01       	movw	r30, r28
    2c4a:	e7 57       	subi	r30, 0x77	; 119
    2c4c:	ff 4f       	sbci	r31, 0xFF	; 255
    2c4e:	60 81       	ld	r22, Z
    2c50:	71 81       	ldd	r23, Z+1	; 0x01
    2c52:	82 81       	ldd	r24, Z+2	; 0x02
    2c54:	93 81       	ldd	r25, Z+3	; 0x03
    2c56:	20 e0       	ldi	r18, 0x00	; 0
    2c58:	30 e0       	ldi	r19, 0x00	; 0
    2c5a:	4a e7       	ldi	r20, 0x7A	; 122
    2c5c:	53 e4       	ldi	r21, 0x43	; 67
    2c5e:	0e 94 1f 02 	call	0x43e	; 0x43e <__mulsf3>
    2c62:	dc 01       	movw	r26, r24
    2c64:	cb 01       	movw	r24, r22
    2c66:	f8 01       	movw	r30, r16
    2c68:	80 83       	st	Z, r24
    2c6a:	91 83       	std	Z+1, r25	; 0x01
    2c6c:	a2 83       	std	Z+2, r26	; 0x02
    2c6e:	b3 83       	std	Z+3, r27	; 0x03
	if (__tmp < 1.0)
    2c70:	fe 01       	movw	r30, r28
    2c72:	eb 57       	subi	r30, 0x7B	; 123
    2c74:	ff 4f       	sbci	r31, 0xFF	; 255
    2c76:	60 81       	ld	r22, Z
    2c78:	71 81       	ldd	r23, Z+1	; 0x01
    2c7a:	82 81       	ldd	r24, Z+2	; 0x02
    2c7c:	93 81       	ldd	r25, Z+3	; 0x03
    2c7e:	20 e0       	ldi	r18, 0x00	; 0
    2c80:	30 e0       	ldi	r19, 0x00	; 0
    2c82:	40 e8       	ldi	r20, 0x80	; 128
    2c84:	5f e3       	ldi	r21, 0x3F	; 63
    2c86:	0e 94 25 04 	call	0x84a	; 0x84a <__ltsf2>
    2c8a:	88 23       	and	r24, r24
    2c8c:	44 f4       	brge	.+16     	; 0x2c9e <main+0x1a9c>
		__ticks = 1;
    2c8e:	fe 01       	movw	r30, r28
    2c90:	ed 57       	subi	r30, 0x7D	; 125
    2c92:	ff 4f       	sbci	r31, 0xFF	; 255
    2c94:	81 e0       	ldi	r24, 0x01	; 1
    2c96:	90 e0       	ldi	r25, 0x00	; 0
    2c98:	91 83       	std	Z+1, r25	; 0x01
    2c9a:	80 83       	st	Z, r24
    2c9c:	64 c0       	rjmp	.+200    	; 0x2d66 <main+0x1b64>
	else if (__tmp > 65535)
    2c9e:	fe 01       	movw	r30, r28
    2ca0:	eb 57       	subi	r30, 0x7B	; 123
    2ca2:	ff 4f       	sbci	r31, 0xFF	; 255
    2ca4:	60 81       	ld	r22, Z
    2ca6:	71 81       	ldd	r23, Z+1	; 0x01
    2ca8:	82 81       	ldd	r24, Z+2	; 0x02
    2caa:	93 81       	ldd	r25, Z+3	; 0x03
    2cac:	20 e0       	ldi	r18, 0x00	; 0
    2cae:	3f ef       	ldi	r19, 0xFF	; 255
    2cb0:	4f e7       	ldi	r20, 0x7F	; 127
    2cb2:	57 e4       	ldi	r21, 0x47	; 71
    2cb4:	0e 94 c5 03 	call	0x78a	; 0x78a <__gtsf2>
    2cb8:	18 16       	cp	r1, r24
    2cba:	0c f0       	brlt	.+2      	; 0x2cbe <main+0x1abc>
    2cbc:	43 c0       	rjmp	.+134    	; 0x2d44 <main+0x1b42>
	{
		//	__ticks = requested delay in 1/10 ms
		__ticks = (uint16_t) (__ms * 10.0);
    2cbe:	fe 01       	movw	r30, r28
    2cc0:	e7 57       	subi	r30, 0x77	; 119
    2cc2:	ff 4f       	sbci	r31, 0xFF	; 255
    2cc4:	60 81       	ld	r22, Z
    2cc6:	71 81       	ldd	r23, Z+1	; 0x01
    2cc8:	82 81       	ldd	r24, Z+2	; 0x02
    2cca:	93 81       	ldd	r25, Z+3	; 0x03
    2ccc:	20 e0       	ldi	r18, 0x00	; 0
    2cce:	30 e0       	ldi	r19, 0x00	; 0
    2cd0:	40 e2       	ldi	r20, 0x20	; 32
    2cd2:	51 e4       	ldi	r21, 0x41	; 65
    2cd4:	0e 94 1f 02 	call	0x43e	; 0x43e <__mulsf3>
    2cd8:	dc 01       	movw	r26, r24
    2cda:	cb 01       	movw	r24, r22
    2cdc:	8e 01       	movw	r16, r28
    2cde:	0d 57       	subi	r16, 0x7D	; 125
    2ce0:	1f 4f       	sbci	r17, 0xFF	; 255
    2ce2:	bc 01       	movw	r22, r24
    2ce4:	cd 01       	movw	r24, r26
    2ce6:	0e 94 49 00 	call	0x92	; 0x92 <__fixunssfsi>
    2cea:	dc 01       	movw	r26, r24
    2cec:	cb 01       	movw	r24, r22
    2cee:	f8 01       	movw	r30, r16
    2cf0:	91 83       	std	Z+1, r25	; 0x01
    2cf2:	80 83       	st	Z, r24
    2cf4:	1f c0       	rjmp	.+62     	; 0x2d34 <main+0x1b32>
    2cf6:	fe 01       	movw	r30, r28
    2cf8:	ef 57       	subi	r30, 0x7F	; 127
    2cfa:	ff 4f       	sbci	r31, 0xFF	; 255
    2cfc:	89 e1       	ldi	r24, 0x19	; 25
    2cfe:	90 e0       	ldi	r25, 0x00	; 0
    2d00:	91 83       	std	Z+1, r25	; 0x01
    2d02:	80 83       	st	Z, r24
    2d04:	fe 01       	movw	r30, r28
    2d06:	ef 57       	subi	r30, 0x7F	; 127
    2d08:	ff 4f       	sbci	r31, 0xFF	; 255
    2d0a:	80 81       	ld	r24, Z
    2d0c:	91 81       	ldd	r25, Z+1	; 0x01
    2d0e:	01 97       	sbiw	r24, 0x01	; 1
    2d10:	f1 f7       	brne	.-4      	; 0x2d0e <main+0x1b0c>
    2d12:	fe 01       	movw	r30, r28
    2d14:	ef 57       	subi	r30, 0x7F	; 127
    2d16:	ff 4f       	sbci	r31, 0xFF	; 255
    2d18:	91 83       	std	Z+1, r25	; 0x01
    2d1a:	80 83       	st	Z, r24
		while(__ticks)
		{
			// wait 1/10 ms
			_delay_loop_2(((F_CPU) / 4e3) / 10);
			__ticks --;
    2d1c:	de 01       	movw	r26, r28
    2d1e:	ad 57       	subi	r26, 0x7D	; 125
    2d20:	bf 4f       	sbci	r27, 0xFF	; 255
    2d22:	fe 01       	movw	r30, r28
    2d24:	ed 57       	subi	r30, 0x7D	; 125
    2d26:	ff 4f       	sbci	r31, 0xFF	; 255
    2d28:	80 81       	ld	r24, Z
    2d2a:	91 81       	ldd	r25, Z+1	; 0x01
    2d2c:	01 97       	sbiw	r24, 0x01	; 1
    2d2e:	11 96       	adiw	r26, 0x01	; 1
    2d30:	9c 93       	st	X, r25
    2d32:	8e 93       	st	-X, r24
		__ticks = 1;
	else if (__tmp > 65535)
	{
		//	__ticks = requested delay in 1/10 ms
		__ticks = (uint16_t) (__ms * 10.0);
		while(__ticks)
    2d34:	fe 01       	movw	r30, r28
    2d36:	ed 57       	subi	r30, 0x7D	; 125
    2d38:	ff 4f       	sbci	r31, 0xFF	; 255
    2d3a:	80 81       	ld	r24, Z
    2d3c:	91 81       	ldd	r25, Z+1	; 0x01
    2d3e:	00 97       	sbiw	r24, 0x00	; 0
    2d40:	d1 f6       	brne	.-76     	; 0x2cf6 <main+0x1af4>
    2d42:	27 c0       	rjmp	.+78     	; 0x2d92 <main+0x1b90>
			__ticks --;
		}
		return;
	}
	else
		__ticks = (uint16_t)__tmp;
    2d44:	8e 01       	movw	r16, r28
    2d46:	0d 57       	subi	r16, 0x7D	; 125
    2d48:	1f 4f       	sbci	r17, 0xFF	; 255
    2d4a:	fe 01       	movw	r30, r28
    2d4c:	eb 57       	subi	r30, 0x7B	; 123
    2d4e:	ff 4f       	sbci	r31, 0xFF	; 255
    2d50:	60 81       	ld	r22, Z
    2d52:	71 81       	ldd	r23, Z+1	; 0x01
    2d54:	82 81       	ldd	r24, Z+2	; 0x02
    2d56:	93 81       	ldd	r25, Z+3	; 0x03
    2d58:	0e 94 49 00 	call	0x92	; 0x92 <__fixunssfsi>
    2d5c:	dc 01       	movw	r26, r24
    2d5e:	cb 01       	movw	r24, r22
    2d60:	f8 01       	movw	r30, r16
    2d62:	91 83       	std	Z+1, r25	; 0x01
    2d64:	80 83       	st	Z, r24
    2d66:	de 01       	movw	r26, r28
    2d68:	a1 58       	subi	r26, 0x81	; 129
    2d6a:	bf 4f       	sbci	r27, 0xFF	; 255
    2d6c:	fe 01       	movw	r30, r28
    2d6e:	ed 57       	subi	r30, 0x7D	; 125
    2d70:	ff 4f       	sbci	r31, 0xFF	; 255
    2d72:	80 81       	ld	r24, Z
    2d74:	91 81       	ldd	r25, Z+1	; 0x01
    2d76:	8d 93       	st	X+, r24
    2d78:	9c 93       	st	X, r25
    2d7a:	fe 01       	movw	r30, r28
    2d7c:	e1 58       	subi	r30, 0x81	; 129
    2d7e:	ff 4f       	sbci	r31, 0xFF	; 255
    2d80:	80 81       	ld	r24, Z
    2d82:	91 81       	ldd	r25, Z+1	; 0x01
    2d84:	01 97       	sbiw	r24, 0x01	; 1
    2d86:	f1 f7       	brne	.-4      	; 0x2d84 <main+0x1b82>
    2d88:	fe 01       	movw	r30, r28
    2d8a:	e1 58       	subi	r30, 0x81	; 129
    2d8c:	ff 4f       	sbci	r31, 0xFF	; 255
    2d8e:	91 83       	std	Z+1, r25	; 0x01
    2d90:	80 83       	st	Z, r24
				 _delay_ms(500);
				LCD_clearScreen();
    2d92:	0e 94 62 33 	call	0x66c4	; 0x66c4 <LCD_clearScreen>
		/* 					Entering the sec range						   */
				VOLTMETER_secondRange();
    2d96:	0e 94 17 08 	call	0x102e	; 0x102e <VOLTMETER_secondRange>
    2d9a:	0c 94 0b 0a 	jmp	0x1416	; 0x1416 <main+0x214>
		case AMMETER_CIRCUIT:

	    /**********************************************************************
		 *          Requesting the range of Current the user wish to measure  *
		 **********************************************************************/
		LCD_moveCursor(1, 1);
    2d9e:	81 e0       	ldi	r24, 0x01	; 1
    2da0:	61 e0       	ldi	r22, 0x01	; 1
    2da2:	0e 94 e2 32 	call	0x65c4	; 0x65c4 <LCD_moveCursor>
		LCD_displayString("Please sel req");
    2da6:	8d ef       	ldi	r24, 0xFD	; 253
    2da8:	90 e0       	ldi	r25, 0x00	; 0
    2daa:	0e 94 bf 32 	call	0x657e	; 0x657e <LCD_displayString>
		LCD_moveCursor(2, 1);
    2dae:	82 e0       	ldi	r24, 0x02	; 2
    2db0:	61 e0       	ldi	r22, 0x01	; 1
    2db2:	0e 94 e2 32 	call	0x65c4	; 0x65c4 <LCD_moveCursor>
		LCD_displayString("Range");
    2db6:	8c e0       	ldi	r24, 0x0C	; 12
    2db8:	91 e0       	ldi	r25, 0x01	; 1
    2dba:	0e 94 bf 32 	call	0x657e	; 0x657e <LCD_displayString>
    2dbe:	fe 01       	movw	r30, r28
    2dc0:	e5 58       	subi	r30, 0x85	; 133
    2dc2:	ff 4f       	sbci	r31, 0xFF	; 255
    2dc4:	80 e0       	ldi	r24, 0x00	; 0
    2dc6:	90 e0       	ldi	r25, 0x00	; 0
    2dc8:	aa ef       	ldi	r26, 0xFA	; 250
    2dca:	b3 e4       	ldi	r27, 0x43	; 67
    2dcc:	80 83       	st	Z, r24
    2dce:	91 83       	std	Z+1, r25	; 0x01
    2dd0:	a2 83       	std	Z+2, r26	; 0x02
    2dd2:	b3 83       	std	Z+3, r27	; 0x03
 */
void
_delay_ms(double __ms)
{
	uint16_t __ticks;
	double __tmp = ((F_CPU) / 4e3) * __ms;
    2dd4:	8e 01       	movw	r16, r28
    2dd6:	09 58       	subi	r16, 0x89	; 137
    2dd8:	1f 4f       	sbci	r17, 0xFF	; 255
    2dda:	fe 01       	movw	r30, r28
    2ddc:	e5 58       	subi	r30, 0x85	; 133
    2dde:	ff 4f       	sbci	r31, 0xFF	; 255
    2de0:	60 81       	ld	r22, Z
    2de2:	71 81       	ldd	r23, Z+1	; 0x01
    2de4:	82 81       	ldd	r24, Z+2	; 0x02
    2de6:	93 81       	ldd	r25, Z+3	; 0x03
    2de8:	20 e0       	ldi	r18, 0x00	; 0
    2dea:	30 e0       	ldi	r19, 0x00	; 0
    2dec:	4a e7       	ldi	r20, 0x7A	; 122
    2dee:	53 e4       	ldi	r21, 0x43	; 67
    2df0:	0e 94 1f 02 	call	0x43e	; 0x43e <__mulsf3>
    2df4:	dc 01       	movw	r26, r24
    2df6:	cb 01       	movw	r24, r22
    2df8:	f8 01       	movw	r30, r16
    2dfa:	80 83       	st	Z, r24
    2dfc:	91 83       	std	Z+1, r25	; 0x01
    2dfe:	a2 83       	std	Z+2, r26	; 0x02
    2e00:	b3 83       	std	Z+3, r27	; 0x03
	if (__tmp < 1.0)
    2e02:	fe 01       	movw	r30, r28
    2e04:	e9 58       	subi	r30, 0x89	; 137
    2e06:	ff 4f       	sbci	r31, 0xFF	; 255
    2e08:	60 81       	ld	r22, Z
    2e0a:	71 81       	ldd	r23, Z+1	; 0x01
    2e0c:	82 81       	ldd	r24, Z+2	; 0x02
    2e0e:	93 81       	ldd	r25, Z+3	; 0x03
    2e10:	20 e0       	ldi	r18, 0x00	; 0
    2e12:	30 e0       	ldi	r19, 0x00	; 0
    2e14:	40 e8       	ldi	r20, 0x80	; 128
    2e16:	5f e3       	ldi	r21, 0x3F	; 63
    2e18:	0e 94 25 04 	call	0x84a	; 0x84a <__ltsf2>
    2e1c:	88 23       	and	r24, r24
    2e1e:	44 f4       	brge	.+16     	; 0x2e30 <main+0x1c2e>
		__ticks = 1;
    2e20:	fe 01       	movw	r30, r28
    2e22:	eb 58       	subi	r30, 0x8B	; 139
    2e24:	ff 4f       	sbci	r31, 0xFF	; 255
    2e26:	81 e0       	ldi	r24, 0x01	; 1
    2e28:	90 e0       	ldi	r25, 0x00	; 0
    2e2a:	91 83       	std	Z+1, r25	; 0x01
    2e2c:	80 83       	st	Z, r24
    2e2e:	64 c0       	rjmp	.+200    	; 0x2ef8 <main+0x1cf6>
	else if (__tmp > 65535)
    2e30:	fe 01       	movw	r30, r28
    2e32:	e9 58       	subi	r30, 0x89	; 137
    2e34:	ff 4f       	sbci	r31, 0xFF	; 255
    2e36:	60 81       	ld	r22, Z
    2e38:	71 81       	ldd	r23, Z+1	; 0x01
    2e3a:	82 81       	ldd	r24, Z+2	; 0x02
    2e3c:	93 81       	ldd	r25, Z+3	; 0x03
    2e3e:	20 e0       	ldi	r18, 0x00	; 0
    2e40:	3f ef       	ldi	r19, 0xFF	; 255
    2e42:	4f e7       	ldi	r20, 0x7F	; 127
    2e44:	57 e4       	ldi	r21, 0x47	; 71
    2e46:	0e 94 c5 03 	call	0x78a	; 0x78a <__gtsf2>
    2e4a:	18 16       	cp	r1, r24
    2e4c:	0c f0       	brlt	.+2      	; 0x2e50 <main+0x1c4e>
    2e4e:	43 c0       	rjmp	.+134    	; 0x2ed6 <main+0x1cd4>
	{
		//	__ticks = requested delay in 1/10 ms
		__ticks = (uint16_t) (__ms * 10.0);
    2e50:	fe 01       	movw	r30, r28
    2e52:	e5 58       	subi	r30, 0x85	; 133
    2e54:	ff 4f       	sbci	r31, 0xFF	; 255
    2e56:	60 81       	ld	r22, Z
    2e58:	71 81       	ldd	r23, Z+1	; 0x01
    2e5a:	82 81       	ldd	r24, Z+2	; 0x02
    2e5c:	93 81       	ldd	r25, Z+3	; 0x03
    2e5e:	20 e0       	ldi	r18, 0x00	; 0
    2e60:	30 e0       	ldi	r19, 0x00	; 0
    2e62:	40 e2       	ldi	r20, 0x20	; 32
    2e64:	51 e4       	ldi	r21, 0x41	; 65
    2e66:	0e 94 1f 02 	call	0x43e	; 0x43e <__mulsf3>
    2e6a:	dc 01       	movw	r26, r24
    2e6c:	cb 01       	movw	r24, r22
    2e6e:	8e 01       	movw	r16, r28
    2e70:	0b 58       	subi	r16, 0x8B	; 139
    2e72:	1f 4f       	sbci	r17, 0xFF	; 255
    2e74:	bc 01       	movw	r22, r24
    2e76:	cd 01       	movw	r24, r26
    2e78:	0e 94 49 00 	call	0x92	; 0x92 <__fixunssfsi>
    2e7c:	dc 01       	movw	r26, r24
    2e7e:	cb 01       	movw	r24, r22
    2e80:	f8 01       	movw	r30, r16
    2e82:	91 83       	std	Z+1, r25	; 0x01
    2e84:	80 83       	st	Z, r24
    2e86:	1f c0       	rjmp	.+62     	; 0x2ec6 <main+0x1cc4>
    2e88:	fe 01       	movw	r30, r28
    2e8a:	ed 58       	subi	r30, 0x8D	; 141
    2e8c:	ff 4f       	sbci	r31, 0xFF	; 255
    2e8e:	89 e1       	ldi	r24, 0x19	; 25
    2e90:	90 e0       	ldi	r25, 0x00	; 0
    2e92:	91 83       	std	Z+1, r25	; 0x01
    2e94:	80 83       	st	Z, r24
    2e96:	fe 01       	movw	r30, r28
    2e98:	ed 58       	subi	r30, 0x8D	; 141
    2e9a:	ff 4f       	sbci	r31, 0xFF	; 255
    2e9c:	80 81       	ld	r24, Z
    2e9e:	91 81       	ldd	r25, Z+1	; 0x01
    2ea0:	01 97       	sbiw	r24, 0x01	; 1
    2ea2:	f1 f7       	brne	.-4      	; 0x2ea0 <main+0x1c9e>
    2ea4:	fe 01       	movw	r30, r28
    2ea6:	ed 58       	subi	r30, 0x8D	; 141
    2ea8:	ff 4f       	sbci	r31, 0xFF	; 255
    2eaa:	91 83       	std	Z+1, r25	; 0x01
    2eac:	80 83       	st	Z, r24
		while(__ticks)
		{
			// wait 1/10 ms
			_delay_loop_2(((F_CPU) / 4e3) / 10);
			__ticks --;
    2eae:	de 01       	movw	r26, r28
    2eb0:	ab 58       	subi	r26, 0x8B	; 139
    2eb2:	bf 4f       	sbci	r27, 0xFF	; 255
    2eb4:	fe 01       	movw	r30, r28
    2eb6:	eb 58       	subi	r30, 0x8B	; 139
    2eb8:	ff 4f       	sbci	r31, 0xFF	; 255
    2eba:	80 81       	ld	r24, Z
    2ebc:	91 81       	ldd	r25, Z+1	; 0x01
    2ebe:	01 97       	sbiw	r24, 0x01	; 1
    2ec0:	11 96       	adiw	r26, 0x01	; 1
    2ec2:	9c 93       	st	X, r25
    2ec4:	8e 93       	st	-X, r24
		__ticks = 1;
	else if (__tmp > 65535)
	{
		//	__ticks = requested delay in 1/10 ms
		__ticks = (uint16_t) (__ms * 10.0);
		while(__ticks)
    2ec6:	fe 01       	movw	r30, r28
    2ec8:	eb 58       	subi	r30, 0x8B	; 139
    2eca:	ff 4f       	sbci	r31, 0xFF	; 255
    2ecc:	80 81       	ld	r24, Z
    2ece:	91 81       	ldd	r25, Z+1	; 0x01
    2ed0:	00 97       	sbiw	r24, 0x00	; 0
    2ed2:	d1 f6       	brne	.-76     	; 0x2e88 <main+0x1c86>
    2ed4:	27 c0       	rjmp	.+78     	; 0x2f24 <main+0x1d22>
			__ticks --;
		}
		return;
	}
	else
		__ticks = (uint16_t)__tmp;
    2ed6:	8e 01       	movw	r16, r28
    2ed8:	0b 58       	subi	r16, 0x8B	; 139
    2eda:	1f 4f       	sbci	r17, 0xFF	; 255
    2edc:	fe 01       	movw	r30, r28
    2ede:	e9 58       	subi	r30, 0x89	; 137
    2ee0:	ff 4f       	sbci	r31, 0xFF	; 255
    2ee2:	60 81       	ld	r22, Z
    2ee4:	71 81       	ldd	r23, Z+1	; 0x01
    2ee6:	82 81       	ldd	r24, Z+2	; 0x02
    2ee8:	93 81       	ldd	r25, Z+3	; 0x03
    2eea:	0e 94 49 00 	call	0x92	; 0x92 <__fixunssfsi>
    2eee:	dc 01       	movw	r26, r24
    2ef0:	cb 01       	movw	r24, r22
    2ef2:	f8 01       	movw	r30, r16
    2ef4:	91 83       	std	Z+1, r25	; 0x01
    2ef6:	80 83       	st	Z, r24
    2ef8:	de 01       	movw	r26, r28
    2efa:	af 58       	subi	r26, 0x8F	; 143
    2efc:	bf 4f       	sbci	r27, 0xFF	; 255
    2efe:	fe 01       	movw	r30, r28
    2f00:	eb 58       	subi	r30, 0x8B	; 139
    2f02:	ff 4f       	sbci	r31, 0xFF	; 255
    2f04:	80 81       	ld	r24, Z
    2f06:	91 81       	ldd	r25, Z+1	; 0x01
    2f08:	8d 93       	st	X+, r24
    2f0a:	9c 93       	st	X, r25
    2f0c:	fe 01       	movw	r30, r28
    2f0e:	ef 58       	subi	r30, 0x8F	; 143
    2f10:	ff 4f       	sbci	r31, 0xFF	; 255
    2f12:	80 81       	ld	r24, Z
    2f14:	91 81       	ldd	r25, Z+1	; 0x01
    2f16:	01 97       	sbiw	r24, 0x01	; 1
    2f18:	f1 f7       	brne	.-4      	; 0x2f16 <main+0x1d14>
    2f1a:	fe 01       	movw	r30, r28
    2f1c:	ef 58       	subi	r30, 0x8F	; 143
    2f1e:	ff 4f       	sbci	r31, 0xFF	; 255
    2f20:	91 83       	std	Z+1, r25	; 0x01
    2f22:	80 83       	st	Z, r24
		_delay_ms(500);
		LCD_clearScreen();
    2f24:	0e 94 62 33 	call	0x66c4	; 0x66c4 <LCD_clearScreen>
		  {

		 /**********************************************************************
		  *             	    Case if user entered a wrong number            *
		  **********************************************************************/
			if(!firstEnteryAmmeter)
    2f28:	fe 01       	movw	r30, r28
    2f2a:	e0 5a       	subi	r30, 0xA0	; 160
    2f2c:	fe 4f       	sbci	r31, 0xFE	; 254
    2f2e:	80 81       	ld	r24, Z
    2f30:	88 23       	and	r24, r24
    2f32:	09 f0       	breq	.+2      	; 0x2f36 <main+0x1d34>
    2f34:	c7 c0       	rjmp	.+398    	; 0x30c4 <main+0x1ec2>
			{
			 LCD_clearScreen();
    2f36:	0e 94 62 33 	call	0x66c4	; 0x66c4 <LCD_clearScreen>
			 LCD_moveCursor(1, 1);
    2f3a:	81 e0       	ldi	r24, 0x01	; 1
    2f3c:	61 e0       	ldi	r22, 0x01	; 1
    2f3e:	0e 94 e2 32 	call	0x65c4	; 0x65c4 <LCD_moveCursor>
			 LCD_displayString("Please Press on");
    2f42:	8f e8       	ldi	r24, 0x8F	; 143
    2f44:	90 e0       	ldi	r25, 0x00	; 0
    2f46:	0e 94 bf 32 	call	0x657e	; 0x657e <LCD_displayString>
			 LCD_moveCursor(2, 1);
    2f4a:	82 e0       	ldi	r24, 0x02	; 2
    2f4c:	61 e0       	ldi	r22, 0x01	; 1
    2f4e:	0e 94 e2 32 	call	0x65c4	; 0x65c4 <LCD_moveCursor>
			 LCD_displayString("One of Av Keys");
    2f52:	82 e1       	ldi	r24, 0x12	; 18
    2f54:	91 e0       	ldi	r25, 0x01	; 1
    2f56:	0e 94 bf 32 	call	0x657e	; 0x657e <LCD_displayString>
    2f5a:	fe 01       	movw	r30, r28
    2f5c:	e3 59       	subi	r30, 0x93	; 147
    2f5e:	ff 4f       	sbci	r31, 0xFF	; 255
    2f60:	80 e0       	ldi	r24, 0x00	; 0
    2f62:	90 e0       	ldi	r25, 0x00	; 0
    2f64:	aa ef       	ldi	r26, 0xFA	; 250
    2f66:	b3 e4       	ldi	r27, 0x43	; 67
    2f68:	80 83       	st	Z, r24
    2f6a:	91 83       	std	Z+1, r25	; 0x01
    2f6c:	a2 83       	std	Z+2, r26	; 0x02
    2f6e:	b3 83       	std	Z+3, r27	; 0x03
 */
void
_delay_ms(double __ms)
{
	uint16_t __ticks;
	double __tmp = ((F_CPU) / 4e3) * __ms;
    2f70:	8e 01       	movw	r16, r28
    2f72:	07 59       	subi	r16, 0x97	; 151
    2f74:	1f 4f       	sbci	r17, 0xFF	; 255
    2f76:	fe 01       	movw	r30, r28
    2f78:	e3 59       	subi	r30, 0x93	; 147
    2f7a:	ff 4f       	sbci	r31, 0xFF	; 255
    2f7c:	60 81       	ld	r22, Z
    2f7e:	71 81       	ldd	r23, Z+1	; 0x01
    2f80:	82 81       	ldd	r24, Z+2	; 0x02
    2f82:	93 81       	ldd	r25, Z+3	; 0x03
    2f84:	20 e0       	ldi	r18, 0x00	; 0
    2f86:	30 e0       	ldi	r19, 0x00	; 0
    2f88:	4a e7       	ldi	r20, 0x7A	; 122
    2f8a:	53 e4       	ldi	r21, 0x43	; 67
    2f8c:	0e 94 1f 02 	call	0x43e	; 0x43e <__mulsf3>
    2f90:	dc 01       	movw	r26, r24
    2f92:	cb 01       	movw	r24, r22
    2f94:	f8 01       	movw	r30, r16
    2f96:	80 83       	st	Z, r24
    2f98:	91 83       	std	Z+1, r25	; 0x01
    2f9a:	a2 83       	std	Z+2, r26	; 0x02
    2f9c:	b3 83       	std	Z+3, r27	; 0x03
	if (__tmp < 1.0)
    2f9e:	fe 01       	movw	r30, r28
    2fa0:	e7 59       	subi	r30, 0x97	; 151
    2fa2:	ff 4f       	sbci	r31, 0xFF	; 255
    2fa4:	60 81       	ld	r22, Z
    2fa6:	71 81       	ldd	r23, Z+1	; 0x01
    2fa8:	82 81       	ldd	r24, Z+2	; 0x02
    2faa:	93 81       	ldd	r25, Z+3	; 0x03
    2fac:	20 e0       	ldi	r18, 0x00	; 0
    2fae:	30 e0       	ldi	r19, 0x00	; 0
    2fb0:	40 e8       	ldi	r20, 0x80	; 128
    2fb2:	5f e3       	ldi	r21, 0x3F	; 63
    2fb4:	0e 94 25 04 	call	0x84a	; 0x84a <__ltsf2>
    2fb8:	88 23       	and	r24, r24
    2fba:	44 f4       	brge	.+16     	; 0x2fcc <main+0x1dca>
		__ticks = 1;
    2fbc:	fe 01       	movw	r30, r28
    2fbe:	e9 59       	subi	r30, 0x99	; 153
    2fc0:	ff 4f       	sbci	r31, 0xFF	; 255
    2fc2:	81 e0       	ldi	r24, 0x01	; 1
    2fc4:	90 e0       	ldi	r25, 0x00	; 0
    2fc6:	91 83       	std	Z+1, r25	; 0x01
    2fc8:	80 83       	st	Z, r24
    2fca:	64 c0       	rjmp	.+200    	; 0x3094 <main+0x1e92>
	else if (__tmp > 65535)
    2fcc:	fe 01       	movw	r30, r28
    2fce:	e7 59       	subi	r30, 0x97	; 151
    2fd0:	ff 4f       	sbci	r31, 0xFF	; 255
    2fd2:	60 81       	ld	r22, Z
    2fd4:	71 81       	ldd	r23, Z+1	; 0x01
    2fd6:	82 81       	ldd	r24, Z+2	; 0x02
    2fd8:	93 81       	ldd	r25, Z+3	; 0x03
    2fda:	20 e0       	ldi	r18, 0x00	; 0
    2fdc:	3f ef       	ldi	r19, 0xFF	; 255
    2fde:	4f e7       	ldi	r20, 0x7F	; 127
    2fe0:	57 e4       	ldi	r21, 0x47	; 71
    2fe2:	0e 94 c5 03 	call	0x78a	; 0x78a <__gtsf2>
    2fe6:	18 16       	cp	r1, r24
    2fe8:	0c f0       	brlt	.+2      	; 0x2fec <main+0x1dea>
    2fea:	43 c0       	rjmp	.+134    	; 0x3072 <main+0x1e70>
	{
		//	__ticks = requested delay in 1/10 ms
		__ticks = (uint16_t) (__ms * 10.0);
    2fec:	fe 01       	movw	r30, r28
    2fee:	e3 59       	subi	r30, 0x93	; 147
    2ff0:	ff 4f       	sbci	r31, 0xFF	; 255
    2ff2:	60 81       	ld	r22, Z
    2ff4:	71 81       	ldd	r23, Z+1	; 0x01
    2ff6:	82 81       	ldd	r24, Z+2	; 0x02
    2ff8:	93 81       	ldd	r25, Z+3	; 0x03
    2ffa:	20 e0       	ldi	r18, 0x00	; 0
    2ffc:	30 e0       	ldi	r19, 0x00	; 0
    2ffe:	40 e2       	ldi	r20, 0x20	; 32
    3000:	51 e4       	ldi	r21, 0x41	; 65
    3002:	0e 94 1f 02 	call	0x43e	; 0x43e <__mulsf3>
    3006:	dc 01       	movw	r26, r24
    3008:	cb 01       	movw	r24, r22
    300a:	8e 01       	movw	r16, r28
    300c:	09 59       	subi	r16, 0x99	; 153
    300e:	1f 4f       	sbci	r17, 0xFF	; 255
    3010:	bc 01       	movw	r22, r24
    3012:	cd 01       	movw	r24, r26
    3014:	0e 94 49 00 	call	0x92	; 0x92 <__fixunssfsi>
    3018:	dc 01       	movw	r26, r24
    301a:	cb 01       	movw	r24, r22
    301c:	f8 01       	movw	r30, r16
    301e:	91 83       	std	Z+1, r25	; 0x01
    3020:	80 83       	st	Z, r24
    3022:	1f c0       	rjmp	.+62     	; 0x3062 <main+0x1e60>
    3024:	fe 01       	movw	r30, r28
    3026:	eb 59       	subi	r30, 0x9B	; 155
    3028:	ff 4f       	sbci	r31, 0xFF	; 255
    302a:	89 e1       	ldi	r24, 0x19	; 25
    302c:	90 e0       	ldi	r25, 0x00	; 0
    302e:	91 83       	std	Z+1, r25	; 0x01
    3030:	80 83       	st	Z, r24
    3032:	fe 01       	movw	r30, r28
    3034:	eb 59       	subi	r30, 0x9B	; 155
    3036:	ff 4f       	sbci	r31, 0xFF	; 255
    3038:	80 81       	ld	r24, Z
    303a:	91 81       	ldd	r25, Z+1	; 0x01
    303c:	01 97       	sbiw	r24, 0x01	; 1
    303e:	f1 f7       	brne	.-4      	; 0x303c <main+0x1e3a>
    3040:	fe 01       	movw	r30, r28
    3042:	eb 59       	subi	r30, 0x9B	; 155
    3044:	ff 4f       	sbci	r31, 0xFF	; 255
    3046:	91 83       	std	Z+1, r25	; 0x01
    3048:	80 83       	st	Z, r24
		while(__ticks)
		{
			// wait 1/10 ms
			_delay_loop_2(((F_CPU) / 4e3) / 10);
			__ticks --;
    304a:	de 01       	movw	r26, r28
    304c:	a9 59       	subi	r26, 0x99	; 153
    304e:	bf 4f       	sbci	r27, 0xFF	; 255
    3050:	fe 01       	movw	r30, r28
    3052:	e9 59       	subi	r30, 0x99	; 153
    3054:	ff 4f       	sbci	r31, 0xFF	; 255
    3056:	80 81       	ld	r24, Z
    3058:	91 81       	ldd	r25, Z+1	; 0x01
    305a:	01 97       	sbiw	r24, 0x01	; 1
    305c:	11 96       	adiw	r26, 0x01	; 1
    305e:	9c 93       	st	X, r25
    3060:	8e 93       	st	-X, r24
		__ticks = 1;
	else if (__tmp > 65535)
	{
		//	__ticks = requested delay in 1/10 ms
		__ticks = (uint16_t) (__ms * 10.0);
		while(__ticks)
    3062:	fe 01       	movw	r30, r28
    3064:	e9 59       	subi	r30, 0x99	; 153
    3066:	ff 4f       	sbci	r31, 0xFF	; 255
    3068:	80 81       	ld	r24, Z
    306a:	91 81       	ldd	r25, Z+1	; 0x01
    306c:	00 97       	sbiw	r24, 0x00	; 0
    306e:	d1 f6       	brne	.-76     	; 0x3024 <main+0x1e22>
    3070:	27 c0       	rjmp	.+78     	; 0x30c0 <main+0x1ebe>
			__ticks --;
		}
		return;
	}
	else
		__ticks = (uint16_t)__tmp;
    3072:	8e 01       	movw	r16, r28
    3074:	09 59       	subi	r16, 0x99	; 153
    3076:	1f 4f       	sbci	r17, 0xFF	; 255
    3078:	fe 01       	movw	r30, r28
    307a:	e7 59       	subi	r30, 0x97	; 151
    307c:	ff 4f       	sbci	r31, 0xFF	; 255
    307e:	60 81       	ld	r22, Z
    3080:	71 81       	ldd	r23, Z+1	; 0x01
    3082:	82 81       	ldd	r24, Z+2	; 0x02
    3084:	93 81       	ldd	r25, Z+3	; 0x03
    3086:	0e 94 49 00 	call	0x92	; 0x92 <__fixunssfsi>
    308a:	dc 01       	movw	r26, r24
    308c:	cb 01       	movw	r24, r22
    308e:	f8 01       	movw	r30, r16
    3090:	91 83       	std	Z+1, r25	; 0x01
    3092:	80 83       	st	Z, r24
    3094:	de 01       	movw	r26, r28
    3096:	ad 59       	subi	r26, 0x9D	; 157
    3098:	bf 4f       	sbci	r27, 0xFF	; 255
    309a:	fe 01       	movw	r30, r28
    309c:	e9 59       	subi	r30, 0x99	; 153
    309e:	ff 4f       	sbci	r31, 0xFF	; 255
    30a0:	80 81       	ld	r24, Z
    30a2:	91 81       	ldd	r25, Z+1	; 0x01
    30a4:	8d 93       	st	X+, r24
    30a6:	9c 93       	st	X, r25
    30a8:	fe 01       	movw	r30, r28
    30aa:	ed 59       	subi	r30, 0x9D	; 157
    30ac:	ff 4f       	sbci	r31, 0xFF	; 255
    30ae:	80 81       	ld	r24, Z
    30b0:	91 81       	ldd	r25, Z+1	; 0x01
    30b2:	01 97       	sbiw	r24, 0x01	; 1
    30b4:	f1 f7       	brne	.-4      	; 0x30b2 <main+0x1eb0>
    30b6:	fe 01       	movw	r30, r28
    30b8:	ed 59       	subi	r30, 0x9D	; 157
    30ba:	ff 4f       	sbci	r31, 0xFF	; 255
    30bc:	91 83       	std	Z+1, r25	; 0x01
    30be:	80 83       	st	Z, r24
			 _delay_ms(500);
			 LCD_clearScreen();
    30c0:	0e 94 62 33 	call	0x66c4	; 0x66c4 <LCD_clearScreen>
			}

		 /**********************************************************************
		  *        Menu for the user to choose range of Ammeter from         *
		  **********************************************************************/
			 LCD_moveCursor(1, 1);
    30c4:	81 e0       	ldi	r24, 0x01	; 1
    30c6:	61 e0       	ldi	r22, 0x01	; 1
    30c8:	0e 94 e2 32 	call	0x65c4	; 0x65c4 <LCD_moveCursor>
			 LCD_displayString("1) 10mA to 100mA");
    30cc:	85 e5       	ldi	r24, 0x55	; 85
    30ce:	91 e0       	ldi	r25, 0x01	; 1
    30d0:	0e 94 bf 32 	call	0x657e	; 0x657e <LCD_displayString>
			 LCD_moveCursor(2,1);
    30d4:	82 e0       	ldi	r24, 0x02	; 2
    30d6:	61 e0       	ldi	r22, 0x01	; 1
    30d8:	0e 94 e2 32 	call	0x65c4	; 0x65c4 <LCD_moveCursor>
			 LCD_displayString("2) 100mA to 1A");
    30dc:	86 e6       	ldi	r24, 0x66	; 102
    30de:	91 e0       	ldi	r25, 0x01	; 1
    30e0:	0e 94 bf 32 	call	0x657e	; 0x657e <LCD_displayString>
			 keyPressed=KEYPAD_getPressedKey();
    30e4:	0e 94 71 28 	call	0x50e2	; 0x50e2 <KEYPAD_getPressedKey>
    30e8:	fe 01       	movw	r30, r28
    30ea:	ed 59       	subi	r30, 0x9D	; 157
    30ec:	fe 4f       	sbci	r31, 0xFE	; 254
    30ee:	80 83       	st	Z, r24
			 firstEnteryAmmeter=0;
    30f0:	fe 01       	movw	r30, r28
    30f2:	e0 5a       	subi	r30, 0xA0	; 160
    30f4:	fe 4f       	sbci	r31, 0xFE	; 254
    30f6:	10 82       	st	Z, r1
			}
			while( (keyPressed!= AMMETERFIRSTRANGE) && (keyPressed!=AMMMETERSECRANGE));
    30f8:	fe 01       	movw	r30, r28
    30fa:	ed 59       	subi	r30, 0x9D	; 157
    30fc:	fe 4f       	sbci	r31, 0xFE	; 254
    30fe:	80 81       	ld	r24, Z
    3100:	81 30       	cpi	r24, 0x01	; 1
    3102:	39 f0       	breq	.+14     	; 0x3112 <main+0x1f10>
    3104:	fe 01       	movw	r30, r28
    3106:	ed 59       	subi	r30, 0x9D	; 157
    3108:	fe 4f       	sbci	r31, 0xFE	; 254
    310a:	80 81       	ld	r24, Z
    310c:	82 30       	cpi	r24, 0x02	; 2
    310e:	09 f0       	breq	.+2      	; 0x3112 <main+0x1f10>
    3110:	0b cf       	rjmp	.-490    	; 0x2f28 <main+0x1d26>

		/* Returning the flag to it's default value for the upcoming Enteries*/
			firstEnteryAmmeter=1;
    3112:	fe 01       	movw	r30, r28
    3114:	e0 5a       	subi	r30, 0xA0	; 160
    3116:	fe 4f       	sbci	r31, 0xFE	; 254
    3118:	81 e0       	ldi	r24, 0x01	; 1
    311a:	80 83       	st	Z, r24

		 /**********************************************************************
		  *        Menu for the user to choose Range of Ammeter from         *
		  **********************************************************************/
			switch (keyPressed)
    311c:	fe 01       	movw	r30, r28
    311e:	ed 59       	subi	r30, 0x9D	; 157
    3120:	fe 4f       	sbci	r31, 0xFE	; 254
    3122:	80 81       	ld	r24, Z
    3124:	28 2f       	mov	r18, r24
    3126:	30 e0       	ldi	r19, 0x00	; 0
    3128:	c8 59       	subi	r28, 0x98	; 152
    312a:	de 4f       	sbci	r29, 0xFE	; 254
    312c:	39 83       	std	Y+1, r19	; 0x01
    312e:	28 83       	st	Y, r18
    3130:	c8 56       	subi	r28, 0x68	; 104
    3132:	d1 40       	sbci	r29, 0x01	; 1
    3134:	c8 59       	subi	r28, 0x98	; 152
    3136:	de 4f       	sbci	r29, 0xFE	; 254
    3138:	88 81       	ld	r24, Y
    313a:	99 81       	ldd	r25, Y+1	; 0x01
    313c:	c8 56       	subi	r28, 0x68	; 104
    313e:	d1 40       	sbci	r29, 0x01	; 1
    3140:	81 30       	cpi	r24, 0x01	; 1
    3142:	91 05       	cpc	r25, r1
    3144:	61 f0       	breq	.+24     	; 0x315e <main+0x1f5c>
    3146:	c8 59       	subi	r28, 0x98	; 152
    3148:	de 4f       	sbci	r29, 0xFE	; 254
    314a:	e8 81       	ld	r30, Y
    314c:	f9 81       	ldd	r31, Y+1	; 0x01
    314e:	c8 56       	subi	r28, 0x68	; 104
    3150:	d1 40       	sbci	r29, 0x01	; 1
    3152:	e2 30       	cpi	r30, 0x02	; 2
    3154:	f1 05       	cpc	r31, r1
    3156:	09 f4       	brne	.+2      	; 0x315a <main+0x1f58>
    3158:	c1 c0       	rjmp	.+386    	; 0x32dc <main+0x20da>
    315a:	0c 94 0b 0a 	jmp	0x1416	; 0x1416 <main+0x214>
			{
				case AMMETERFIRSTRANGE:

				LCD_clearScreen();
    315e:	0e 94 62 33 	call	0x66c4	; 0x66c4 <LCD_clearScreen>

		 /**********************************************************************
		  *  Select First range of voltmeter 10mA to 100mA         			   *
		  **********************************************************************/

				LCD_displayString("First Range");
    3162:	8c e3       	ldi	r24, 0x3C	; 60
    3164:	91 e0       	ldi	r25, 0x01	; 1
    3166:	0e 94 bf 32 	call	0x657e	; 0x657e <LCD_displayString>
    316a:	fe 01       	movw	r30, r28
    316c:	e1 5a       	subi	r30, 0xA1	; 161
    316e:	ff 4f       	sbci	r31, 0xFF	; 255
    3170:	80 e0       	ldi	r24, 0x00	; 0
    3172:	90 e0       	ldi	r25, 0x00	; 0
    3174:	aa ef       	ldi	r26, 0xFA	; 250
    3176:	b3 e4       	ldi	r27, 0x43	; 67
    3178:	80 83       	st	Z, r24
    317a:	91 83       	std	Z+1, r25	; 0x01
    317c:	a2 83       	std	Z+2, r26	; 0x02
    317e:	b3 83       	std	Z+3, r27	; 0x03
 */
void
_delay_ms(double __ms)
{
	uint16_t __ticks;
	double __tmp = ((F_CPU) / 4e3) * __ms;
    3180:	8e 01       	movw	r16, r28
    3182:	05 5a       	subi	r16, 0xA5	; 165
    3184:	1f 4f       	sbci	r17, 0xFF	; 255
    3186:	fe 01       	movw	r30, r28
    3188:	e1 5a       	subi	r30, 0xA1	; 161
    318a:	ff 4f       	sbci	r31, 0xFF	; 255
    318c:	60 81       	ld	r22, Z
    318e:	71 81       	ldd	r23, Z+1	; 0x01
    3190:	82 81       	ldd	r24, Z+2	; 0x02
    3192:	93 81       	ldd	r25, Z+3	; 0x03
    3194:	20 e0       	ldi	r18, 0x00	; 0
    3196:	30 e0       	ldi	r19, 0x00	; 0
    3198:	4a e7       	ldi	r20, 0x7A	; 122
    319a:	53 e4       	ldi	r21, 0x43	; 67
    319c:	0e 94 1f 02 	call	0x43e	; 0x43e <__mulsf3>
    31a0:	dc 01       	movw	r26, r24
    31a2:	cb 01       	movw	r24, r22
    31a4:	f8 01       	movw	r30, r16
    31a6:	80 83       	st	Z, r24
    31a8:	91 83       	std	Z+1, r25	; 0x01
    31aa:	a2 83       	std	Z+2, r26	; 0x02
    31ac:	b3 83       	std	Z+3, r27	; 0x03
	if (__tmp < 1.0)
    31ae:	fe 01       	movw	r30, r28
    31b0:	e5 5a       	subi	r30, 0xA5	; 165
    31b2:	ff 4f       	sbci	r31, 0xFF	; 255
    31b4:	60 81       	ld	r22, Z
    31b6:	71 81       	ldd	r23, Z+1	; 0x01
    31b8:	82 81       	ldd	r24, Z+2	; 0x02
    31ba:	93 81       	ldd	r25, Z+3	; 0x03
    31bc:	20 e0       	ldi	r18, 0x00	; 0
    31be:	30 e0       	ldi	r19, 0x00	; 0
    31c0:	40 e8       	ldi	r20, 0x80	; 128
    31c2:	5f e3       	ldi	r21, 0x3F	; 63
    31c4:	0e 94 25 04 	call	0x84a	; 0x84a <__ltsf2>
    31c8:	88 23       	and	r24, r24
    31ca:	44 f4       	brge	.+16     	; 0x31dc <main+0x1fda>
		__ticks = 1;
    31cc:	fe 01       	movw	r30, r28
    31ce:	e7 5a       	subi	r30, 0xA7	; 167
    31d0:	ff 4f       	sbci	r31, 0xFF	; 255
    31d2:	81 e0       	ldi	r24, 0x01	; 1
    31d4:	90 e0       	ldi	r25, 0x00	; 0
    31d6:	91 83       	std	Z+1, r25	; 0x01
    31d8:	80 83       	st	Z, r24
    31da:	64 c0       	rjmp	.+200    	; 0x32a4 <main+0x20a2>
	else if (__tmp > 65535)
    31dc:	fe 01       	movw	r30, r28
    31de:	e5 5a       	subi	r30, 0xA5	; 165
    31e0:	ff 4f       	sbci	r31, 0xFF	; 255
    31e2:	60 81       	ld	r22, Z
    31e4:	71 81       	ldd	r23, Z+1	; 0x01
    31e6:	82 81       	ldd	r24, Z+2	; 0x02
    31e8:	93 81       	ldd	r25, Z+3	; 0x03
    31ea:	20 e0       	ldi	r18, 0x00	; 0
    31ec:	3f ef       	ldi	r19, 0xFF	; 255
    31ee:	4f e7       	ldi	r20, 0x7F	; 127
    31f0:	57 e4       	ldi	r21, 0x47	; 71
    31f2:	0e 94 c5 03 	call	0x78a	; 0x78a <__gtsf2>
    31f6:	18 16       	cp	r1, r24
    31f8:	0c f0       	brlt	.+2      	; 0x31fc <main+0x1ffa>
    31fa:	43 c0       	rjmp	.+134    	; 0x3282 <main+0x2080>
	{
		//	__ticks = requested delay in 1/10 ms
		__ticks = (uint16_t) (__ms * 10.0);
    31fc:	fe 01       	movw	r30, r28
    31fe:	e1 5a       	subi	r30, 0xA1	; 161
    3200:	ff 4f       	sbci	r31, 0xFF	; 255
    3202:	60 81       	ld	r22, Z
    3204:	71 81       	ldd	r23, Z+1	; 0x01
    3206:	82 81       	ldd	r24, Z+2	; 0x02
    3208:	93 81       	ldd	r25, Z+3	; 0x03
    320a:	20 e0       	ldi	r18, 0x00	; 0
    320c:	30 e0       	ldi	r19, 0x00	; 0
    320e:	40 e2       	ldi	r20, 0x20	; 32
    3210:	51 e4       	ldi	r21, 0x41	; 65
    3212:	0e 94 1f 02 	call	0x43e	; 0x43e <__mulsf3>
    3216:	dc 01       	movw	r26, r24
    3218:	cb 01       	movw	r24, r22
    321a:	8e 01       	movw	r16, r28
    321c:	07 5a       	subi	r16, 0xA7	; 167
    321e:	1f 4f       	sbci	r17, 0xFF	; 255
    3220:	bc 01       	movw	r22, r24
    3222:	cd 01       	movw	r24, r26
    3224:	0e 94 49 00 	call	0x92	; 0x92 <__fixunssfsi>
    3228:	dc 01       	movw	r26, r24
    322a:	cb 01       	movw	r24, r22
    322c:	f8 01       	movw	r30, r16
    322e:	91 83       	std	Z+1, r25	; 0x01
    3230:	80 83       	st	Z, r24
    3232:	1f c0       	rjmp	.+62     	; 0x3272 <main+0x2070>
    3234:	fe 01       	movw	r30, r28
    3236:	e9 5a       	subi	r30, 0xA9	; 169
    3238:	ff 4f       	sbci	r31, 0xFF	; 255
    323a:	89 e1       	ldi	r24, 0x19	; 25
    323c:	90 e0       	ldi	r25, 0x00	; 0
    323e:	91 83       	std	Z+1, r25	; 0x01
    3240:	80 83       	st	Z, r24
    3242:	fe 01       	movw	r30, r28
    3244:	e9 5a       	subi	r30, 0xA9	; 169
    3246:	ff 4f       	sbci	r31, 0xFF	; 255
    3248:	80 81       	ld	r24, Z
    324a:	91 81       	ldd	r25, Z+1	; 0x01
    324c:	01 97       	sbiw	r24, 0x01	; 1
    324e:	f1 f7       	brne	.-4      	; 0x324c <main+0x204a>
    3250:	fe 01       	movw	r30, r28
    3252:	e9 5a       	subi	r30, 0xA9	; 169
    3254:	ff 4f       	sbci	r31, 0xFF	; 255
    3256:	91 83       	std	Z+1, r25	; 0x01
    3258:	80 83       	st	Z, r24
		while(__ticks)
		{
			// wait 1/10 ms
			_delay_loop_2(((F_CPU) / 4e3) / 10);
			__ticks --;
    325a:	de 01       	movw	r26, r28
    325c:	a7 5a       	subi	r26, 0xA7	; 167
    325e:	bf 4f       	sbci	r27, 0xFF	; 255
    3260:	fe 01       	movw	r30, r28
    3262:	e7 5a       	subi	r30, 0xA7	; 167
    3264:	ff 4f       	sbci	r31, 0xFF	; 255
    3266:	80 81       	ld	r24, Z
    3268:	91 81       	ldd	r25, Z+1	; 0x01
    326a:	01 97       	sbiw	r24, 0x01	; 1
    326c:	11 96       	adiw	r26, 0x01	; 1
    326e:	9c 93       	st	X, r25
    3270:	8e 93       	st	-X, r24
		__ticks = 1;
	else if (__tmp > 65535)
	{
		//	__ticks = requested delay in 1/10 ms
		__ticks = (uint16_t) (__ms * 10.0);
		while(__ticks)
    3272:	fe 01       	movw	r30, r28
    3274:	e7 5a       	subi	r30, 0xA7	; 167
    3276:	ff 4f       	sbci	r31, 0xFF	; 255
    3278:	80 81       	ld	r24, Z
    327a:	91 81       	ldd	r25, Z+1	; 0x01
    327c:	00 97       	sbiw	r24, 0x00	; 0
    327e:	d1 f6       	brne	.-76     	; 0x3234 <main+0x2032>
    3280:	27 c0       	rjmp	.+78     	; 0x32d0 <main+0x20ce>
			__ticks --;
		}
		return;
	}
	else
		__ticks = (uint16_t)__tmp;
    3282:	8e 01       	movw	r16, r28
    3284:	07 5a       	subi	r16, 0xA7	; 167
    3286:	1f 4f       	sbci	r17, 0xFF	; 255
    3288:	fe 01       	movw	r30, r28
    328a:	e5 5a       	subi	r30, 0xA5	; 165
    328c:	ff 4f       	sbci	r31, 0xFF	; 255
    328e:	60 81       	ld	r22, Z
    3290:	71 81       	ldd	r23, Z+1	; 0x01
    3292:	82 81       	ldd	r24, Z+2	; 0x02
    3294:	93 81       	ldd	r25, Z+3	; 0x03
    3296:	0e 94 49 00 	call	0x92	; 0x92 <__fixunssfsi>
    329a:	dc 01       	movw	r26, r24
    329c:	cb 01       	movw	r24, r22
    329e:	f8 01       	movw	r30, r16
    32a0:	91 83       	std	Z+1, r25	; 0x01
    32a2:	80 83       	st	Z, r24
    32a4:	de 01       	movw	r26, r28
    32a6:	ab 5a       	subi	r26, 0xAB	; 171
    32a8:	bf 4f       	sbci	r27, 0xFF	; 255
    32aa:	fe 01       	movw	r30, r28
    32ac:	e7 5a       	subi	r30, 0xA7	; 167
    32ae:	ff 4f       	sbci	r31, 0xFF	; 255
    32b0:	80 81       	ld	r24, Z
    32b2:	91 81       	ldd	r25, Z+1	; 0x01
    32b4:	8d 93       	st	X+, r24
    32b6:	9c 93       	st	X, r25
    32b8:	fe 01       	movw	r30, r28
    32ba:	eb 5a       	subi	r30, 0xAB	; 171
    32bc:	ff 4f       	sbci	r31, 0xFF	; 255
    32be:	80 81       	ld	r24, Z
    32c0:	91 81       	ldd	r25, Z+1	; 0x01
    32c2:	01 97       	sbiw	r24, 0x01	; 1
    32c4:	f1 f7       	brne	.-4      	; 0x32c2 <main+0x20c0>
    32c6:	fe 01       	movw	r30, r28
    32c8:	eb 5a       	subi	r30, 0xAB	; 171
    32ca:	ff 4f       	sbci	r31, 0xFF	; 255
    32cc:	91 83       	std	Z+1, r25	; 0x01
    32ce:	80 83       	st	Z, r24
				 _delay_ms(500);
				LCD_clearScreen();
    32d0:	0e 94 62 33 	call	0x66c4	; 0x66c4 <LCD_clearScreen>

				AMMETER_firstRange();
    32d4:	0e 94 11 1e 	call	0x3c22	; 0x3c22 <AMMETER_firstRange>
    32d8:	0c 94 0b 0a 	jmp	0x1416	; 0x1416 <main+0x214>
					break;

				case AMMMETERSECRANGE:

				LCD_clearScreen();
    32dc:	0e 94 62 33 	call	0x66c4	; 0x66c4 <LCD_clearScreen>

		 /**********************************************************************
		  *  Select First range of voltmeter 100mA to 1A         			   *
		  **********************************************************************/
				LCD_displayString("Sec Range");
    32e0:	88 e4       	ldi	r24, 0x48	; 72
    32e2:	91 e0       	ldi	r25, 0x01	; 1
    32e4:	0e 94 bf 32 	call	0x657e	; 0x657e <LCD_displayString>
    32e8:	fe 01       	movw	r30, r28
    32ea:	ef 5a       	subi	r30, 0xAF	; 175
    32ec:	ff 4f       	sbci	r31, 0xFF	; 255
    32ee:	80 e0       	ldi	r24, 0x00	; 0
    32f0:	90 e0       	ldi	r25, 0x00	; 0
    32f2:	aa ef       	ldi	r26, 0xFA	; 250
    32f4:	b3 e4       	ldi	r27, 0x43	; 67
    32f6:	80 83       	st	Z, r24
    32f8:	91 83       	std	Z+1, r25	; 0x01
    32fa:	a2 83       	std	Z+2, r26	; 0x02
    32fc:	b3 83       	std	Z+3, r27	; 0x03
 */
void
_delay_ms(double __ms)
{
	uint16_t __ticks;
	double __tmp = ((F_CPU) / 4e3) * __ms;
    32fe:	8e 01       	movw	r16, r28
    3300:	03 5b       	subi	r16, 0xB3	; 179
    3302:	1f 4f       	sbci	r17, 0xFF	; 255
    3304:	fe 01       	movw	r30, r28
    3306:	ef 5a       	subi	r30, 0xAF	; 175
    3308:	ff 4f       	sbci	r31, 0xFF	; 255
    330a:	60 81       	ld	r22, Z
    330c:	71 81       	ldd	r23, Z+1	; 0x01
    330e:	82 81       	ldd	r24, Z+2	; 0x02
    3310:	93 81       	ldd	r25, Z+3	; 0x03
    3312:	20 e0       	ldi	r18, 0x00	; 0
    3314:	30 e0       	ldi	r19, 0x00	; 0
    3316:	4a e7       	ldi	r20, 0x7A	; 122
    3318:	53 e4       	ldi	r21, 0x43	; 67
    331a:	0e 94 1f 02 	call	0x43e	; 0x43e <__mulsf3>
    331e:	dc 01       	movw	r26, r24
    3320:	cb 01       	movw	r24, r22
    3322:	f8 01       	movw	r30, r16
    3324:	80 83       	st	Z, r24
    3326:	91 83       	std	Z+1, r25	; 0x01
    3328:	a2 83       	std	Z+2, r26	; 0x02
    332a:	b3 83       	std	Z+3, r27	; 0x03
	if (__tmp < 1.0)
    332c:	fe 01       	movw	r30, r28
    332e:	e3 5b       	subi	r30, 0xB3	; 179
    3330:	ff 4f       	sbci	r31, 0xFF	; 255
    3332:	60 81       	ld	r22, Z
    3334:	71 81       	ldd	r23, Z+1	; 0x01
    3336:	82 81       	ldd	r24, Z+2	; 0x02
    3338:	93 81       	ldd	r25, Z+3	; 0x03
    333a:	20 e0       	ldi	r18, 0x00	; 0
    333c:	30 e0       	ldi	r19, 0x00	; 0
    333e:	40 e8       	ldi	r20, 0x80	; 128
    3340:	5f e3       	ldi	r21, 0x3F	; 63
    3342:	0e 94 25 04 	call	0x84a	; 0x84a <__ltsf2>
    3346:	88 23       	and	r24, r24
    3348:	44 f4       	brge	.+16     	; 0x335a <main+0x2158>
		__ticks = 1;
    334a:	fe 01       	movw	r30, r28
    334c:	e5 5b       	subi	r30, 0xB5	; 181
    334e:	ff 4f       	sbci	r31, 0xFF	; 255
    3350:	81 e0       	ldi	r24, 0x01	; 1
    3352:	90 e0       	ldi	r25, 0x00	; 0
    3354:	91 83       	std	Z+1, r25	; 0x01
    3356:	80 83       	st	Z, r24
    3358:	64 c0       	rjmp	.+200    	; 0x3422 <main+0x2220>
	else if (__tmp > 65535)
    335a:	fe 01       	movw	r30, r28
    335c:	e3 5b       	subi	r30, 0xB3	; 179
    335e:	ff 4f       	sbci	r31, 0xFF	; 255
    3360:	60 81       	ld	r22, Z
    3362:	71 81       	ldd	r23, Z+1	; 0x01
    3364:	82 81       	ldd	r24, Z+2	; 0x02
    3366:	93 81       	ldd	r25, Z+3	; 0x03
    3368:	20 e0       	ldi	r18, 0x00	; 0
    336a:	3f ef       	ldi	r19, 0xFF	; 255
    336c:	4f e7       	ldi	r20, 0x7F	; 127
    336e:	57 e4       	ldi	r21, 0x47	; 71
    3370:	0e 94 c5 03 	call	0x78a	; 0x78a <__gtsf2>
    3374:	18 16       	cp	r1, r24
    3376:	0c f0       	brlt	.+2      	; 0x337a <main+0x2178>
    3378:	43 c0       	rjmp	.+134    	; 0x3400 <main+0x21fe>
	{
		//	__ticks = requested delay in 1/10 ms
		__ticks = (uint16_t) (__ms * 10.0);
    337a:	fe 01       	movw	r30, r28
    337c:	ef 5a       	subi	r30, 0xAF	; 175
    337e:	ff 4f       	sbci	r31, 0xFF	; 255
    3380:	60 81       	ld	r22, Z
    3382:	71 81       	ldd	r23, Z+1	; 0x01
    3384:	82 81       	ldd	r24, Z+2	; 0x02
    3386:	93 81       	ldd	r25, Z+3	; 0x03
    3388:	20 e0       	ldi	r18, 0x00	; 0
    338a:	30 e0       	ldi	r19, 0x00	; 0
    338c:	40 e2       	ldi	r20, 0x20	; 32
    338e:	51 e4       	ldi	r21, 0x41	; 65
    3390:	0e 94 1f 02 	call	0x43e	; 0x43e <__mulsf3>
    3394:	dc 01       	movw	r26, r24
    3396:	cb 01       	movw	r24, r22
    3398:	8e 01       	movw	r16, r28
    339a:	05 5b       	subi	r16, 0xB5	; 181
    339c:	1f 4f       	sbci	r17, 0xFF	; 255
    339e:	bc 01       	movw	r22, r24
    33a0:	cd 01       	movw	r24, r26
    33a2:	0e 94 49 00 	call	0x92	; 0x92 <__fixunssfsi>
    33a6:	dc 01       	movw	r26, r24
    33a8:	cb 01       	movw	r24, r22
    33aa:	f8 01       	movw	r30, r16
    33ac:	91 83       	std	Z+1, r25	; 0x01
    33ae:	80 83       	st	Z, r24
    33b0:	1f c0       	rjmp	.+62     	; 0x33f0 <main+0x21ee>
    33b2:	fe 01       	movw	r30, r28
    33b4:	e7 5b       	subi	r30, 0xB7	; 183
    33b6:	ff 4f       	sbci	r31, 0xFF	; 255
    33b8:	89 e1       	ldi	r24, 0x19	; 25
    33ba:	90 e0       	ldi	r25, 0x00	; 0
    33bc:	91 83       	std	Z+1, r25	; 0x01
    33be:	80 83       	st	Z, r24
    33c0:	fe 01       	movw	r30, r28
    33c2:	e7 5b       	subi	r30, 0xB7	; 183
    33c4:	ff 4f       	sbci	r31, 0xFF	; 255
    33c6:	80 81       	ld	r24, Z
    33c8:	91 81       	ldd	r25, Z+1	; 0x01
    33ca:	01 97       	sbiw	r24, 0x01	; 1
    33cc:	f1 f7       	brne	.-4      	; 0x33ca <main+0x21c8>
    33ce:	fe 01       	movw	r30, r28
    33d0:	e7 5b       	subi	r30, 0xB7	; 183
    33d2:	ff 4f       	sbci	r31, 0xFF	; 255
    33d4:	91 83       	std	Z+1, r25	; 0x01
    33d6:	80 83       	st	Z, r24
		while(__ticks)
		{
			// wait 1/10 ms
			_delay_loop_2(((F_CPU) / 4e3) / 10);
			__ticks --;
    33d8:	de 01       	movw	r26, r28
    33da:	a5 5b       	subi	r26, 0xB5	; 181
    33dc:	bf 4f       	sbci	r27, 0xFF	; 255
    33de:	fe 01       	movw	r30, r28
    33e0:	e5 5b       	subi	r30, 0xB5	; 181
    33e2:	ff 4f       	sbci	r31, 0xFF	; 255
    33e4:	80 81       	ld	r24, Z
    33e6:	91 81       	ldd	r25, Z+1	; 0x01
    33e8:	01 97       	sbiw	r24, 0x01	; 1
    33ea:	11 96       	adiw	r26, 0x01	; 1
    33ec:	9c 93       	st	X, r25
    33ee:	8e 93       	st	-X, r24
		__ticks = 1;
	else if (__tmp > 65535)
	{
		//	__ticks = requested delay in 1/10 ms
		__ticks = (uint16_t) (__ms * 10.0);
		while(__ticks)
    33f0:	fe 01       	movw	r30, r28
    33f2:	e5 5b       	subi	r30, 0xB5	; 181
    33f4:	ff 4f       	sbci	r31, 0xFF	; 255
    33f6:	80 81       	ld	r24, Z
    33f8:	91 81       	ldd	r25, Z+1	; 0x01
    33fa:	00 97       	sbiw	r24, 0x00	; 0
    33fc:	d1 f6       	brne	.-76     	; 0x33b2 <main+0x21b0>
    33fe:	27 c0       	rjmp	.+78     	; 0x344e <main+0x224c>
			__ticks --;
		}
		return;
	}
	else
		__ticks = (uint16_t)__tmp;
    3400:	8e 01       	movw	r16, r28
    3402:	05 5b       	subi	r16, 0xB5	; 181
    3404:	1f 4f       	sbci	r17, 0xFF	; 255
    3406:	fe 01       	movw	r30, r28
    3408:	e3 5b       	subi	r30, 0xB3	; 179
    340a:	ff 4f       	sbci	r31, 0xFF	; 255
    340c:	60 81       	ld	r22, Z
    340e:	71 81       	ldd	r23, Z+1	; 0x01
    3410:	82 81       	ldd	r24, Z+2	; 0x02
    3412:	93 81       	ldd	r25, Z+3	; 0x03
    3414:	0e 94 49 00 	call	0x92	; 0x92 <__fixunssfsi>
    3418:	dc 01       	movw	r26, r24
    341a:	cb 01       	movw	r24, r22
    341c:	f8 01       	movw	r30, r16
    341e:	91 83       	std	Z+1, r25	; 0x01
    3420:	80 83       	st	Z, r24
    3422:	de 01       	movw	r26, r28
    3424:	a9 5b       	subi	r26, 0xB9	; 185
    3426:	bf 4f       	sbci	r27, 0xFF	; 255
    3428:	fe 01       	movw	r30, r28
    342a:	e5 5b       	subi	r30, 0xB5	; 181
    342c:	ff 4f       	sbci	r31, 0xFF	; 255
    342e:	80 81       	ld	r24, Z
    3430:	91 81       	ldd	r25, Z+1	; 0x01
    3432:	8d 93       	st	X+, r24
    3434:	9c 93       	st	X, r25
    3436:	fe 01       	movw	r30, r28
    3438:	e9 5b       	subi	r30, 0xB9	; 185
    343a:	ff 4f       	sbci	r31, 0xFF	; 255
    343c:	80 81       	ld	r24, Z
    343e:	91 81       	ldd	r25, Z+1	; 0x01
    3440:	01 97       	sbiw	r24, 0x01	; 1
    3442:	f1 f7       	brne	.-4      	; 0x3440 <main+0x223e>
    3444:	fe 01       	movw	r30, r28
    3446:	e9 5b       	subi	r30, 0xB9	; 185
    3448:	ff 4f       	sbci	r31, 0xFF	; 255
    344a:	91 83       	std	Z+1, r25	; 0x01
    344c:	80 83       	st	Z, r24
				 _delay_ms(500);
				LCD_clearScreen();
    344e:	0e 94 62 33 	call	0x66c4	; 0x66c4 <LCD_clearScreen>

				AMMMETER_secondRange();
    3452:	0e 94 02 1f 	call	0x3e04	; 0x3e04 <AMMMETER_secondRange>
    3456:	0c 94 0b 0a 	jmp	0x1416	; 0x1416 <main+0x214>


		  /**********************************************************************
		   *       Requesting the range of resistance the user wish to measure  *
		   **********************************************************************/
				LCD_moveCursor(1, 1);
    345a:	81 e0       	ldi	r24, 0x01	; 1
    345c:	61 e0       	ldi	r22, 0x01	; 1
    345e:	0e 94 e2 32 	call	0x65c4	; 0x65c4 <LCD_moveCursor>
				LCD_displayString("Please sel req");
    3462:	8d ef       	ldi	r24, 0xFD	; 253
    3464:	90 e0       	ldi	r25, 0x00	; 0
    3466:	0e 94 bf 32 	call	0x657e	; 0x657e <LCD_displayString>
				LCD_moveCursor(2, 1);
    346a:	82 e0       	ldi	r24, 0x02	; 2
    346c:	61 e0       	ldi	r22, 0x01	; 1
    346e:	0e 94 e2 32 	call	0x65c4	; 0x65c4 <LCD_moveCursor>
				LCD_displayString("Range");
    3472:	8c e0       	ldi	r24, 0x0C	; 12
    3474:	91 e0       	ldi	r25, 0x01	; 1
    3476:	0e 94 bf 32 	call	0x657e	; 0x657e <LCD_displayString>
    347a:	fe 01       	movw	r30, r28
    347c:	ed 5b       	subi	r30, 0xBD	; 189
    347e:	ff 4f       	sbci	r31, 0xFF	; 255
    3480:	80 e0       	ldi	r24, 0x00	; 0
    3482:	90 e0       	ldi	r25, 0x00	; 0
    3484:	aa ef       	ldi	r26, 0xFA	; 250
    3486:	b3 e4       	ldi	r27, 0x43	; 67
    3488:	80 83       	st	Z, r24
    348a:	91 83       	std	Z+1, r25	; 0x01
    348c:	a2 83       	std	Z+2, r26	; 0x02
    348e:	b3 83       	std	Z+3, r27	; 0x03
 */
void
_delay_ms(double __ms)
{
	uint16_t __ticks;
	double __tmp = ((F_CPU) / 4e3) * __ms;
    3490:	8e 01       	movw	r16, r28
    3492:	01 5c       	subi	r16, 0xC1	; 193
    3494:	1f 4f       	sbci	r17, 0xFF	; 255
    3496:	fe 01       	movw	r30, r28
    3498:	ed 5b       	subi	r30, 0xBD	; 189
    349a:	ff 4f       	sbci	r31, 0xFF	; 255
    349c:	60 81       	ld	r22, Z
    349e:	71 81       	ldd	r23, Z+1	; 0x01
    34a0:	82 81       	ldd	r24, Z+2	; 0x02
    34a2:	93 81       	ldd	r25, Z+3	; 0x03
    34a4:	20 e0       	ldi	r18, 0x00	; 0
    34a6:	30 e0       	ldi	r19, 0x00	; 0
    34a8:	4a e7       	ldi	r20, 0x7A	; 122
    34aa:	53 e4       	ldi	r21, 0x43	; 67
    34ac:	0e 94 1f 02 	call	0x43e	; 0x43e <__mulsf3>
    34b0:	dc 01       	movw	r26, r24
    34b2:	cb 01       	movw	r24, r22
    34b4:	f8 01       	movw	r30, r16
    34b6:	80 83       	st	Z, r24
    34b8:	91 83       	std	Z+1, r25	; 0x01
    34ba:	a2 83       	std	Z+2, r26	; 0x02
    34bc:	b3 83       	std	Z+3, r27	; 0x03
	if (__tmp < 1.0)
    34be:	fe 01       	movw	r30, r28
    34c0:	ff 96       	adiw	r30, 0x3f	; 63
    34c2:	60 81       	ld	r22, Z
    34c4:	71 81       	ldd	r23, Z+1	; 0x01
    34c6:	82 81       	ldd	r24, Z+2	; 0x02
    34c8:	93 81       	ldd	r25, Z+3	; 0x03
    34ca:	20 e0       	ldi	r18, 0x00	; 0
    34cc:	30 e0       	ldi	r19, 0x00	; 0
    34ce:	40 e8       	ldi	r20, 0x80	; 128
    34d0:	5f e3       	ldi	r21, 0x3F	; 63
    34d2:	0e 94 25 04 	call	0x84a	; 0x84a <__ltsf2>
    34d6:	88 23       	and	r24, r24
    34d8:	2c f4       	brge	.+10     	; 0x34e4 <main+0x22e2>
		__ticks = 1;
    34da:	81 e0       	ldi	r24, 0x01	; 1
    34dc:	90 e0       	ldi	r25, 0x00	; 0
    34de:	9e af       	std	Y+62, r25	; 0x3e
    34e0:	8d af       	std	Y+61, r24	; 0x3d
    34e2:	46 c0       	rjmp	.+140    	; 0x3570 <main+0x236e>
	else if (__tmp > 65535)
    34e4:	fe 01       	movw	r30, r28
    34e6:	ff 96       	adiw	r30, 0x3f	; 63
    34e8:	60 81       	ld	r22, Z
    34ea:	71 81       	ldd	r23, Z+1	; 0x01
    34ec:	82 81       	ldd	r24, Z+2	; 0x02
    34ee:	93 81       	ldd	r25, Z+3	; 0x03
    34f0:	20 e0       	ldi	r18, 0x00	; 0
    34f2:	3f ef       	ldi	r19, 0xFF	; 255
    34f4:	4f e7       	ldi	r20, 0x7F	; 127
    34f6:	57 e4       	ldi	r21, 0x47	; 71
    34f8:	0e 94 c5 03 	call	0x78a	; 0x78a <__gtsf2>
    34fc:	18 16       	cp	r1, r24
    34fe:	64 f5       	brge	.+88     	; 0x3558 <main+0x2356>
	{
		//	__ticks = requested delay in 1/10 ms
		__ticks = (uint16_t) (__ms * 10.0);
    3500:	fe 01       	movw	r30, r28
    3502:	ed 5b       	subi	r30, 0xBD	; 189
    3504:	ff 4f       	sbci	r31, 0xFF	; 255
    3506:	60 81       	ld	r22, Z
    3508:	71 81       	ldd	r23, Z+1	; 0x01
    350a:	82 81       	ldd	r24, Z+2	; 0x02
    350c:	93 81       	ldd	r25, Z+3	; 0x03
    350e:	20 e0       	ldi	r18, 0x00	; 0
    3510:	30 e0       	ldi	r19, 0x00	; 0
    3512:	40 e2       	ldi	r20, 0x20	; 32
    3514:	51 e4       	ldi	r21, 0x41	; 65
    3516:	0e 94 1f 02 	call	0x43e	; 0x43e <__mulsf3>
    351a:	dc 01       	movw	r26, r24
    351c:	cb 01       	movw	r24, r22
    351e:	bc 01       	movw	r22, r24
    3520:	cd 01       	movw	r24, r26
    3522:	0e 94 49 00 	call	0x92	; 0x92 <__fixunssfsi>
    3526:	dc 01       	movw	r26, r24
    3528:	cb 01       	movw	r24, r22
    352a:	9e af       	std	Y+62, r25	; 0x3e
    352c:	8d af       	std	Y+61, r24	; 0x3d
    352e:	0f c0       	rjmp	.+30     	; 0x354e <main+0x234c>
    3530:	89 e1       	ldi	r24, 0x19	; 25
    3532:	90 e0       	ldi	r25, 0x00	; 0
    3534:	9c af       	std	Y+60, r25	; 0x3c
    3536:	8b af       	std	Y+59, r24	; 0x3b
    3538:	8b ad       	ldd	r24, Y+59	; 0x3b
    353a:	9c ad       	ldd	r25, Y+60	; 0x3c
    353c:	01 97       	sbiw	r24, 0x01	; 1
    353e:	f1 f7       	brne	.-4      	; 0x353c <main+0x233a>
    3540:	9c af       	std	Y+60, r25	; 0x3c
    3542:	8b af       	std	Y+59, r24	; 0x3b
		while(__ticks)
		{
			// wait 1/10 ms
			_delay_loop_2(((F_CPU) / 4e3) / 10);
			__ticks --;
    3544:	8d ad       	ldd	r24, Y+61	; 0x3d
    3546:	9e ad       	ldd	r25, Y+62	; 0x3e
    3548:	01 97       	sbiw	r24, 0x01	; 1
    354a:	9e af       	std	Y+62, r25	; 0x3e
    354c:	8d af       	std	Y+61, r24	; 0x3d
		__ticks = 1;
	else if (__tmp > 65535)
	{
		//	__ticks = requested delay in 1/10 ms
		__ticks = (uint16_t) (__ms * 10.0);
		while(__ticks)
    354e:	8d ad       	ldd	r24, Y+61	; 0x3d
    3550:	9e ad       	ldd	r25, Y+62	; 0x3e
    3552:	00 97       	sbiw	r24, 0x00	; 0
    3554:	69 f7       	brne	.-38     	; 0x3530 <main+0x232e>
    3556:	16 c0       	rjmp	.+44     	; 0x3584 <main+0x2382>
			__ticks --;
		}
		return;
	}
	else
		__ticks = (uint16_t)__tmp;
    3558:	fe 01       	movw	r30, r28
    355a:	ff 96       	adiw	r30, 0x3f	; 63
    355c:	60 81       	ld	r22, Z
    355e:	71 81       	ldd	r23, Z+1	; 0x01
    3560:	82 81       	ldd	r24, Z+2	; 0x02
    3562:	93 81       	ldd	r25, Z+3	; 0x03
    3564:	0e 94 49 00 	call	0x92	; 0x92 <__fixunssfsi>
    3568:	dc 01       	movw	r26, r24
    356a:	cb 01       	movw	r24, r22
    356c:	9e af       	std	Y+62, r25	; 0x3e
    356e:	8d af       	std	Y+61, r24	; 0x3d
    3570:	8d ad       	ldd	r24, Y+61	; 0x3d
    3572:	9e ad       	ldd	r25, Y+62	; 0x3e
    3574:	9a af       	std	Y+58, r25	; 0x3a
    3576:	89 af       	std	Y+57, r24	; 0x39
    3578:	89 ad       	ldd	r24, Y+57	; 0x39
    357a:	9a ad       	ldd	r25, Y+58	; 0x3a
    357c:	01 97       	sbiw	r24, 0x01	; 1
    357e:	f1 f7       	brne	.-4      	; 0x357c <main+0x237a>
    3580:	9a af       	std	Y+58, r25	; 0x3a
    3582:	89 af       	std	Y+57, r24	; 0x39
				_delay_ms(500);
				LCD_clearScreen();
    3584:	0e 94 62 33 	call	0x66c4	; 0x66c4 <LCD_clearScreen>
				  {

				 /**********************************************************************
				  *             	    Case if user entered a wrong number            *
				  **********************************************************************/
					if(!firstEnteryOhmmeter)
    3588:	fe 01       	movw	r30, r28
    358a:	e1 5a       	subi	r30, 0xA1	; 161
    358c:	fe 4f       	sbci	r31, 0xFE	; 254
    358e:	80 81       	ld	r24, Z
    3590:	88 23       	and	r24, r24
    3592:	09 f0       	breq	.+2      	; 0x3596 <main+0x2394>
    3594:	86 c0       	rjmp	.+268    	; 0x36a2 <main+0x24a0>
					{
					 LCD_clearScreen();
    3596:	0e 94 62 33 	call	0x66c4	; 0x66c4 <LCD_clearScreen>
					 LCD_moveCursor(1, 1);
    359a:	81 e0       	ldi	r24, 0x01	; 1
    359c:	61 e0       	ldi	r22, 0x01	; 1
    359e:	0e 94 e2 32 	call	0x65c4	; 0x65c4 <LCD_moveCursor>
					 LCD_displayString("Please Press on");
    35a2:	8f e8       	ldi	r24, 0x8F	; 143
    35a4:	90 e0       	ldi	r25, 0x00	; 0
    35a6:	0e 94 bf 32 	call	0x657e	; 0x657e <LCD_displayString>
					 LCD_moveCursor(2, 1);
    35aa:	82 e0       	ldi	r24, 0x02	; 2
    35ac:	61 e0       	ldi	r22, 0x01	; 1
    35ae:	0e 94 e2 32 	call	0x65c4	; 0x65c4 <LCD_moveCursor>
					 LCD_displayString("One of Av Keys");
    35b2:	82 e1       	ldi	r24, 0x12	; 18
    35b4:	91 e0       	ldi	r25, 0x01	; 1
    35b6:	0e 94 bf 32 	call	0x657e	; 0x657e <LCD_displayString>
    35ba:	80 e0       	ldi	r24, 0x00	; 0
    35bc:	90 e0       	ldi	r25, 0x00	; 0
    35be:	aa ef       	ldi	r26, 0xFA	; 250
    35c0:	b3 e4       	ldi	r27, 0x43	; 67
    35c2:	8d ab       	std	Y+53, r24	; 0x35
    35c4:	9e ab       	std	Y+54, r25	; 0x36
    35c6:	af ab       	std	Y+55, r26	; 0x37
    35c8:	b8 af       	std	Y+56, r27	; 0x38
 */
void
_delay_ms(double __ms)
{
	uint16_t __ticks;
	double __tmp = ((F_CPU) / 4e3) * __ms;
    35ca:	6d a9       	ldd	r22, Y+53	; 0x35
    35cc:	7e a9       	ldd	r23, Y+54	; 0x36
    35ce:	8f a9       	ldd	r24, Y+55	; 0x37
    35d0:	98 ad       	ldd	r25, Y+56	; 0x38
    35d2:	20 e0       	ldi	r18, 0x00	; 0
    35d4:	30 e0       	ldi	r19, 0x00	; 0
    35d6:	4a e7       	ldi	r20, 0x7A	; 122
    35d8:	53 e4       	ldi	r21, 0x43	; 67
    35da:	0e 94 1f 02 	call	0x43e	; 0x43e <__mulsf3>
    35de:	dc 01       	movw	r26, r24
    35e0:	cb 01       	movw	r24, r22
    35e2:	89 ab       	std	Y+49, r24	; 0x31
    35e4:	9a ab       	std	Y+50, r25	; 0x32
    35e6:	ab ab       	std	Y+51, r26	; 0x33
    35e8:	bc ab       	std	Y+52, r27	; 0x34
	if (__tmp < 1.0)
    35ea:	69 a9       	ldd	r22, Y+49	; 0x31
    35ec:	7a a9       	ldd	r23, Y+50	; 0x32
    35ee:	8b a9       	ldd	r24, Y+51	; 0x33
    35f0:	9c a9       	ldd	r25, Y+52	; 0x34
    35f2:	20 e0       	ldi	r18, 0x00	; 0
    35f4:	30 e0       	ldi	r19, 0x00	; 0
    35f6:	40 e8       	ldi	r20, 0x80	; 128
    35f8:	5f e3       	ldi	r21, 0x3F	; 63
    35fa:	0e 94 25 04 	call	0x84a	; 0x84a <__ltsf2>
    35fe:	88 23       	and	r24, r24
    3600:	2c f4       	brge	.+10     	; 0x360c <main+0x240a>
		__ticks = 1;
    3602:	81 e0       	ldi	r24, 0x01	; 1
    3604:	90 e0       	ldi	r25, 0x00	; 0
    3606:	98 ab       	std	Y+48, r25	; 0x30
    3608:	8f a7       	std	Y+47, r24	; 0x2f
    360a:	3f c0       	rjmp	.+126    	; 0x368a <main+0x2488>
	else if (__tmp > 65535)
    360c:	69 a9       	ldd	r22, Y+49	; 0x31
    360e:	7a a9       	ldd	r23, Y+50	; 0x32
    3610:	8b a9       	ldd	r24, Y+51	; 0x33
    3612:	9c a9       	ldd	r25, Y+52	; 0x34
    3614:	20 e0       	ldi	r18, 0x00	; 0
    3616:	3f ef       	ldi	r19, 0xFF	; 255
    3618:	4f e7       	ldi	r20, 0x7F	; 127
    361a:	57 e4       	ldi	r21, 0x47	; 71
    361c:	0e 94 c5 03 	call	0x78a	; 0x78a <__gtsf2>
    3620:	18 16       	cp	r1, r24
    3622:	4c f5       	brge	.+82     	; 0x3676 <main+0x2474>
	{
		//	__ticks = requested delay in 1/10 ms
		__ticks = (uint16_t) (__ms * 10.0);
    3624:	6d a9       	ldd	r22, Y+53	; 0x35
    3626:	7e a9       	ldd	r23, Y+54	; 0x36
    3628:	8f a9       	ldd	r24, Y+55	; 0x37
    362a:	98 ad       	ldd	r25, Y+56	; 0x38
    362c:	20 e0       	ldi	r18, 0x00	; 0
    362e:	30 e0       	ldi	r19, 0x00	; 0
    3630:	40 e2       	ldi	r20, 0x20	; 32
    3632:	51 e4       	ldi	r21, 0x41	; 65
    3634:	0e 94 1f 02 	call	0x43e	; 0x43e <__mulsf3>
    3638:	dc 01       	movw	r26, r24
    363a:	cb 01       	movw	r24, r22
    363c:	bc 01       	movw	r22, r24
    363e:	cd 01       	movw	r24, r26
    3640:	0e 94 49 00 	call	0x92	; 0x92 <__fixunssfsi>
    3644:	dc 01       	movw	r26, r24
    3646:	cb 01       	movw	r24, r22
    3648:	98 ab       	std	Y+48, r25	; 0x30
    364a:	8f a7       	std	Y+47, r24	; 0x2f
    364c:	0f c0       	rjmp	.+30     	; 0x366c <main+0x246a>
    364e:	89 e1       	ldi	r24, 0x19	; 25
    3650:	90 e0       	ldi	r25, 0x00	; 0
    3652:	9e a7       	std	Y+46, r25	; 0x2e
    3654:	8d a7       	std	Y+45, r24	; 0x2d
    3656:	8d a5       	ldd	r24, Y+45	; 0x2d
    3658:	9e a5       	ldd	r25, Y+46	; 0x2e
    365a:	01 97       	sbiw	r24, 0x01	; 1
    365c:	f1 f7       	brne	.-4      	; 0x365a <main+0x2458>
    365e:	9e a7       	std	Y+46, r25	; 0x2e
    3660:	8d a7       	std	Y+45, r24	; 0x2d
		while(__ticks)
		{
			// wait 1/10 ms
			_delay_loop_2(((F_CPU) / 4e3) / 10);
			__ticks --;
    3662:	8f a5       	ldd	r24, Y+47	; 0x2f
    3664:	98 a9       	ldd	r25, Y+48	; 0x30
    3666:	01 97       	sbiw	r24, 0x01	; 1
    3668:	98 ab       	std	Y+48, r25	; 0x30
    366a:	8f a7       	std	Y+47, r24	; 0x2f
		__ticks = 1;
	else if (__tmp > 65535)
	{
		//	__ticks = requested delay in 1/10 ms
		__ticks = (uint16_t) (__ms * 10.0);
		while(__ticks)
    366c:	8f a5       	ldd	r24, Y+47	; 0x2f
    366e:	98 a9       	ldd	r25, Y+48	; 0x30
    3670:	00 97       	sbiw	r24, 0x00	; 0
    3672:	69 f7       	brne	.-38     	; 0x364e <main+0x244c>
    3674:	14 c0       	rjmp	.+40     	; 0x369e <main+0x249c>
			__ticks --;
		}
		return;
	}
	else
		__ticks = (uint16_t)__tmp;
    3676:	69 a9       	ldd	r22, Y+49	; 0x31
    3678:	7a a9       	ldd	r23, Y+50	; 0x32
    367a:	8b a9       	ldd	r24, Y+51	; 0x33
    367c:	9c a9       	ldd	r25, Y+52	; 0x34
    367e:	0e 94 49 00 	call	0x92	; 0x92 <__fixunssfsi>
    3682:	dc 01       	movw	r26, r24
    3684:	cb 01       	movw	r24, r22
    3686:	98 ab       	std	Y+48, r25	; 0x30
    3688:	8f a7       	std	Y+47, r24	; 0x2f
    368a:	8f a5       	ldd	r24, Y+47	; 0x2f
    368c:	98 a9       	ldd	r25, Y+48	; 0x30
    368e:	9c a7       	std	Y+44, r25	; 0x2c
    3690:	8b a7       	std	Y+43, r24	; 0x2b
    3692:	8b a5       	ldd	r24, Y+43	; 0x2b
    3694:	9c a5       	ldd	r25, Y+44	; 0x2c
    3696:	01 97       	sbiw	r24, 0x01	; 1
    3698:	f1 f7       	brne	.-4      	; 0x3696 <main+0x2494>
    369a:	9c a7       	std	Y+44, r25	; 0x2c
    369c:	8b a7       	std	Y+43, r24	; 0x2b
					 _delay_ms(500);
					 LCD_clearScreen();
    369e:	0e 94 62 33 	call	0x66c4	; 0x66c4 <LCD_clearScreen>
					}

				 /**********************************************************************
				  *        Menu for the user to choose range of Ohmmeter from          *
				  **********************************************************************/
					 LCD_moveCursor(1, 1);
    36a2:	81 e0       	ldi	r24, 0x01	; 1
    36a4:	61 e0       	ldi	r22, 0x01	; 1
    36a6:	0e 94 e2 32 	call	0x65c4	; 0x65c4 <LCD_moveCursor>
					 LCD_displayString("1)1.3kOHM");
    36aa:	85 e7       	ldi	r24, 0x75	; 117
    36ac:	91 e0       	ldi	r25, 0x01	; 1
    36ae:	0e 94 bf 32 	call	0x657e	; 0x657e <LCD_displayString>
					 LCD_moveCursor(2,1);
    36b2:	82 e0       	ldi	r24, 0x02	; 2
    36b4:	61 e0       	ldi	r22, 0x01	; 1
    36b6:	0e 94 e2 32 	call	0x65c4	; 0x65c4 <LCD_moveCursor>
					 LCD_displayString("2)10kOhm");
    36ba:	8f e7       	ldi	r24, 0x7F	; 127
    36bc:	91 e0       	ldi	r25, 0x01	; 1
    36be:	0e 94 bf 32 	call	0x657e	; 0x657e <LCD_displayString>
					 LCD_displayString(" 3)1MOhm");
    36c2:	88 e8       	ldi	r24, 0x88	; 136
    36c4:	91 e0       	ldi	r25, 0x01	; 1
    36c6:	0e 94 bf 32 	call	0x657e	; 0x657e <LCD_displayString>
					 keyPressed=KEYPAD_getPressedKey();
    36ca:	0e 94 71 28 	call	0x50e2	; 0x50e2 <KEYPAD_getPressedKey>
    36ce:	fe 01       	movw	r30, r28
    36d0:	ed 59       	subi	r30, 0x9D	; 157
    36d2:	fe 4f       	sbci	r31, 0xFE	; 254
    36d4:	80 83       	st	Z, r24
					 firstEnteryOhmmeter=0;
    36d6:	fe 01       	movw	r30, r28
    36d8:	e1 5a       	subi	r30, 0xA1	; 161
    36da:	fe 4f       	sbci	r31, 0xFE	; 254
    36dc:	10 82       	st	Z, r1
					}
					while( (keyPressed!= OHMMETERFIRSTRANGE) && (keyPressed!=OHMMETERSECRANGE)&& (keyPressed!=OHMMETERTHIRDRANGE));
    36de:	fe 01       	movw	r30, r28
    36e0:	ed 59       	subi	r30, 0x9D	; 157
    36e2:	fe 4f       	sbci	r31, 0xFE	; 254
    36e4:	80 81       	ld	r24, Z
    36e6:	81 30       	cpi	r24, 0x01	; 1
    36e8:	69 f0       	breq	.+26     	; 0x3704 <main+0x2502>
    36ea:	fe 01       	movw	r30, r28
    36ec:	ed 59       	subi	r30, 0x9D	; 157
    36ee:	fe 4f       	sbci	r31, 0xFE	; 254
    36f0:	80 81       	ld	r24, Z
    36f2:	82 30       	cpi	r24, 0x02	; 2
    36f4:	39 f0       	breq	.+14     	; 0x3704 <main+0x2502>
    36f6:	fe 01       	movw	r30, r28
    36f8:	ed 59       	subi	r30, 0x9D	; 157
    36fa:	fe 4f       	sbci	r31, 0xFE	; 254
    36fc:	80 81       	ld	r24, Z
    36fe:	83 30       	cpi	r24, 0x03	; 3
    3700:	09 f0       	breq	.+2      	; 0x3704 <main+0x2502>
    3702:	42 cf       	rjmp	.-380    	; 0x3588 <main+0x2386>

				/* Returning the flag to it's default value for the upcoming Enteries*/
					firstEnteryOhmmeter=1;
    3704:	fe 01       	movw	r30, r28
    3706:	e1 5a       	subi	r30, 0xA1	; 161
    3708:	fe 4f       	sbci	r31, 0xFE	; 254
    370a:	81 e0       	ldi	r24, 0x01	; 1
    370c:	80 83       	st	Z, r24

				 /**********************************************************************
				  *        Menu for the user to choose Range of Ohmeter from 	       *
				  **********************************************************************/
					switch (keyPressed)
    370e:	fe 01       	movw	r30, r28
    3710:	ed 59       	subi	r30, 0x9D	; 157
    3712:	fe 4f       	sbci	r31, 0xFE	; 254
    3714:	80 81       	ld	r24, Z
    3716:	28 2f       	mov	r18, r24
    3718:	30 e0       	ldi	r19, 0x00	; 0
    371a:	ca 59       	subi	r28, 0x9A	; 154
    371c:	de 4f       	sbci	r29, 0xFE	; 254
    371e:	39 83       	std	Y+1, r19	; 0x01
    3720:	28 83       	st	Y, r18
    3722:	c6 56       	subi	r28, 0x66	; 102
    3724:	d1 40       	sbci	r29, 0x01	; 1
    3726:	ca 59       	subi	r28, 0x9A	; 154
    3728:	de 4f       	sbci	r29, 0xFE	; 254
    372a:	88 81       	ld	r24, Y
    372c:	99 81       	ldd	r25, Y+1	; 0x01
    372e:	c6 56       	subi	r28, 0x66	; 102
    3730:	d1 40       	sbci	r29, 0x01	; 1
    3732:	82 30       	cpi	r24, 0x02	; 2
    3734:	91 05       	cpc	r25, r1
    3736:	09 f4       	brne	.+2      	; 0x373a <main+0x2538>
    3738:	93 c0       	rjmp	.+294    	; 0x3860 <main+0x265e>
    373a:	ca 59       	subi	r28, 0x9A	; 154
    373c:	de 4f       	sbci	r29, 0xFE	; 254
    373e:	e8 81       	ld	r30, Y
    3740:	f9 81       	ldd	r31, Y+1	; 0x01
    3742:	c6 56       	subi	r28, 0x66	; 102
    3744:	d1 40       	sbci	r29, 0x01	; 1
    3746:	e3 30       	cpi	r30, 0x03	; 3
    3748:	f1 05       	cpc	r31, r1
    374a:	09 f4       	brne	.+2      	; 0x374e <main+0x254c>
    374c:	07 c1       	rjmp	.+526    	; 0x395c <main+0x275a>
    374e:	ca 59       	subi	r28, 0x9A	; 154
    3750:	de 4f       	sbci	r29, 0xFE	; 254
    3752:	28 81       	ld	r18, Y
    3754:	39 81       	ldd	r19, Y+1	; 0x01
    3756:	c6 56       	subi	r28, 0x66	; 102
    3758:	d1 40       	sbci	r29, 0x01	; 1
    375a:	21 30       	cpi	r18, 0x01	; 1
    375c:	31 05       	cpc	r19, r1
    375e:	11 f0       	breq	.+4      	; 0x3764 <main+0x2562>
    3760:	0c 94 0b 0a 	jmp	0x1416	; 0x1416 <main+0x214>
					{
						case OHMMETERFIRSTRANGE:

						LCD_clearScreen();
    3764:	0e 94 62 33 	call	0x66c4	; 0x66c4 <LCD_clearScreen>
				 /**********************************************************************
				  *  Select First range of voltmeter 0 Ω to 1.3kΩ        			   *
				  **********************************************************************/
						LCD_displayString("First Range");
    3768:	8c e3       	ldi	r24, 0x3C	; 60
    376a:	91 e0       	ldi	r25, 0x01	; 1
    376c:	0e 94 bf 32 	call	0x657e	; 0x657e <LCD_displayString>
    3770:	80 e0       	ldi	r24, 0x00	; 0
    3772:	90 e0       	ldi	r25, 0x00	; 0
    3774:	aa ef       	ldi	r26, 0xFA	; 250
    3776:	b3 e4       	ldi	r27, 0x43	; 67
    3778:	8f a3       	std	Y+39, r24	; 0x27
    377a:	98 a7       	std	Y+40, r25	; 0x28
    377c:	a9 a7       	std	Y+41, r26	; 0x29
    377e:	ba a7       	std	Y+42, r27	; 0x2a
 */
void
_delay_ms(double __ms)
{
	uint16_t __ticks;
	double __tmp = ((F_CPU) / 4e3) * __ms;
    3780:	6f a1       	ldd	r22, Y+39	; 0x27
    3782:	78 a5       	ldd	r23, Y+40	; 0x28
    3784:	89 a5       	ldd	r24, Y+41	; 0x29
    3786:	9a a5       	ldd	r25, Y+42	; 0x2a
    3788:	20 e0       	ldi	r18, 0x00	; 0
    378a:	30 e0       	ldi	r19, 0x00	; 0
    378c:	4a e7       	ldi	r20, 0x7A	; 122
    378e:	53 e4       	ldi	r21, 0x43	; 67
    3790:	0e 94 1f 02 	call	0x43e	; 0x43e <__mulsf3>
    3794:	dc 01       	movw	r26, r24
    3796:	cb 01       	movw	r24, r22
    3798:	8b a3       	std	Y+35, r24	; 0x23
    379a:	9c a3       	std	Y+36, r25	; 0x24
    379c:	ad a3       	std	Y+37, r26	; 0x25
    379e:	be a3       	std	Y+38, r27	; 0x26
	if (__tmp < 1.0)
    37a0:	6b a1       	ldd	r22, Y+35	; 0x23
    37a2:	7c a1       	ldd	r23, Y+36	; 0x24
    37a4:	8d a1       	ldd	r24, Y+37	; 0x25
    37a6:	9e a1       	ldd	r25, Y+38	; 0x26
    37a8:	20 e0       	ldi	r18, 0x00	; 0
    37aa:	30 e0       	ldi	r19, 0x00	; 0
    37ac:	40 e8       	ldi	r20, 0x80	; 128
    37ae:	5f e3       	ldi	r21, 0x3F	; 63
    37b0:	0e 94 25 04 	call	0x84a	; 0x84a <__ltsf2>
    37b4:	88 23       	and	r24, r24
    37b6:	2c f4       	brge	.+10     	; 0x37c2 <main+0x25c0>
		__ticks = 1;
    37b8:	81 e0       	ldi	r24, 0x01	; 1
    37ba:	90 e0       	ldi	r25, 0x00	; 0
    37bc:	9a a3       	std	Y+34, r25	; 0x22
    37be:	89 a3       	std	Y+33, r24	; 0x21
    37c0:	3f c0       	rjmp	.+126    	; 0x3840 <main+0x263e>
	else if (__tmp > 65535)
    37c2:	6b a1       	ldd	r22, Y+35	; 0x23
    37c4:	7c a1       	ldd	r23, Y+36	; 0x24
    37c6:	8d a1       	ldd	r24, Y+37	; 0x25
    37c8:	9e a1       	ldd	r25, Y+38	; 0x26
    37ca:	20 e0       	ldi	r18, 0x00	; 0
    37cc:	3f ef       	ldi	r19, 0xFF	; 255
    37ce:	4f e7       	ldi	r20, 0x7F	; 127
    37d0:	57 e4       	ldi	r21, 0x47	; 71
    37d2:	0e 94 c5 03 	call	0x78a	; 0x78a <__gtsf2>
    37d6:	18 16       	cp	r1, r24
    37d8:	4c f5       	brge	.+82     	; 0x382c <main+0x262a>
	{
		//	__ticks = requested delay in 1/10 ms
		__ticks = (uint16_t) (__ms * 10.0);
    37da:	6f a1       	ldd	r22, Y+39	; 0x27
    37dc:	78 a5       	ldd	r23, Y+40	; 0x28
    37de:	89 a5       	ldd	r24, Y+41	; 0x29
    37e0:	9a a5       	ldd	r25, Y+42	; 0x2a
    37e2:	20 e0       	ldi	r18, 0x00	; 0
    37e4:	30 e0       	ldi	r19, 0x00	; 0
    37e6:	40 e2       	ldi	r20, 0x20	; 32
    37e8:	51 e4       	ldi	r21, 0x41	; 65
    37ea:	0e 94 1f 02 	call	0x43e	; 0x43e <__mulsf3>
    37ee:	dc 01       	movw	r26, r24
    37f0:	cb 01       	movw	r24, r22
    37f2:	bc 01       	movw	r22, r24
    37f4:	cd 01       	movw	r24, r26
    37f6:	0e 94 49 00 	call	0x92	; 0x92 <__fixunssfsi>
    37fa:	dc 01       	movw	r26, r24
    37fc:	cb 01       	movw	r24, r22
    37fe:	9a a3       	std	Y+34, r25	; 0x22
    3800:	89 a3       	std	Y+33, r24	; 0x21
    3802:	0f c0       	rjmp	.+30     	; 0x3822 <main+0x2620>
    3804:	89 e1       	ldi	r24, 0x19	; 25
    3806:	90 e0       	ldi	r25, 0x00	; 0
    3808:	98 a3       	std	Y+32, r25	; 0x20
    380a:	8f 8f       	std	Y+31, r24	; 0x1f
    380c:	8f 8d       	ldd	r24, Y+31	; 0x1f
    380e:	98 a1       	ldd	r25, Y+32	; 0x20
    3810:	01 97       	sbiw	r24, 0x01	; 1
    3812:	f1 f7       	brne	.-4      	; 0x3810 <main+0x260e>
    3814:	98 a3       	std	Y+32, r25	; 0x20
    3816:	8f 8f       	std	Y+31, r24	; 0x1f
		while(__ticks)
		{
			// wait 1/10 ms
			_delay_loop_2(((F_CPU) / 4e3) / 10);
			__ticks --;
    3818:	89 a1       	ldd	r24, Y+33	; 0x21
    381a:	9a a1       	ldd	r25, Y+34	; 0x22
    381c:	01 97       	sbiw	r24, 0x01	; 1
    381e:	9a a3       	std	Y+34, r25	; 0x22
    3820:	89 a3       	std	Y+33, r24	; 0x21
		__ticks = 1;
	else if (__tmp > 65535)
	{
		//	__ticks = requested delay in 1/10 ms
		__ticks = (uint16_t) (__ms * 10.0);
		while(__ticks)
    3822:	89 a1       	ldd	r24, Y+33	; 0x21
    3824:	9a a1       	ldd	r25, Y+34	; 0x22
    3826:	00 97       	sbiw	r24, 0x00	; 0
    3828:	69 f7       	brne	.-38     	; 0x3804 <main+0x2602>
    382a:	14 c0       	rjmp	.+40     	; 0x3854 <main+0x2652>
			__ticks --;
		}
		return;
	}
	else
		__ticks = (uint16_t)__tmp;
    382c:	6b a1       	ldd	r22, Y+35	; 0x23
    382e:	7c a1       	ldd	r23, Y+36	; 0x24
    3830:	8d a1       	ldd	r24, Y+37	; 0x25
    3832:	9e a1       	ldd	r25, Y+38	; 0x26
    3834:	0e 94 49 00 	call	0x92	; 0x92 <__fixunssfsi>
    3838:	dc 01       	movw	r26, r24
    383a:	cb 01       	movw	r24, r22
    383c:	9a a3       	std	Y+34, r25	; 0x22
    383e:	89 a3       	std	Y+33, r24	; 0x21
    3840:	89 a1       	ldd	r24, Y+33	; 0x21
    3842:	9a a1       	ldd	r25, Y+34	; 0x22
    3844:	9e 8f       	std	Y+30, r25	; 0x1e
    3846:	8d 8f       	std	Y+29, r24	; 0x1d
    3848:	8d 8d       	ldd	r24, Y+29	; 0x1d
    384a:	9e 8d       	ldd	r25, Y+30	; 0x1e
    384c:	01 97       	sbiw	r24, 0x01	; 1
    384e:	f1 f7       	brne	.-4      	; 0x384c <main+0x264a>
    3850:	9e 8f       	std	Y+30, r25	; 0x1e
    3852:	8d 8f       	std	Y+29, r24	; 0x1d
						 _delay_ms(500);
						LCD_clearScreen();
    3854:	0e 94 62 33 	call	0x66c4	; 0x66c4 <LCD_clearScreen>

						OHMMETER_firstRange();
    3858:	0e 94 bb 20 	call	0x4176	; 0x4176 <OHMMETER_firstRange>
    385c:	0c 94 0b 0a 	jmp	0x1416	; 0x1416 <main+0x214>
							break;

						case OHMMETERSECRANGE:

						LCD_clearScreen();
    3860:	0e 94 62 33 	call	0x66c4	; 0x66c4 <LCD_clearScreen>
				 /**********************************************************************
				  *  Select First range of voltmeter 1.3kΩ to 10kΩ        		       *
				  **********************************************************************/
						LCD_displayString("Sec Range");
    3864:	88 e4       	ldi	r24, 0x48	; 72
    3866:	91 e0       	ldi	r25, 0x01	; 1
    3868:	0e 94 bf 32 	call	0x657e	; 0x657e <LCD_displayString>
    386c:	80 e0       	ldi	r24, 0x00	; 0
    386e:	90 e0       	ldi	r25, 0x00	; 0
    3870:	aa ef       	ldi	r26, 0xFA	; 250
    3872:	b3 e4       	ldi	r27, 0x43	; 67
    3874:	89 8f       	std	Y+25, r24	; 0x19
    3876:	9a 8f       	std	Y+26, r25	; 0x1a
    3878:	ab 8f       	std	Y+27, r26	; 0x1b
    387a:	bc 8f       	std	Y+28, r27	; 0x1c
 */
void
_delay_ms(double __ms)
{
	uint16_t __ticks;
	double __tmp = ((F_CPU) / 4e3) * __ms;
    387c:	69 8d       	ldd	r22, Y+25	; 0x19
    387e:	7a 8d       	ldd	r23, Y+26	; 0x1a
    3880:	8b 8d       	ldd	r24, Y+27	; 0x1b
    3882:	9c 8d       	ldd	r25, Y+28	; 0x1c
    3884:	20 e0       	ldi	r18, 0x00	; 0
    3886:	30 e0       	ldi	r19, 0x00	; 0
    3888:	4a e7       	ldi	r20, 0x7A	; 122
    388a:	53 e4       	ldi	r21, 0x43	; 67
    388c:	0e 94 1f 02 	call	0x43e	; 0x43e <__mulsf3>
    3890:	dc 01       	movw	r26, r24
    3892:	cb 01       	movw	r24, r22
    3894:	8d 8b       	std	Y+21, r24	; 0x15
    3896:	9e 8b       	std	Y+22, r25	; 0x16
    3898:	af 8b       	std	Y+23, r26	; 0x17
    389a:	b8 8f       	std	Y+24, r27	; 0x18
	if (__tmp < 1.0)
    389c:	6d 89       	ldd	r22, Y+21	; 0x15
    389e:	7e 89       	ldd	r23, Y+22	; 0x16
    38a0:	8f 89       	ldd	r24, Y+23	; 0x17
    38a2:	98 8d       	ldd	r25, Y+24	; 0x18
    38a4:	20 e0       	ldi	r18, 0x00	; 0
    38a6:	30 e0       	ldi	r19, 0x00	; 0
    38a8:	40 e8       	ldi	r20, 0x80	; 128
    38aa:	5f e3       	ldi	r21, 0x3F	; 63
    38ac:	0e 94 25 04 	call	0x84a	; 0x84a <__ltsf2>
    38b0:	88 23       	and	r24, r24
    38b2:	2c f4       	brge	.+10     	; 0x38be <main+0x26bc>
		__ticks = 1;
    38b4:	81 e0       	ldi	r24, 0x01	; 1
    38b6:	90 e0       	ldi	r25, 0x00	; 0
    38b8:	9c 8b       	std	Y+20, r25	; 0x14
    38ba:	8b 8b       	std	Y+19, r24	; 0x13
    38bc:	3f c0       	rjmp	.+126    	; 0x393c <main+0x273a>
	else if (__tmp > 65535)
    38be:	6d 89       	ldd	r22, Y+21	; 0x15
    38c0:	7e 89       	ldd	r23, Y+22	; 0x16
    38c2:	8f 89       	ldd	r24, Y+23	; 0x17
    38c4:	98 8d       	ldd	r25, Y+24	; 0x18
    38c6:	20 e0       	ldi	r18, 0x00	; 0
    38c8:	3f ef       	ldi	r19, 0xFF	; 255
    38ca:	4f e7       	ldi	r20, 0x7F	; 127
    38cc:	57 e4       	ldi	r21, 0x47	; 71
    38ce:	0e 94 c5 03 	call	0x78a	; 0x78a <__gtsf2>
    38d2:	18 16       	cp	r1, r24
    38d4:	4c f5       	brge	.+82     	; 0x3928 <main+0x2726>
	{
		//	__ticks = requested delay in 1/10 ms
		__ticks = (uint16_t) (__ms * 10.0);
    38d6:	69 8d       	ldd	r22, Y+25	; 0x19
    38d8:	7a 8d       	ldd	r23, Y+26	; 0x1a
    38da:	8b 8d       	ldd	r24, Y+27	; 0x1b
    38dc:	9c 8d       	ldd	r25, Y+28	; 0x1c
    38de:	20 e0       	ldi	r18, 0x00	; 0
    38e0:	30 e0       	ldi	r19, 0x00	; 0
    38e2:	40 e2       	ldi	r20, 0x20	; 32
    38e4:	51 e4       	ldi	r21, 0x41	; 65
    38e6:	0e 94 1f 02 	call	0x43e	; 0x43e <__mulsf3>
    38ea:	dc 01       	movw	r26, r24
    38ec:	cb 01       	movw	r24, r22
    38ee:	bc 01       	movw	r22, r24
    38f0:	cd 01       	movw	r24, r26
    38f2:	0e 94 49 00 	call	0x92	; 0x92 <__fixunssfsi>
    38f6:	dc 01       	movw	r26, r24
    38f8:	cb 01       	movw	r24, r22
    38fa:	9c 8b       	std	Y+20, r25	; 0x14
    38fc:	8b 8b       	std	Y+19, r24	; 0x13
    38fe:	0f c0       	rjmp	.+30     	; 0x391e <main+0x271c>
    3900:	89 e1       	ldi	r24, 0x19	; 25
    3902:	90 e0       	ldi	r25, 0x00	; 0
    3904:	9a 8b       	std	Y+18, r25	; 0x12
    3906:	89 8b       	std	Y+17, r24	; 0x11
    3908:	89 89       	ldd	r24, Y+17	; 0x11
    390a:	9a 89       	ldd	r25, Y+18	; 0x12
    390c:	01 97       	sbiw	r24, 0x01	; 1
    390e:	f1 f7       	brne	.-4      	; 0x390c <main+0x270a>
    3910:	9a 8b       	std	Y+18, r25	; 0x12
    3912:	89 8b       	std	Y+17, r24	; 0x11
		while(__ticks)
		{
			// wait 1/10 ms
			_delay_loop_2(((F_CPU) / 4e3) / 10);
			__ticks --;
    3914:	8b 89       	ldd	r24, Y+19	; 0x13
    3916:	9c 89       	ldd	r25, Y+20	; 0x14
    3918:	01 97       	sbiw	r24, 0x01	; 1
    391a:	9c 8b       	std	Y+20, r25	; 0x14
    391c:	8b 8b       	std	Y+19, r24	; 0x13
		__ticks = 1;
	else if (__tmp > 65535)
	{
		//	__ticks = requested delay in 1/10 ms
		__ticks = (uint16_t) (__ms * 10.0);
		while(__ticks)
    391e:	8b 89       	ldd	r24, Y+19	; 0x13
    3920:	9c 89       	ldd	r25, Y+20	; 0x14
    3922:	00 97       	sbiw	r24, 0x00	; 0
    3924:	69 f7       	brne	.-38     	; 0x3900 <main+0x26fe>
    3926:	14 c0       	rjmp	.+40     	; 0x3950 <main+0x274e>
			__ticks --;
		}
		return;
	}
	else
		__ticks = (uint16_t)__tmp;
    3928:	6d 89       	ldd	r22, Y+21	; 0x15
    392a:	7e 89       	ldd	r23, Y+22	; 0x16
    392c:	8f 89       	ldd	r24, Y+23	; 0x17
    392e:	98 8d       	ldd	r25, Y+24	; 0x18
    3930:	0e 94 49 00 	call	0x92	; 0x92 <__fixunssfsi>
    3934:	dc 01       	movw	r26, r24
    3936:	cb 01       	movw	r24, r22
    3938:	9c 8b       	std	Y+20, r25	; 0x14
    393a:	8b 8b       	std	Y+19, r24	; 0x13
    393c:	8b 89       	ldd	r24, Y+19	; 0x13
    393e:	9c 89       	ldd	r25, Y+20	; 0x14
    3940:	98 8b       	std	Y+16, r25	; 0x10
    3942:	8f 87       	std	Y+15, r24	; 0x0f
    3944:	8f 85       	ldd	r24, Y+15	; 0x0f
    3946:	98 89       	ldd	r25, Y+16	; 0x10
    3948:	01 97       	sbiw	r24, 0x01	; 1
    394a:	f1 f7       	brne	.-4      	; 0x3948 <main+0x2746>
    394c:	98 8b       	std	Y+16, r25	; 0x10
    394e:	8f 87       	std	Y+15, r24	; 0x0f
						 _delay_ms(500);
						LCD_clearScreen();
    3950:	0e 94 62 33 	call	0x66c4	; 0x66c4 <LCD_clearScreen>

						OHMMETER_secondRange();
    3954:	0e 94 d8 22 	call	0x45b0	; 0x45b0 <OHMMETER_secondRange>
    3958:	0c 94 0b 0a 	jmp	0x1416	; 0x1416 <main+0x214>
						break;

						case OHMMETERTHIRDRANGE:
						LCD_clearScreen();
    395c:	0e 94 62 33 	call	0x66c4	; 0x66c4 <LCD_clearScreen>
				 /**********************************************************************
				  *  Select First range of voltmeter 10kΩ to 1MΩ 					   *
				  **********************************************************************/

						LCD_displayString("Third Range");
    3960:	81 e9       	ldi	r24, 0x91	; 145
    3962:	91 e0       	ldi	r25, 0x01	; 1
    3964:	0e 94 bf 32 	call	0x657e	; 0x657e <LCD_displayString>
    3968:	80 e0       	ldi	r24, 0x00	; 0
    396a:	90 e0       	ldi	r25, 0x00	; 0
    396c:	aa ef       	ldi	r26, 0xFA	; 250
    396e:	b3 e4       	ldi	r27, 0x43	; 67
    3970:	8b 87       	std	Y+11, r24	; 0x0b
    3972:	9c 87       	std	Y+12, r25	; 0x0c
    3974:	ad 87       	std	Y+13, r26	; 0x0d
    3976:	be 87       	std	Y+14, r27	; 0x0e
 */
void
_delay_ms(double __ms)
{
	uint16_t __ticks;
	double __tmp = ((F_CPU) / 4e3) * __ms;
    3978:	6b 85       	ldd	r22, Y+11	; 0x0b
    397a:	7c 85       	ldd	r23, Y+12	; 0x0c
    397c:	8d 85       	ldd	r24, Y+13	; 0x0d
    397e:	9e 85       	ldd	r25, Y+14	; 0x0e
    3980:	20 e0       	ldi	r18, 0x00	; 0
    3982:	30 e0       	ldi	r19, 0x00	; 0
    3984:	4a e7       	ldi	r20, 0x7A	; 122
    3986:	53 e4       	ldi	r21, 0x43	; 67
    3988:	0e 94 1f 02 	call	0x43e	; 0x43e <__mulsf3>
    398c:	dc 01       	movw	r26, r24
    398e:	cb 01       	movw	r24, r22
    3990:	8f 83       	std	Y+7, r24	; 0x07
    3992:	98 87       	std	Y+8, r25	; 0x08
    3994:	a9 87       	std	Y+9, r26	; 0x09
    3996:	ba 87       	std	Y+10, r27	; 0x0a
	if (__tmp < 1.0)
    3998:	6f 81       	ldd	r22, Y+7	; 0x07
    399a:	78 85       	ldd	r23, Y+8	; 0x08
    399c:	89 85       	ldd	r24, Y+9	; 0x09
    399e:	9a 85       	ldd	r25, Y+10	; 0x0a
    39a0:	20 e0       	ldi	r18, 0x00	; 0
    39a2:	30 e0       	ldi	r19, 0x00	; 0
    39a4:	40 e8       	ldi	r20, 0x80	; 128
    39a6:	5f e3       	ldi	r21, 0x3F	; 63
    39a8:	0e 94 25 04 	call	0x84a	; 0x84a <__ltsf2>
    39ac:	88 23       	and	r24, r24
    39ae:	2c f4       	brge	.+10     	; 0x39ba <main+0x27b8>
		__ticks = 1;
    39b0:	81 e0       	ldi	r24, 0x01	; 1
    39b2:	90 e0       	ldi	r25, 0x00	; 0
    39b4:	9e 83       	std	Y+6, r25	; 0x06
    39b6:	8d 83       	std	Y+5, r24	; 0x05
    39b8:	3f c0       	rjmp	.+126    	; 0x3a38 <main+0x2836>
	else if (__tmp > 65535)
    39ba:	6f 81       	ldd	r22, Y+7	; 0x07
    39bc:	78 85       	ldd	r23, Y+8	; 0x08
    39be:	89 85       	ldd	r24, Y+9	; 0x09
    39c0:	9a 85       	ldd	r25, Y+10	; 0x0a
    39c2:	20 e0       	ldi	r18, 0x00	; 0
    39c4:	3f ef       	ldi	r19, 0xFF	; 255
    39c6:	4f e7       	ldi	r20, 0x7F	; 127
    39c8:	57 e4       	ldi	r21, 0x47	; 71
    39ca:	0e 94 c5 03 	call	0x78a	; 0x78a <__gtsf2>
    39ce:	18 16       	cp	r1, r24
    39d0:	4c f5       	brge	.+82     	; 0x3a24 <main+0x2822>
	{
		//	__ticks = requested delay in 1/10 ms
		__ticks = (uint16_t) (__ms * 10.0);
    39d2:	6b 85       	ldd	r22, Y+11	; 0x0b
    39d4:	7c 85       	ldd	r23, Y+12	; 0x0c
    39d6:	8d 85       	ldd	r24, Y+13	; 0x0d
    39d8:	9e 85       	ldd	r25, Y+14	; 0x0e
    39da:	20 e0       	ldi	r18, 0x00	; 0
    39dc:	30 e0       	ldi	r19, 0x00	; 0
    39de:	40 e2       	ldi	r20, 0x20	; 32
    39e0:	51 e4       	ldi	r21, 0x41	; 65
    39e2:	0e 94 1f 02 	call	0x43e	; 0x43e <__mulsf3>
    39e6:	dc 01       	movw	r26, r24
    39e8:	cb 01       	movw	r24, r22
    39ea:	bc 01       	movw	r22, r24
    39ec:	cd 01       	movw	r24, r26
    39ee:	0e 94 49 00 	call	0x92	; 0x92 <__fixunssfsi>
    39f2:	dc 01       	movw	r26, r24
    39f4:	cb 01       	movw	r24, r22
    39f6:	9e 83       	std	Y+6, r25	; 0x06
    39f8:	8d 83       	std	Y+5, r24	; 0x05
    39fa:	0f c0       	rjmp	.+30     	; 0x3a1a <main+0x2818>
    39fc:	89 e1       	ldi	r24, 0x19	; 25
    39fe:	90 e0       	ldi	r25, 0x00	; 0
    3a00:	9c 83       	std	Y+4, r25	; 0x04
    3a02:	8b 83       	std	Y+3, r24	; 0x03
    3a04:	8b 81       	ldd	r24, Y+3	; 0x03
    3a06:	9c 81       	ldd	r25, Y+4	; 0x04
    3a08:	01 97       	sbiw	r24, 0x01	; 1
    3a0a:	f1 f7       	brne	.-4      	; 0x3a08 <main+0x2806>
    3a0c:	9c 83       	std	Y+4, r25	; 0x04
    3a0e:	8b 83       	std	Y+3, r24	; 0x03
		while(__ticks)
		{
			// wait 1/10 ms
			_delay_loop_2(((F_CPU) / 4e3) / 10);
			__ticks --;
    3a10:	8d 81       	ldd	r24, Y+5	; 0x05
    3a12:	9e 81       	ldd	r25, Y+6	; 0x06
    3a14:	01 97       	sbiw	r24, 0x01	; 1
    3a16:	9e 83       	std	Y+6, r25	; 0x06
    3a18:	8d 83       	std	Y+5, r24	; 0x05
		__ticks = 1;
	else if (__tmp > 65535)
	{
		//	__ticks = requested delay in 1/10 ms
		__ticks = (uint16_t) (__ms * 10.0);
		while(__ticks)
    3a1a:	8d 81       	ldd	r24, Y+5	; 0x05
    3a1c:	9e 81       	ldd	r25, Y+6	; 0x06
    3a1e:	00 97       	sbiw	r24, 0x00	; 0
    3a20:	69 f7       	brne	.-38     	; 0x39fc <main+0x27fa>
    3a22:	14 c0       	rjmp	.+40     	; 0x3a4c <main+0x284a>
			__ticks --;
		}
		return;
	}
	else
		__ticks = (uint16_t)__tmp;
    3a24:	6f 81       	ldd	r22, Y+7	; 0x07
    3a26:	78 85       	ldd	r23, Y+8	; 0x08
    3a28:	89 85       	ldd	r24, Y+9	; 0x09
    3a2a:	9a 85       	ldd	r25, Y+10	; 0x0a
    3a2c:	0e 94 49 00 	call	0x92	; 0x92 <__fixunssfsi>
    3a30:	dc 01       	movw	r26, r24
    3a32:	cb 01       	movw	r24, r22
    3a34:	9e 83       	std	Y+6, r25	; 0x06
    3a36:	8d 83       	std	Y+5, r24	; 0x05
    3a38:	8d 81       	ldd	r24, Y+5	; 0x05
    3a3a:	9e 81       	ldd	r25, Y+6	; 0x06
    3a3c:	9a 83       	std	Y+2, r25	; 0x02
    3a3e:	89 83       	std	Y+1, r24	; 0x01
    3a40:	89 81       	ldd	r24, Y+1	; 0x01
    3a42:	9a 81       	ldd	r25, Y+2	; 0x02
    3a44:	01 97       	sbiw	r24, 0x01	; 1
    3a46:	f1 f7       	brne	.-4      	; 0x3a44 <main+0x2842>
    3a48:	9a 83       	std	Y+2, r25	; 0x02
    3a4a:	89 83       	std	Y+1, r24	; 0x01
						 _delay_ms(500);
						LCD_clearScreen();
    3a4c:	0e 94 62 33 	call	0x66c4	; 0x66c4 <LCD_clearScreen>

						OHMMETER_thirdRange();
    3a50:	0e 94 8d 23 	call	0x471a	; 0x471a <OHMMETER_thirdRange>
    3a54:	0c 94 0b 0a 	jmp	0x1416	; 0x1416 <main+0x214>

00003a58 <return_init>:
}

}

void return_init(void)
{
    3a58:	df 93       	push	r29
    3a5a:	cf 93       	push	r28
    3a5c:	cd b7       	in	r28, 0x3d	; 61
    3a5e:	de b7       	in	r29, 0x3e	; 62
	GPIO_setupPinDirection(PORTD_ID,PIN2_ID,PIN_INPUT);
    3a60:	83 e0       	ldi	r24, 0x03	; 3
    3a62:	62 e0       	ldi	r22, 0x02	; 2
    3a64:	40 e0       	ldi	r20, 0x00	; 0
    3a66:	0e 94 6b 24 	call	0x48d6	; 0x48d6 <GPIO_setupPinDirection>
	/* Connecting it with an internal Pull up resistor */
	GPIO_writePin(PORTD_ID, PIN2_ID, LOGIC_HIGH);
    3a6a:	83 e0       	ldi	r24, 0x03	; 3
    3a6c:	62 e0       	ldi	r22, 0x02	; 2
    3a6e:	41 e0       	ldi	r20, 0x01	; 1
    3a70:	0e 94 65 25 	call	0x4aca	; 0x4aca <GPIO_writePin>
	/*Interrupt with Any Falling Edge*/
    MCUCR = ((MCUCR & 0xFC) | (0x02)); // Interrupt with Falling Edge
    3a74:	a5 e5       	ldi	r26, 0x55	; 85
    3a76:	b0 e0       	ldi	r27, 0x00	; 0
    3a78:	e5 e5       	ldi	r30, 0x55	; 85
    3a7a:	f0 e0       	ldi	r31, 0x00	; 0
    3a7c:	80 81       	ld	r24, Z
    3a7e:	8c 7f       	andi	r24, 0xFC	; 252
    3a80:	82 60       	ori	r24, 0x02	; 2
    3a82:	8c 93       	st	X, r24
	GICR =   ((GICR & 0xBF) | (1<<6));
    3a84:	ab e5       	ldi	r26, 0x5B	; 91
    3a86:	b0 e0       	ldi	r27, 0x00	; 0
    3a88:	eb e5       	ldi	r30, 0x5B	; 91
    3a8a:	f0 e0       	ldi	r31, 0x00	; 0
    3a8c:	80 81       	ld	r24, Z
    3a8e:	80 64       	ori	r24, 0x40	; 64
    3a90:	8c 93       	st	X, r24

}
    3a92:	cf 91       	pop	r28
    3a94:	df 91       	pop	r29
    3a96:	08 95       	ret

00003a98 <__vector_1>:

ISR(INT0_vect)
{
    3a98:	1f 92       	push	r1
    3a9a:	0f 92       	push	r0
    3a9c:	0f b6       	in	r0, 0x3f	; 63
    3a9e:	0f 92       	push	r0
    3aa0:	11 24       	eor	r1, r1
    3aa2:	8f 93       	push	r24
    3aa4:	df 93       	push	r29
    3aa6:	cf 93       	push	r28
    3aa8:	cd b7       	in	r28, 0x3d	; 61
    3aaa:	de b7       	in	r29, 0x3e	; 62
	if(g_ammMeterEnter == 1)
    3aac:	80 91 bc 02 	lds	r24, 0x02BC
    3ab0:	81 30       	cpi	r24, 0x01	; 1
    3ab2:	31 f4       	brne	.+12     	; 0x3ac0 <__vector_1+0x28>
	{
	g_reset=1;
    3ab4:	81 e0       	ldi	r24, 0x01	; 1
    3ab6:	80 93 bb 02 	sts	0x02BB, r24
	g_ammMeterEnter = 0;
    3aba:	10 92 bc 02 	sts	0x02BC, r1
    3abe:	16 c0       	rjmp	.+44     	; 0x3aec <__vector_1+0x54>
	}
	else if (g_voltMeterEnter == 1)
    3ac0:	80 91 ba 02 	lds	r24, 0x02BA
    3ac4:	81 30       	cpi	r24, 0x01	; 1
    3ac6:	31 f4       	brne	.+12     	; 0x3ad4 <__vector_1+0x3c>
	{
		g_reset=1;
    3ac8:	81 e0       	ldi	r24, 0x01	; 1
    3aca:	80 93 bb 02 	sts	0x02BB, r24
		g_voltMeterEnter = 0;
    3ace:	10 92 ba 02 	sts	0x02BA, r1
    3ad2:	0c c0       	rjmp	.+24     	; 0x3aec <__vector_1+0x54>

	}
	else if(g_ohmMeterEnter == 1)
    3ad4:	80 91 bd 02 	lds	r24, 0x02BD
    3ad8:	81 30       	cpi	r24, 0x01	; 1
    3ada:	31 f4       	brne	.+12     	; 0x3ae8 <__vector_1+0x50>
	{
		g_reset =1;
    3adc:	81 e0       	ldi	r24, 0x01	; 1
    3ade:	80 93 bb 02 	sts	0x02BB, r24
		g_ohmMeterEnter=0;
    3ae2:	10 92 bd 02 	sts	0x02BD, r1
    3ae6:	02 c0       	rjmp	.+4      	; 0x3aec <__vector_1+0x54>

	}
	else
		g_reset=0;
    3ae8:	10 92 bb 02 	sts	0x02BB, r1

}
    3aec:	cf 91       	pop	r28
    3aee:	df 91       	pop	r29
    3af0:	8f 91       	pop	r24
    3af2:	0f 90       	pop	r0
    3af4:	0f be       	out	0x3f, r0	; 63
    3af6:	0f 90       	pop	r0
    3af8:	1f 90       	pop	r1
    3afa:	18 95       	reti

00003afc <ADC_init>:
#if (ADC_INTERRUPTMODE ==1)
 static volatile void (*g_ADC_callBackPtr2Func)(void);
#endif

void ADC_init(const ADC_ConfigType * Config_Ptr)
{
    3afc:	df 93       	push	r29
    3afe:	cf 93       	push	r28
    3b00:	00 d0       	rcall	.+0      	; 0x3b02 <ADC_init+0x6>
    3b02:	cd b7       	in	r28, 0x3d	; 61
    3b04:	de b7       	in	r29, 0x3e	; 62
    3b06:	9a 83       	std	Y+2, r25	; 0x02
    3b08:	89 83       	std	Y+1, r24	; 0x01
	SET_BIT(ADCSRA,ADEN);
    3b0a:	a6 e2       	ldi	r26, 0x26	; 38
    3b0c:	b0 e0       	ldi	r27, 0x00	; 0
    3b0e:	e6 e2       	ldi	r30, 0x26	; 38
    3b10:	f0 e0       	ldi	r31, 0x00	; 0
    3b12:	80 81       	ld	r24, Z
    3b14:	80 68       	ori	r24, 0x80	; 128
    3b16:	8c 93       	st	X, r24
	ADMUX = (ADMUX&0x3F) | (((Config_Ptr->ref_volt)<<6) & 0xC0);
    3b18:	a7 e2       	ldi	r26, 0x27	; 39
    3b1a:	b0 e0       	ldi	r27, 0x00	; 0
    3b1c:	e7 e2       	ldi	r30, 0x27	; 39
    3b1e:	f0 e0       	ldi	r31, 0x00	; 0
    3b20:	80 81       	ld	r24, Z
    3b22:	28 2f       	mov	r18, r24
    3b24:	2f 73       	andi	r18, 0x3F	; 63
    3b26:	e9 81       	ldd	r30, Y+1	; 0x01
    3b28:	fa 81       	ldd	r31, Y+2	; 0x02
    3b2a:	80 81       	ld	r24, Z
    3b2c:	88 2f       	mov	r24, r24
    3b2e:	90 e0       	ldi	r25, 0x00	; 0
    3b30:	00 24       	eor	r0, r0
    3b32:	96 95       	lsr	r25
    3b34:	87 95       	ror	r24
    3b36:	07 94       	ror	r0
    3b38:	96 95       	lsr	r25
    3b3a:	87 95       	ror	r24
    3b3c:	07 94       	ror	r0
    3b3e:	98 2f       	mov	r25, r24
    3b40:	80 2d       	mov	r24, r0
    3b42:	82 2b       	or	r24, r18
    3b44:	8c 93       	st	X, r24
	CLEAR_BIT(ADMUX,ADLAR);
    3b46:	a7 e2       	ldi	r26, 0x27	; 39
    3b48:	b0 e0       	ldi	r27, 0x00	; 0
    3b4a:	e7 e2       	ldi	r30, 0x27	; 39
    3b4c:	f0 e0       	ldi	r31, 0x00	; 0
    3b4e:	80 81       	ld	r24, Z
    3b50:	8f 7d       	andi	r24, 0xDF	; 223
    3b52:	8c 93       	st	X, r24
#if (ADC_POLLINGMODE ==1)
	CLEAR_BIT(ADCSRA,ADIE);
    3b54:	a6 e2       	ldi	r26, 0x26	; 38
    3b56:	b0 e0       	ldi	r27, 0x00	; 0
    3b58:	e6 e2       	ldi	r30, 0x26	; 38
    3b5a:	f0 e0       	ldi	r31, 0x00	; 0
    3b5c:	80 81       	ld	r24, Z
    3b5e:	87 7f       	andi	r24, 0xF7	; 247
    3b60:	8c 93       	st	X, r24
#elif (ADC_INTERRUPTMODE ==1)
	SET_BIT(ADCSRA,ADIE);

#endif

	ADCSRA=  (ADCSRA&(0xF8)) | ((Config_Ptr->prescaler)&(0x07));
    3b62:	a6 e2       	ldi	r26, 0x26	; 38
    3b64:	b0 e0       	ldi	r27, 0x00	; 0
    3b66:	e6 e2       	ldi	r30, 0x26	; 38
    3b68:	f0 e0       	ldi	r31, 0x00	; 0
    3b6a:	80 81       	ld	r24, Z
    3b6c:	98 2f       	mov	r25, r24
    3b6e:	98 7f       	andi	r25, 0xF8	; 248
    3b70:	e9 81       	ldd	r30, Y+1	; 0x01
    3b72:	fa 81       	ldd	r31, Y+2	; 0x02
    3b74:	81 81       	ldd	r24, Z+1	; 0x01
    3b76:	87 70       	andi	r24, 0x07	; 7
    3b78:	89 2b       	or	r24, r25
    3b7a:	8c 93       	st	X, r24


}
    3b7c:	0f 90       	pop	r0
    3b7e:	0f 90       	pop	r0
    3b80:	cf 91       	pop	r28
    3b82:	df 91       	pop	r29
    3b84:	08 95       	ret

00003b86 <ADC_readChannel>:

#if(ADC_POLLINGMODE ==1)
uint16 ADC_readChannel(ADC_chNum a_chNum)
{
    3b86:	df 93       	push	r29
    3b88:	cf 93       	push	r28
    3b8a:	0f 92       	push	r0
    3b8c:	cd b7       	in	r28, 0x3d	; 61
    3b8e:	de b7       	in	r29, 0x3e	; 62
    3b90:	89 83       	std	Y+1, r24	; 0x01
	ADMUX= ((ADMUX & 0xE0) | a_chNum);
    3b92:	a7 e2       	ldi	r26, 0x27	; 39
    3b94:	b0 e0       	ldi	r27, 0x00	; 0
    3b96:	e7 e2       	ldi	r30, 0x27	; 39
    3b98:	f0 e0       	ldi	r31, 0x00	; 0
    3b9a:	80 81       	ld	r24, Z
    3b9c:	98 2f       	mov	r25, r24
    3b9e:	90 7e       	andi	r25, 0xE0	; 224
    3ba0:	89 81       	ldd	r24, Y+1	; 0x01
    3ba2:	89 2b       	or	r24, r25
    3ba4:	8c 93       	st	X, r24
	SET_BIT(ADCSRA,ADSC);
    3ba6:	a6 e2       	ldi	r26, 0x26	; 38
    3ba8:	b0 e0       	ldi	r27, 0x00	; 0
    3baa:	e6 e2       	ldi	r30, 0x26	; 38
    3bac:	f0 e0       	ldi	r31, 0x00	; 0
    3bae:	80 81       	ld	r24, Z
    3bb0:	80 64       	ori	r24, 0x40	; 64
    3bb2:	8c 93       	st	X, r24
	while(!(BIT_IS_SET(ADCSRA,ADIF)));
    3bb4:	e6 e2       	ldi	r30, 0x26	; 38
    3bb6:	f0 e0       	ldi	r31, 0x00	; 0
    3bb8:	80 81       	ld	r24, Z
    3bba:	88 2f       	mov	r24, r24
    3bbc:	90 e0       	ldi	r25, 0x00	; 0
    3bbe:	80 71       	andi	r24, 0x10	; 16
    3bc0:	90 70       	andi	r25, 0x00	; 0
    3bc2:	00 97       	sbiw	r24, 0x00	; 0
    3bc4:	b9 f3       	breq	.-18     	; 0x3bb4 <ADC_readChannel+0x2e>

		SET_BIT(ADCSRA,ADIF);
    3bc6:	a6 e2       	ldi	r26, 0x26	; 38
    3bc8:	b0 e0       	ldi	r27, 0x00	; 0
    3bca:	e6 e2       	ldi	r30, 0x26	; 38
    3bcc:	f0 e0       	ldi	r31, 0x00	; 0
    3bce:	80 81       	ld	r24, Z
    3bd0:	80 61       	ori	r24, 0x10	; 16
    3bd2:	8c 93       	st	X, r24
		return (uint16)(ADC);
    3bd4:	e4 e2       	ldi	r30, 0x24	; 36
    3bd6:	f0 e0       	ldi	r31, 0x00	; 0
    3bd8:	80 81       	ld	r24, Z
    3bda:	91 81       	ldd	r25, Z+1	; 0x01
}
    3bdc:	0f 90       	pop	r0
    3bde:	cf 91       	pop	r28
    3be0:	df 91       	pop	r29
    3be2:	08 95       	ret

00003be4 <ADC_disable>:
}

#endif

void ADC_disable(void)
{
    3be4:	df 93       	push	r29
    3be6:	cf 93       	push	r28
    3be8:	cd b7       	in	r28, 0x3d	; 61
    3bea:	de b7       	in	r29, 0x3e	; 62
	CLEAR_BIT(ADCSRA,ADEN);
    3bec:	a6 e2       	ldi	r26, 0x26	; 38
    3bee:	b0 e0       	ldi	r27, 0x00	; 0
    3bf0:	e6 e2       	ldi	r30, 0x26	; 38
    3bf2:	f0 e0       	ldi	r31, 0x00	; 0
    3bf4:	80 81       	ld	r24, Z
    3bf6:	8f 77       	andi	r24, 0x7F	; 127
    3bf8:	8c 93       	st	X, r24

}
    3bfa:	cf 91       	pop	r28
    3bfc:	df 91       	pop	r29
    3bfe:	08 95       	ret

00003c00 <AMMETER_init>:

extern volatile  uint8 g_reset;
/* Indication that we entered the ammeter circuit*/
 volatile uint8 g_ammMeterEnter = 0;
void AMMETER_init(void)
{
    3c00:	df 93       	push	r29
    3c02:	cf 93       	push	r28
    3c04:	cd b7       	in	r28, 0x3d	; 61
    3c06:	de b7       	in	r29, 0x3e	; 62
GPIO_setupPinDirection(PORTB_ID,PIN7_ID,PIN_OUTPUT);
    3c08:	81 e0       	ldi	r24, 0x01	; 1
    3c0a:	67 e0       	ldi	r22, 0x07	; 7
    3c0c:	41 e0       	ldi	r20, 0x01	; 1
    3c0e:	0e 94 6b 24 	call	0x48d6	; 0x48d6 <GPIO_setupPinDirection>

/********************Led pin *************************/
GPIO_setupPinDirection(PORTC_ID, PIN6_ID, PIN_OUTPUT);
    3c12:	82 e0       	ldi	r24, 0x02	; 2
    3c14:	66 e0       	ldi	r22, 0x06	; 6
    3c16:	41 e0       	ldi	r20, 0x01	; 1
    3c18:	0e 94 6b 24 	call	0x48d6	; 0x48d6 <GPIO_setupPinDirection>
}
    3c1c:	cf 91       	pop	r28
    3c1e:	df 91       	pop	r29
    3c20:	08 95       	ret

00003c22 <AMMETER_firstRange>:
void AMMETER_firstRange(void)
{
    3c22:	df 93       	push	r29
    3c24:	cf 93       	push	r28
    3c26:	cd b7       	in	r28, 0x3d	; 61
    3c28:	de b7       	in	r29, 0x3e	; 62
    3c2a:	64 97       	sbiw	r28, 0x14	; 20
    3c2c:	0f b6       	in	r0, 0x3f	; 63
    3c2e:	f8 94       	cli
    3c30:	de bf       	out	0x3e, r29	; 62
    3c32:	0f be       	out	0x3f, r0	; 63
    3c34:	cd bf       	out	0x3d, r28	; 61
	g_ammMeterEnter = 1;
    3c36:	81 e0       	ldi	r24, 0x01	; 1
    3c38:	80 93 bc 02 	sts	0x02BC, r24
	GPIO_writePin(PORTB_ID,PIN7_ID, LOGIC_HIGH);
    3c3c:	81 e0       	ldi	r24, 0x01	; 1
    3c3e:	67 e0       	ldi	r22, 0x07	; 7
    3c40:	41 e0       	ldi	r20, 0x01	; 1
    3c42:	0e 94 65 25 	call	0x4aca	; 0x4aca <GPIO_writePin>
	GPIO_writePin(PORTC_ID, PIN6_ID, LOGIC_HIGH);
    3c46:	82 e0       	ldi	r24, 0x02	; 2
    3c48:	66 e0       	ldi	r22, 0x06	; 6
    3c4a:	41 e0       	ldi	r20, 0x01	; 1
    3c4c:	0e 94 65 25 	call	0x4aca	; 0x4aca <GPIO_writePin>
	uint16 a_valueReadByAdc;
	float32 a_currentValue;
	while(1)
	{

	a_valueReadByAdc=ADC_readChannel(ADC5);
    3c50:	85 e0       	ldi	r24, 0x05	; 5
    3c52:	0e 94 c3 1d 	call	0x3b86	; 0x3b86 <ADC_readChannel>
    3c56:	9c 8b       	std	Y+20, r25	; 0x14
    3c58:	8b 8b       	std	Y+19, r24	; 0x13

	if(g_reset == 1)
    3c5a:	80 91 bb 02 	lds	r24, 0x02BB
    3c5e:	81 30       	cpi	r24, 0x01	; 1
    3c60:	51 f4       	brne	.+20     	; 0x3c76 <AMMETER_firstRange+0x54>
	{
		g_reset =0;
    3c62:	10 92 bb 02 	sts	0x02BB, r1
		GPIO_writePin(PORTC_ID, PIN6_ID, LOGIC_LOW);
    3c66:	82 e0       	ldi	r24, 0x02	; 2
    3c68:	66 e0       	ldi	r22, 0x06	; 6
    3c6a:	40 e0       	ldi	r20, 0x00	; 0
    3c6c:	0e 94 65 25 	call	0x4aca	; 0x4aca <GPIO_writePin>
		LCD_clearScreen();
    3c70:	0e 94 62 33 	call	0x66c4	; 0x66c4 <LCD_clearScreen>
    3c74:	be c0       	rjmp	.+380    	; 0x3df2 <AMMETER_firstRange+0x1d0>
		break;

	}


	a_currentValue = ((( a_valueReadByAdc - 94 )*5)/47) + 10 ;
    3c76:	2b 89       	ldd	r18, Y+19	; 0x13
    3c78:	3c 89       	ldd	r19, Y+20	; 0x14
    3c7a:	c9 01       	movw	r24, r18
    3c7c:	88 0f       	add	r24, r24
    3c7e:	99 1f       	adc	r25, r25
    3c80:	88 0f       	add	r24, r24
    3c82:	99 1f       	adc	r25, r25
    3c84:	82 0f       	add	r24, r18
    3c86:	93 1f       	adc	r25, r19
    3c88:	86 5d       	subi	r24, 0xD6	; 214
    3c8a:	91 40       	sbci	r25, 0x01	; 1
    3c8c:	2f e2       	ldi	r18, 0x2F	; 47
    3c8e:	30 e0       	ldi	r19, 0x00	; 0
    3c90:	b9 01       	movw	r22, r18
    3c92:	0e 94 e4 35 	call	0x6bc8	; 0x6bc8 <__udivmodhi4>
    3c96:	cb 01       	movw	r24, r22
    3c98:	0a 96       	adiw	r24, 0x0a	; 10
    3c9a:	cc 01       	movw	r24, r24
    3c9c:	a0 e0       	ldi	r26, 0x00	; 0
    3c9e:	b0 e0       	ldi	r27, 0x00	; 0
    3ca0:	bc 01       	movw	r22, r24
    3ca2:	cd 01       	movw	r24, r26
    3ca4:	0e 94 a9 04 	call	0x952	; 0x952 <__floatunsisf>
    3ca8:	dc 01       	movw	r26, r24
    3caa:	cb 01       	movw	r24, r22
    3cac:	8f 87       	std	Y+15, r24	; 0x0f
    3cae:	98 8b       	std	Y+16, r25	; 0x10
    3cb0:	a9 8b       	std	Y+17, r26	; 0x11
    3cb2:	ba 8b       	std	Y+18, r27	; 0x12

	if((a_valueReadByAdc > 94 ) && (a_valueReadByAdc < 940 ))
    3cb4:	8b 89       	ldd	r24, Y+19	; 0x13
    3cb6:	9c 89       	ldd	r25, Y+20	; 0x14
    3cb8:	8f 35       	cpi	r24, 0x5F	; 95
    3cba:	91 05       	cpc	r25, r1
    3cbc:	08 f4       	brcc	.+2      	; 0x3cc0 <AMMETER_firstRange+0x9e>
    3cbe:	8b c0       	rjmp	.+278    	; 0x3dd6 <AMMETER_firstRange+0x1b4>
    3cc0:	8b 89       	ldd	r24, Y+19	; 0x13
    3cc2:	9c 89       	ldd	r25, Y+20	; 0x14
    3cc4:	23 e0       	ldi	r18, 0x03	; 3
    3cc6:	8c 3a       	cpi	r24, 0xAC	; 172
    3cc8:	92 07       	cpc	r25, r18
    3cca:	08 f0       	brcs	.+2      	; 0x3cce <AMMETER_firstRange+0xac>
    3ccc:	84 c0       	rjmp	.+264    	; 0x3dd6 <AMMETER_firstRange+0x1b4>
	{
	LCD_clearScreen();
    3cce:	0e 94 62 33 	call	0x66c4	; 0x66c4 <LCD_clearScreen>
	LCD_moveCursor(1,1);
    3cd2:	81 e0       	ldi	r24, 0x01	; 1
    3cd4:	61 e0       	ldi	r22, 0x01	; 1
    3cd6:	0e 94 e2 32 	call	0x65c4	; 0x65c4 <LCD_moveCursor>
	LCD_floatToString(a_currentValue);
    3cda:	8f 85       	ldd	r24, Y+15	; 0x0f
    3cdc:	98 89       	ldd	r25, Y+16	; 0x10
    3cde:	a9 89       	ldd	r26, Y+17	; 0x11
    3ce0:	ba 89       	ldd	r27, Y+18	; 0x12
    3ce2:	bc 01       	movw	r22, r24
    3ce4:	cd 01       	movw	r24, r26
    3ce6:	0e 94 66 34 	call	0x68cc	; 0x68cc <LCD_floatToString>
	LCD_displayString(" mA");
    3cea:	8d e9       	ldi	r24, 0x9D	; 157
    3cec:	91 e0       	ldi	r25, 0x01	; 1
    3cee:	0e 94 bf 32 	call	0x657e	; 0x657e <LCD_displayString>
    3cf2:	80 e0       	ldi	r24, 0x00	; 0
    3cf4:	90 e0       	ldi	r25, 0x00	; 0
    3cf6:	aa ef       	ldi	r26, 0xFA	; 250
    3cf8:	b3 e4       	ldi	r27, 0x43	; 67
    3cfa:	8b 87       	std	Y+11, r24	; 0x0b
    3cfc:	9c 87       	std	Y+12, r25	; 0x0c
    3cfe:	ad 87       	std	Y+13, r26	; 0x0d
    3d00:	be 87       	std	Y+14, r27	; 0x0e
 */
void
_delay_ms(double __ms)
{
	uint16_t __ticks;
	double __tmp = ((F_CPU) / 4e3) * __ms;
    3d02:	6b 85       	ldd	r22, Y+11	; 0x0b
    3d04:	7c 85       	ldd	r23, Y+12	; 0x0c
    3d06:	8d 85       	ldd	r24, Y+13	; 0x0d
    3d08:	9e 85       	ldd	r25, Y+14	; 0x0e
    3d0a:	20 e0       	ldi	r18, 0x00	; 0
    3d0c:	30 e0       	ldi	r19, 0x00	; 0
    3d0e:	4a e7       	ldi	r20, 0x7A	; 122
    3d10:	53 e4       	ldi	r21, 0x43	; 67
    3d12:	0e 94 1f 02 	call	0x43e	; 0x43e <__mulsf3>
    3d16:	dc 01       	movw	r26, r24
    3d18:	cb 01       	movw	r24, r22
    3d1a:	8f 83       	std	Y+7, r24	; 0x07
    3d1c:	98 87       	std	Y+8, r25	; 0x08
    3d1e:	a9 87       	std	Y+9, r26	; 0x09
    3d20:	ba 87       	std	Y+10, r27	; 0x0a
	if (__tmp < 1.0)
    3d22:	6f 81       	ldd	r22, Y+7	; 0x07
    3d24:	78 85       	ldd	r23, Y+8	; 0x08
    3d26:	89 85       	ldd	r24, Y+9	; 0x09
    3d28:	9a 85       	ldd	r25, Y+10	; 0x0a
    3d2a:	20 e0       	ldi	r18, 0x00	; 0
    3d2c:	30 e0       	ldi	r19, 0x00	; 0
    3d2e:	40 e8       	ldi	r20, 0x80	; 128
    3d30:	5f e3       	ldi	r21, 0x3F	; 63
    3d32:	0e 94 25 04 	call	0x84a	; 0x84a <__ltsf2>
    3d36:	88 23       	and	r24, r24
    3d38:	2c f4       	brge	.+10     	; 0x3d44 <AMMETER_firstRange+0x122>
		__ticks = 1;
    3d3a:	81 e0       	ldi	r24, 0x01	; 1
    3d3c:	90 e0       	ldi	r25, 0x00	; 0
    3d3e:	9e 83       	std	Y+6, r25	; 0x06
    3d40:	8d 83       	std	Y+5, r24	; 0x05
    3d42:	3f c0       	rjmp	.+126    	; 0x3dc2 <AMMETER_firstRange+0x1a0>
	else if (__tmp > 65535)
    3d44:	6f 81       	ldd	r22, Y+7	; 0x07
    3d46:	78 85       	ldd	r23, Y+8	; 0x08
    3d48:	89 85       	ldd	r24, Y+9	; 0x09
    3d4a:	9a 85       	ldd	r25, Y+10	; 0x0a
    3d4c:	20 e0       	ldi	r18, 0x00	; 0
    3d4e:	3f ef       	ldi	r19, 0xFF	; 255
    3d50:	4f e7       	ldi	r20, 0x7F	; 127
    3d52:	57 e4       	ldi	r21, 0x47	; 71
    3d54:	0e 94 c5 03 	call	0x78a	; 0x78a <__gtsf2>
    3d58:	18 16       	cp	r1, r24
    3d5a:	4c f5       	brge	.+82     	; 0x3dae <AMMETER_firstRange+0x18c>
	{
		//	__ticks = requested delay in 1/10 ms
		__ticks = (uint16_t) (__ms * 10.0);
    3d5c:	6b 85       	ldd	r22, Y+11	; 0x0b
    3d5e:	7c 85       	ldd	r23, Y+12	; 0x0c
    3d60:	8d 85       	ldd	r24, Y+13	; 0x0d
    3d62:	9e 85       	ldd	r25, Y+14	; 0x0e
    3d64:	20 e0       	ldi	r18, 0x00	; 0
    3d66:	30 e0       	ldi	r19, 0x00	; 0
    3d68:	40 e2       	ldi	r20, 0x20	; 32
    3d6a:	51 e4       	ldi	r21, 0x41	; 65
    3d6c:	0e 94 1f 02 	call	0x43e	; 0x43e <__mulsf3>
    3d70:	dc 01       	movw	r26, r24
    3d72:	cb 01       	movw	r24, r22
    3d74:	bc 01       	movw	r22, r24
    3d76:	cd 01       	movw	r24, r26
    3d78:	0e 94 49 00 	call	0x92	; 0x92 <__fixunssfsi>
    3d7c:	dc 01       	movw	r26, r24
    3d7e:	cb 01       	movw	r24, r22
    3d80:	9e 83       	std	Y+6, r25	; 0x06
    3d82:	8d 83       	std	Y+5, r24	; 0x05
    3d84:	0f c0       	rjmp	.+30     	; 0x3da4 <AMMETER_firstRange+0x182>
    3d86:	89 e1       	ldi	r24, 0x19	; 25
    3d88:	90 e0       	ldi	r25, 0x00	; 0
    3d8a:	9c 83       	std	Y+4, r25	; 0x04
    3d8c:	8b 83       	std	Y+3, r24	; 0x03
    3d8e:	8b 81       	ldd	r24, Y+3	; 0x03
    3d90:	9c 81       	ldd	r25, Y+4	; 0x04
    3d92:	01 97       	sbiw	r24, 0x01	; 1
    3d94:	f1 f7       	brne	.-4      	; 0x3d92 <AMMETER_firstRange+0x170>
    3d96:	9c 83       	std	Y+4, r25	; 0x04
    3d98:	8b 83       	std	Y+3, r24	; 0x03
		while(__ticks)
		{
			// wait 1/10 ms
			_delay_loop_2(((F_CPU) / 4e3) / 10);
			__ticks --;
    3d9a:	8d 81       	ldd	r24, Y+5	; 0x05
    3d9c:	9e 81       	ldd	r25, Y+6	; 0x06
    3d9e:	01 97       	sbiw	r24, 0x01	; 1
    3da0:	9e 83       	std	Y+6, r25	; 0x06
    3da2:	8d 83       	std	Y+5, r24	; 0x05
		__ticks = 1;
	else if (__tmp > 65535)
	{
		//	__ticks = requested delay in 1/10 ms
		__ticks = (uint16_t) (__ms * 10.0);
		while(__ticks)
    3da4:	8d 81       	ldd	r24, Y+5	; 0x05
    3da6:	9e 81       	ldd	r25, Y+6	; 0x06
    3da8:	00 97       	sbiw	r24, 0x00	; 0
    3daa:	69 f7       	brne	.-38     	; 0x3d86 <AMMETER_firstRange+0x164>
    3dac:	14 c0       	rjmp	.+40     	; 0x3dd6 <AMMETER_firstRange+0x1b4>
			__ticks --;
		}
		return;
	}
	else
		__ticks = (uint16_t)__tmp;
    3dae:	6f 81       	ldd	r22, Y+7	; 0x07
    3db0:	78 85       	ldd	r23, Y+8	; 0x08
    3db2:	89 85       	ldd	r24, Y+9	; 0x09
    3db4:	9a 85       	ldd	r25, Y+10	; 0x0a
    3db6:	0e 94 49 00 	call	0x92	; 0x92 <__fixunssfsi>
    3dba:	dc 01       	movw	r26, r24
    3dbc:	cb 01       	movw	r24, r22
    3dbe:	9e 83       	std	Y+6, r25	; 0x06
    3dc0:	8d 83       	std	Y+5, r24	; 0x05
    3dc2:	8d 81       	ldd	r24, Y+5	; 0x05
    3dc4:	9e 81       	ldd	r25, Y+6	; 0x06
    3dc6:	9a 83       	std	Y+2, r25	; 0x02
    3dc8:	89 83       	std	Y+1, r24	; 0x01
    3dca:	89 81       	ldd	r24, Y+1	; 0x01
    3dcc:	9a 81       	ldd	r25, Y+2	; 0x02
    3dce:	01 97       	sbiw	r24, 0x01	; 1
    3dd0:	f1 f7       	brne	.-4      	; 0x3dce <AMMETER_firstRange+0x1ac>
    3dd2:	9a 83       	std	Y+2, r25	; 0x02
    3dd4:	89 83       	std	Y+1, r24	; 0x01
	_delay_ms(500);
	}

	if(g_reset == 1)
    3dd6:	80 91 bb 02 	lds	r24, 0x02BB
    3dda:	81 30       	cpi	r24, 0x01	; 1
    3ddc:	09 f0       	breq	.+2      	; 0x3de0 <AMMETER_firstRange+0x1be>
    3dde:	38 cf       	rjmp	.-400    	; 0x3c50 <AMMETER_firstRange+0x2e>
	{
		g_reset =0;
    3de0:	10 92 bb 02 	sts	0x02BB, r1
		GPIO_writePin(PORTC_ID, PIN6_ID, LOGIC_LOW);
    3de4:	82 e0       	ldi	r24, 0x02	; 2
    3de6:	66 e0       	ldi	r22, 0x06	; 6
    3de8:	40 e0       	ldi	r20, 0x00	; 0
    3dea:	0e 94 65 25 	call	0x4aca	; 0x4aca <GPIO_writePin>
		LCD_clearScreen();
    3dee:	0e 94 62 33 	call	0x66c4	; 0x66c4 <LCD_clearScreen>
		break;
	}

	}

}
    3df2:	64 96       	adiw	r28, 0x14	; 20
    3df4:	0f b6       	in	r0, 0x3f	; 63
    3df6:	f8 94       	cli
    3df8:	de bf       	out	0x3e, r29	; 62
    3dfa:	0f be       	out	0x3f, r0	; 63
    3dfc:	cd bf       	out	0x3d, r28	; 61
    3dfe:	cf 91       	pop	r28
    3e00:	df 91       	pop	r29
    3e02:	08 95       	ret

00003e04 <AMMMETER_secondRange>:
void AMMMETER_secondRange(void)
{
    3e04:	df 93       	push	r29
    3e06:	cf 93       	push	r28
    3e08:	cd b7       	in	r28, 0x3d	; 61
    3e0a:	de b7       	in	r29, 0x3e	; 62
    3e0c:	a2 97       	sbiw	r28, 0x22	; 34
    3e0e:	0f b6       	in	r0, 0x3f	; 63
    3e10:	f8 94       	cli
    3e12:	de bf       	out	0x3e, r29	; 62
    3e14:	0f be       	out	0x3f, r0	; 63
    3e16:	cd bf       	out	0x3d, r28	; 61
	g_ammMeterEnter = 1;
    3e18:	81 e0       	ldi	r24, 0x01	; 1
    3e1a:	80 93 bc 02 	sts	0x02BC, r24
	uint16 a_valueReadByAdc;
	float32 a_currentValue;
	GPIO_writePin(PORTC_ID, PIN6_ID, LOGIC_HIGH);
    3e1e:	82 e0       	ldi	r24, 0x02	; 2
    3e20:	66 e0       	ldi	r22, 0x06	; 6
    3e22:	41 e0       	ldi	r20, 0x01	; 1
    3e24:	0e 94 65 25 	call	0x4aca	; 0x4aca <GPIO_writePin>
	GPIO_writePin(PORTB_ID,PIN7_ID, LOGIC_LOW);
    3e28:	81 e0       	ldi	r24, 0x01	; 1
    3e2a:	67 e0       	ldi	r22, 0x07	; 7
    3e2c:	40 e0       	ldi	r20, 0x00	; 0
    3e2e:	0e 94 65 25 	call	0x4aca	; 0x4aca <GPIO_writePin>

	while(1)
	{

	a_valueReadByAdc=ADC_readChannel(ADC5);
    3e32:	85 e0       	ldi	r24, 0x05	; 5
    3e34:	0e 94 c3 1d 	call	0x3b86	; 0x3b86 <ADC_readChannel>
    3e38:	9a a3       	std	Y+34, r25	; 0x22
    3e3a:	89 a3       	std	Y+33, r24	; 0x21

	a_currentValue = (((( a_valueReadByAdc - 96.1 )*9)/8650) + 0.1) ;
    3e3c:	89 a1       	ldd	r24, Y+33	; 0x21
    3e3e:	9a a1       	ldd	r25, Y+34	; 0x22
    3e40:	cc 01       	movw	r24, r24
    3e42:	a0 e0       	ldi	r26, 0x00	; 0
    3e44:	b0 e0       	ldi	r27, 0x00	; 0
    3e46:	bc 01       	movw	r22, r24
    3e48:	cd 01       	movw	r24, r26
    3e4a:	0e 94 a9 04 	call	0x952	; 0x952 <__floatunsisf>
    3e4e:	dc 01       	movw	r26, r24
    3e50:	cb 01       	movw	r24, r22
    3e52:	bc 01       	movw	r22, r24
    3e54:	cd 01       	movw	r24, r26
    3e56:	23 e3       	ldi	r18, 0x33	; 51
    3e58:	33 e3       	ldi	r19, 0x33	; 51
    3e5a:	40 ec       	ldi	r20, 0xC0	; 192
    3e5c:	52 e4       	ldi	r21, 0x42	; 66
    3e5e:	0e 94 c1 01 	call	0x382	; 0x382 <__subsf3>
    3e62:	dc 01       	movw	r26, r24
    3e64:	cb 01       	movw	r24, r22
    3e66:	bc 01       	movw	r22, r24
    3e68:	cd 01       	movw	r24, r26
    3e6a:	20 e0       	ldi	r18, 0x00	; 0
    3e6c:	30 e0       	ldi	r19, 0x00	; 0
    3e6e:	40 e1       	ldi	r20, 0x10	; 16
    3e70:	51 e4       	ldi	r21, 0x41	; 65
    3e72:	0e 94 1f 02 	call	0x43e	; 0x43e <__mulsf3>
    3e76:	dc 01       	movw	r26, r24
    3e78:	cb 01       	movw	r24, r22
    3e7a:	bc 01       	movw	r22, r24
    3e7c:	cd 01       	movw	r24, r26
    3e7e:	20 e0       	ldi	r18, 0x00	; 0
    3e80:	38 e2       	ldi	r19, 0x28	; 40
    3e82:	47 e0       	ldi	r20, 0x07	; 7
    3e84:	56 e4       	ldi	r21, 0x46	; 70
    3e86:	0e 94 19 03 	call	0x632	; 0x632 <__divsf3>
    3e8a:	dc 01       	movw	r26, r24
    3e8c:	cb 01       	movw	r24, r22
    3e8e:	bc 01       	movw	r22, r24
    3e90:	cd 01       	movw	r24, r26
    3e92:	2d ec       	ldi	r18, 0xCD	; 205
    3e94:	3c ec       	ldi	r19, 0xCC	; 204
    3e96:	4c ec       	ldi	r20, 0xCC	; 204
    3e98:	5d e3       	ldi	r21, 0x3D	; 61
    3e9a:	0e 94 f2 01 	call	0x3e4	; 0x3e4 <__addsf3>
    3e9e:	dc 01       	movw	r26, r24
    3ea0:	cb 01       	movw	r24, r22
    3ea2:	8d 8f       	std	Y+29, r24	; 0x1d
    3ea4:	9e 8f       	std	Y+30, r25	; 0x1e
    3ea6:	af 8f       	std	Y+31, r26	; 0x1f
    3ea8:	b8 a3       	std	Y+32, r27	; 0x20

	if(g_reset == 1)
    3eaa:	80 91 bb 02 	lds	r24, 0x02BB
    3eae:	81 30       	cpi	r24, 0x01	; 1
    3eb0:	51 f4       	brne	.+20     	; 0x3ec6 <AMMMETER_secondRange+0xc2>
	{
		g_reset =0;
    3eb2:	10 92 bb 02 	sts	0x02BB, r1
		GPIO_writePin(PORTC_ID, PIN6_ID, LOGIC_LOW);
    3eb6:	82 e0       	ldi	r24, 0x02	; 2
    3eb8:	66 e0       	ldi	r22, 0x06	; 6
    3eba:	40 e0       	ldi	r20, 0x00	; 0
    3ebc:	0e 94 65 25 	call	0x4aca	; 0x4aca <GPIO_writePin>
		LCD_clearScreen();
    3ec0:	0e 94 62 33 	call	0x66c4	; 0x66c4 <LCD_clearScreen>
    3ec4:	39 c1       	rjmp	.+626    	; 0x4138 <AMMMETER_secondRange+0x334>

	}



	if((a_valueReadByAdc > 94 ) && (a_valueReadByAdc < 940 ))
    3ec6:	89 a1       	ldd	r24, Y+33	; 0x21
    3ec8:	9a a1       	ldd	r25, Y+34	; 0x22
    3eca:	8f 35       	cpi	r24, 0x5F	; 95
    3ecc:	91 05       	cpc	r25, r1
    3ece:	08 f4       	brcc	.+2      	; 0x3ed2 <AMMMETER_secondRange+0xce>
    3ed0:	9c c0       	rjmp	.+312    	; 0x400a <AMMMETER_secondRange+0x206>
    3ed2:	89 a1       	ldd	r24, Y+33	; 0x21
    3ed4:	9a a1       	ldd	r25, Y+34	; 0x22
    3ed6:	23 e0       	ldi	r18, 0x03	; 3
    3ed8:	8c 3a       	cpi	r24, 0xAC	; 172
    3eda:	92 07       	cpc	r25, r18
    3edc:	08 f0       	brcs	.+2      	; 0x3ee0 <AMMMETER_secondRange+0xdc>
    3ede:	95 c0       	rjmp	.+298    	; 0x400a <AMMMETER_secondRange+0x206>
	{
		a_currentValue = a_currentValue*1000;
    3ee0:	6d 8d       	ldd	r22, Y+29	; 0x1d
    3ee2:	7e 8d       	ldd	r23, Y+30	; 0x1e
    3ee4:	8f 8d       	ldd	r24, Y+31	; 0x1f
    3ee6:	98 a1       	ldd	r25, Y+32	; 0x20
    3ee8:	20 e0       	ldi	r18, 0x00	; 0
    3eea:	30 e0       	ldi	r19, 0x00	; 0
    3eec:	4a e7       	ldi	r20, 0x7A	; 122
    3eee:	54 e4       	ldi	r21, 0x44	; 68
    3ef0:	0e 94 1f 02 	call	0x43e	; 0x43e <__mulsf3>
    3ef4:	dc 01       	movw	r26, r24
    3ef6:	cb 01       	movw	r24, r22
    3ef8:	8d 8f       	std	Y+29, r24	; 0x1d
    3efa:	9e 8f       	std	Y+30, r25	; 0x1e
    3efc:	af 8f       	std	Y+31, r26	; 0x1f
    3efe:	b8 a3       	std	Y+32, r27	; 0x20
	LCD_clearScreen();
    3f00:	0e 94 62 33 	call	0x66c4	; 0x66c4 <LCD_clearScreen>
	LCD_moveCursor(1,1);
    3f04:	81 e0       	ldi	r24, 0x01	; 1
    3f06:	61 e0       	ldi	r22, 0x01	; 1
    3f08:	0e 94 e2 32 	call	0x65c4	; 0x65c4 <LCD_moveCursor>
	LCD_floatToString(a_currentValue);
    3f0c:	8d 8d       	ldd	r24, Y+29	; 0x1d
    3f0e:	9e 8d       	ldd	r25, Y+30	; 0x1e
    3f10:	af 8d       	ldd	r26, Y+31	; 0x1f
    3f12:	b8 a1       	ldd	r27, Y+32	; 0x20
    3f14:	bc 01       	movw	r22, r24
    3f16:	cd 01       	movw	r24, r26
    3f18:	0e 94 66 34 	call	0x68cc	; 0x68cc <LCD_floatToString>
	LCD_displayString(" mA");
    3f1c:	8d e9       	ldi	r24, 0x9D	; 157
    3f1e:	91 e0       	ldi	r25, 0x01	; 1
    3f20:	0e 94 bf 32 	call	0x657e	; 0x657e <LCD_displayString>
    3f24:	80 e0       	ldi	r24, 0x00	; 0
    3f26:	90 e0       	ldi	r25, 0x00	; 0
    3f28:	aa ef       	ldi	r26, 0xFA	; 250
    3f2a:	b3 e4       	ldi	r27, 0x43	; 67
    3f2c:	89 8f       	std	Y+25, r24	; 0x19
    3f2e:	9a 8f       	std	Y+26, r25	; 0x1a
    3f30:	ab 8f       	std	Y+27, r26	; 0x1b
    3f32:	bc 8f       	std	Y+28, r27	; 0x1c
 */
void
_delay_ms(double __ms)
{
	uint16_t __ticks;
	double __tmp = ((F_CPU) / 4e3) * __ms;
    3f34:	69 8d       	ldd	r22, Y+25	; 0x19
    3f36:	7a 8d       	ldd	r23, Y+26	; 0x1a
    3f38:	8b 8d       	ldd	r24, Y+27	; 0x1b
    3f3a:	9c 8d       	ldd	r25, Y+28	; 0x1c
    3f3c:	20 e0       	ldi	r18, 0x00	; 0
    3f3e:	30 e0       	ldi	r19, 0x00	; 0
    3f40:	4a e7       	ldi	r20, 0x7A	; 122
    3f42:	53 e4       	ldi	r21, 0x43	; 67
    3f44:	0e 94 1f 02 	call	0x43e	; 0x43e <__mulsf3>
    3f48:	dc 01       	movw	r26, r24
    3f4a:	cb 01       	movw	r24, r22
    3f4c:	8d 8b       	std	Y+21, r24	; 0x15
    3f4e:	9e 8b       	std	Y+22, r25	; 0x16
    3f50:	af 8b       	std	Y+23, r26	; 0x17
    3f52:	b8 8f       	std	Y+24, r27	; 0x18
	if (__tmp < 1.0)
    3f54:	6d 89       	ldd	r22, Y+21	; 0x15
    3f56:	7e 89       	ldd	r23, Y+22	; 0x16
    3f58:	8f 89       	ldd	r24, Y+23	; 0x17
    3f5a:	98 8d       	ldd	r25, Y+24	; 0x18
    3f5c:	20 e0       	ldi	r18, 0x00	; 0
    3f5e:	30 e0       	ldi	r19, 0x00	; 0
    3f60:	40 e8       	ldi	r20, 0x80	; 128
    3f62:	5f e3       	ldi	r21, 0x3F	; 63
    3f64:	0e 94 25 04 	call	0x84a	; 0x84a <__ltsf2>
    3f68:	88 23       	and	r24, r24
    3f6a:	2c f4       	brge	.+10     	; 0x3f76 <AMMMETER_secondRange+0x172>
		__ticks = 1;
    3f6c:	81 e0       	ldi	r24, 0x01	; 1
    3f6e:	90 e0       	ldi	r25, 0x00	; 0
    3f70:	9c 8b       	std	Y+20, r25	; 0x14
    3f72:	8b 8b       	std	Y+19, r24	; 0x13
    3f74:	3f c0       	rjmp	.+126    	; 0x3ff4 <AMMMETER_secondRange+0x1f0>
	else if (__tmp > 65535)
    3f76:	6d 89       	ldd	r22, Y+21	; 0x15
    3f78:	7e 89       	ldd	r23, Y+22	; 0x16
    3f7a:	8f 89       	ldd	r24, Y+23	; 0x17
    3f7c:	98 8d       	ldd	r25, Y+24	; 0x18
    3f7e:	20 e0       	ldi	r18, 0x00	; 0
    3f80:	3f ef       	ldi	r19, 0xFF	; 255
    3f82:	4f e7       	ldi	r20, 0x7F	; 127
    3f84:	57 e4       	ldi	r21, 0x47	; 71
    3f86:	0e 94 c5 03 	call	0x78a	; 0x78a <__gtsf2>
    3f8a:	18 16       	cp	r1, r24
    3f8c:	4c f5       	brge	.+82     	; 0x3fe0 <AMMMETER_secondRange+0x1dc>
	{
		//	__ticks = requested delay in 1/10 ms
		__ticks = (uint16_t) (__ms * 10.0);
    3f8e:	69 8d       	ldd	r22, Y+25	; 0x19
    3f90:	7a 8d       	ldd	r23, Y+26	; 0x1a
    3f92:	8b 8d       	ldd	r24, Y+27	; 0x1b
    3f94:	9c 8d       	ldd	r25, Y+28	; 0x1c
    3f96:	20 e0       	ldi	r18, 0x00	; 0
    3f98:	30 e0       	ldi	r19, 0x00	; 0
    3f9a:	40 e2       	ldi	r20, 0x20	; 32
    3f9c:	51 e4       	ldi	r21, 0x41	; 65
    3f9e:	0e 94 1f 02 	call	0x43e	; 0x43e <__mulsf3>
    3fa2:	dc 01       	movw	r26, r24
    3fa4:	cb 01       	movw	r24, r22
    3fa6:	bc 01       	movw	r22, r24
    3fa8:	cd 01       	movw	r24, r26
    3faa:	0e 94 49 00 	call	0x92	; 0x92 <__fixunssfsi>
    3fae:	dc 01       	movw	r26, r24
    3fb0:	cb 01       	movw	r24, r22
    3fb2:	9c 8b       	std	Y+20, r25	; 0x14
    3fb4:	8b 8b       	std	Y+19, r24	; 0x13
    3fb6:	0f c0       	rjmp	.+30     	; 0x3fd6 <AMMMETER_secondRange+0x1d2>
    3fb8:	89 e1       	ldi	r24, 0x19	; 25
    3fba:	90 e0       	ldi	r25, 0x00	; 0
    3fbc:	9a 8b       	std	Y+18, r25	; 0x12
    3fbe:	89 8b       	std	Y+17, r24	; 0x11
    3fc0:	89 89       	ldd	r24, Y+17	; 0x11
    3fc2:	9a 89       	ldd	r25, Y+18	; 0x12
    3fc4:	01 97       	sbiw	r24, 0x01	; 1
    3fc6:	f1 f7       	brne	.-4      	; 0x3fc4 <AMMMETER_secondRange+0x1c0>
    3fc8:	9a 8b       	std	Y+18, r25	; 0x12
    3fca:	89 8b       	std	Y+17, r24	; 0x11
		while(__ticks)
		{
			// wait 1/10 ms
			_delay_loop_2(((F_CPU) / 4e3) / 10);
			__ticks --;
    3fcc:	8b 89       	ldd	r24, Y+19	; 0x13
    3fce:	9c 89       	ldd	r25, Y+20	; 0x14
    3fd0:	01 97       	sbiw	r24, 0x01	; 1
    3fd2:	9c 8b       	std	Y+20, r25	; 0x14
    3fd4:	8b 8b       	std	Y+19, r24	; 0x13
		__ticks = 1;
	else if (__tmp > 65535)
	{
		//	__ticks = requested delay in 1/10 ms
		__ticks = (uint16_t) (__ms * 10.0);
		while(__ticks)
    3fd6:	8b 89       	ldd	r24, Y+19	; 0x13
    3fd8:	9c 89       	ldd	r25, Y+20	; 0x14
    3fda:	00 97       	sbiw	r24, 0x00	; 0
    3fdc:	69 f7       	brne	.-38     	; 0x3fb8 <AMMMETER_secondRange+0x1b4>
    3fde:	a0 c0       	rjmp	.+320    	; 0x4120 <AMMMETER_secondRange+0x31c>
			__ticks --;
		}
		return;
	}
	else
		__ticks = (uint16_t)__tmp;
    3fe0:	6d 89       	ldd	r22, Y+21	; 0x15
    3fe2:	7e 89       	ldd	r23, Y+22	; 0x16
    3fe4:	8f 89       	ldd	r24, Y+23	; 0x17
    3fe6:	98 8d       	ldd	r25, Y+24	; 0x18
    3fe8:	0e 94 49 00 	call	0x92	; 0x92 <__fixunssfsi>
    3fec:	dc 01       	movw	r26, r24
    3fee:	cb 01       	movw	r24, r22
    3ff0:	9c 8b       	std	Y+20, r25	; 0x14
    3ff2:	8b 8b       	std	Y+19, r24	; 0x13
    3ff4:	8b 89       	ldd	r24, Y+19	; 0x13
    3ff6:	9c 89       	ldd	r25, Y+20	; 0x14
    3ff8:	98 8b       	std	Y+16, r25	; 0x10
    3ffa:	8f 87       	std	Y+15, r24	; 0x0f
    3ffc:	8f 85       	ldd	r24, Y+15	; 0x0f
    3ffe:	98 89       	ldd	r25, Y+16	; 0x10
    4000:	01 97       	sbiw	r24, 0x01	; 1
    4002:	f1 f7       	brne	.-4      	; 0x4000 <AMMMETER_secondRange+0x1fc>
    4004:	98 8b       	std	Y+16, r25	; 0x10
    4006:	8f 87       	std	Y+15, r24	; 0x0f
    4008:	8b c0       	rjmp	.+278    	; 0x4120 <AMMMETER_secondRange+0x31c>
	_delay_ms(500);
	}
	else if(a_valueReadByAdc > 960)
    400a:	89 a1       	ldd	r24, Y+33	; 0x21
    400c:	9a a1       	ldd	r25, Y+34	; 0x22
    400e:	23 e0       	ldi	r18, 0x03	; 3
    4010:	81 3c       	cpi	r24, 0xC1	; 193
    4012:	92 07       	cpc	r25, r18
    4014:	08 f4       	brcc	.+2      	; 0x4018 <AMMMETER_secondRange+0x214>
    4016:	84 c0       	rjmp	.+264    	; 0x4120 <AMMMETER_secondRange+0x31c>
	{
		LCD_clearScreen();
    4018:	0e 94 62 33 	call	0x66c4	; 0x66c4 <LCD_clearScreen>
		LCD_moveCursor(1,1);
    401c:	81 e0       	ldi	r24, 0x01	; 1
    401e:	61 e0       	ldi	r22, 0x01	; 1
    4020:	0e 94 e2 32 	call	0x65c4	; 0x65c4 <LCD_moveCursor>
		LCD_floatToString(a_currentValue);
    4024:	8d 8d       	ldd	r24, Y+29	; 0x1d
    4026:	9e 8d       	ldd	r25, Y+30	; 0x1e
    4028:	af 8d       	ldd	r26, Y+31	; 0x1f
    402a:	b8 a1       	ldd	r27, Y+32	; 0x20
    402c:	bc 01       	movw	r22, r24
    402e:	cd 01       	movw	r24, r26
    4030:	0e 94 66 34 	call	0x68cc	; 0x68cc <LCD_floatToString>
		LCD_displayString(" A");
    4034:	81 ea       	ldi	r24, 0xA1	; 161
    4036:	91 e0       	ldi	r25, 0x01	; 1
    4038:	0e 94 bf 32 	call	0x657e	; 0x657e <LCD_displayString>
    403c:	80 e0       	ldi	r24, 0x00	; 0
    403e:	90 e0       	ldi	r25, 0x00	; 0
    4040:	aa ef       	ldi	r26, 0xFA	; 250
    4042:	b3 e4       	ldi	r27, 0x43	; 67
    4044:	8b 87       	std	Y+11, r24	; 0x0b
    4046:	9c 87       	std	Y+12, r25	; 0x0c
    4048:	ad 87       	std	Y+13, r26	; 0x0d
    404a:	be 87       	std	Y+14, r27	; 0x0e
 */
void
_delay_ms(double __ms)
{
	uint16_t __ticks;
	double __tmp = ((F_CPU) / 4e3) * __ms;
    404c:	6b 85       	ldd	r22, Y+11	; 0x0b
    404e:	7c 85       	ldd	r23, Y+12	; 0x0c
    4050:	8d 85       	ldd	r24, Y+13	; 0x0d
    4052:	9e 85       	ldd	r25, Y+14	; 0x0e
    4054:	20 e0       	ldi	r18, 0x00	; 0
    4056:	30 e0       	ldi	r19, 0x00	; 0
    4058:	4a e7       	ldi	r20, 0x7A	; 122
    405a:	53 e4       	ldi	r21, 0x43	; 67
    405c:	0e 94 1f 02 	call	0x43e	; 0x43e <__mulsf3>
    4060:	dc 01       	movw	r26, r24
    4062:	cb 01       	movw	r24, r22
    4064:	8f 83       	std	Y+7, r24	; 0x07
    4066:	98 87       	std	Y+8, r25	; 0x08
    4068:	a9 87       	std	Y+9, r26	; 0x09
    406a:	ba 87       	std	Y+10, r27	; 0x0a
	if (__tmp < 1.0)
    406c:	6f 81       	ldd	r22, Y+7	; 0x07
    406e:	78 85       	ldd	r23, Y+8	; 0x08
    4070:	89 85       	ldd	r24, Y+9	; 0x09
    4072:	9a 85       	ldd	r25, Y+10	; 0x0a
    4074:	20 e0       	ldi	r18, 0x00	; 0
    4076:	30 e0       	ldi	r19, 0x00	; 0
    4078:	40 e8       	ldi	r20, 0x80	; 128
    407a:	5f e3       	ldi	r21, 0x3F	; 63
    407c:	0e 94 25 04 	call	0x84a	; 0x84a <__ltsf2>
    4080:	88 23       	and	r24, r24
    4082:	2c f4       	brge	.+10     	; 0x408e <AMMMETER_secondRange+0x28a>
		__ticks = 1;
    4084:	81 e0       	ldi	r24, 0x01	; 1
    4086:	90 e0       	ldi	r25, 0x00	; 0
    4088:	9e 83       	std	Y+6, r25	; 0x06
    408a:	8d 83       	std	Y+5, r24	; 0x05
    408c:	3f c0       	rjmp	.+126    	; 0x410c <AMMMETER_secondRange+0x308>
	else if (__tmp > 65535)
    408e:	6f 81       	ldd	r22, Y+7	; 0x07
    4090:	78 85       	ldd	r23, Y+8	; 0x08
    4092:	89 85       	ldd	r24, Y+9	; 0x09
    4094:	9a 85       	ldd	r25, Y+10	; 0x0a
    4096:	20 e0       	ldi	r18, 0x00	; 0
    4098:	3f ef       	ldi	r19, 0xFF	; 255
    409a:	4f e7       	ldi	r20, 0x7F	; 127
    409c:	57 e4       	ldi	r21, 0x47	; 71
    409e:	0e 94 c5 03 	call	0x78a	; 0x78a <__gtsf2>
    40a2:	18 16       	cp	r1, r24
    40a4:	4c f5       	brge	.+82     	; 0x40f8 <AMMMETER_secondRange+0x2f4>
	{
		//	__ticks = requested delay in 1/10 ms
		__ticks = (uint16_t) (__ms * 10.0);
    40a6:	6b 85       	ldd	r22, Y+11	; 0x0b
    40a8:	7c 85       	ldd	r23, Y+12	; 0x0c
    40aa:	8d 85       	ldd	r24, Y+13	; 0x0d
    40ac:	9e 85       	ldd	r25, Y+14	; 0x0e
    40ae:	20 e0       	ldi	r18, 0x00	; 0
    40b0:	30 e0       	ldi	r19, 0x00	; 0
    40b2:	40 e2       	ldi	r20, 0x20	; 32
    40b4:	51 e4       	ldi	r21, 0x41	; 65
    40b6:	0e 94 1f 02 	call	0x43e	; 0x43e <__mulsf3>
    40ba:	dc 01       	movw	r26, r24
    40bc:	cb 01       	movw	r24, r22
    40be:	bc 01       	movw	r22, r24
    40c0:	cd 01       	movw	r24, r26
    40c2:	0e 94 49 00 	call	0x92	; 0x92 <__fixunssfsi>
    40c6:	dc 01       	movw	r26, r24
    40c8:	cb 01       	movw	r24, r22
    40ca:	9e 83       	std	Y+6, r25	; 0x06
    40cc:	8d 83       	std	Y+5, r24	; 0x05
    40ce:	0f c0       	rjmp	.+30     	; 0x40ee <AMMMETER_secondRange+0x2ea>
    40d0:	89 e1       	ldi	r24, 0x19	; 25
    40d2:	90 e0       	ldi	r25, 0x00	; 0
    40d4:	9c 83       	std	Y+4, r25	; 0x04
    40d6:	8b 83       	std	Y+3, r24	; 0x03
    40d8:	8b 81       	ldd	r24, Y+3	; 0x03
    40da:	9c 81       	ldd	r25, Y+4	; 0x04
    40dc:	01 97       	sbiw	r24, 0x01	; 1
    40de:	f1 f7       	brne	.-4      	; 0x40dc <AMMMETER_secondRange+0x2d8>
    40e0:	9c 83       	std	Y+4, r25	; 0x04
    40e2:	8b 83       	std	Y+3, r24	; 0x03
		while(__ticks)
		{
			// wait 1/10 ms
			_delay_loop_2(((F_CPU) / 4e3) / 10);
			__ticks --;
    40e4:	8d 81       	ldd	r24, Y+5	; 0x05
    40e6:	9e 81       	ldd	r25, Y+6	; 0x06
    40e8:	01 97       	sbiw	r24, 0x01	; 1
    40ea:	9e 83       	std	Y+6, r25	; 0x06
    40ec:	8d 83       	std	Y+5, r24	; 0x05
		__ticks = 1;
	else if (__tmp > 65535)
	{
		//	__ticks = requested delay in 1/10 ms
		__ticks = (uint16_t) (__ms * 10.0);
		while(__ticks)
    40ee:	8d 81       	ldd	r24, Y+5	; 0x05
    40f0:	9e 81       	ldd	r25, Y+6	; 0x06
    40f2:	00 97       	sbiw	r24, 0x00	; 0
    40f4:	69 f7       	brne	.-38     	; 0x40d0 <AMMMETER_secondRange+0x2cc>
    40f6:	14 c0       	rjmp	.+40     	; 0x4120 <AMMMETER_secondRange+0x31c>
			__ticks --;
		}
		return;
	}
	else
		__ticks = (uint16_t)__tmp;
    40f8:	6f 81       	ldd	r22, Y+7	; 0x07
    40fa:	78 85       	ldd	r23, Y+8	; 0x08
    40fc:	89 85       	ldd	r24, Y+9	; 0x09
    40fe:	9a 85       	ldd	r25, Y+10	; 0x0a
    4100:	0e 94 49 00 	call	0x92	; 0x92 <__fixunssfsi>
    4104:	dc 01       	movw	r26, r24
    4106:	cb 01       	movw	r24, r22
    4108:	9e 83       	std	Y+6, r25	; 0x06
    410a:	8d 83       	std	Y+5, r24	; 0x05
    410c:	8d 81       	ldd	r24, Y+5	; 0x05
    410e:	9e 81       	ldd	r25, Y+6	; 0x06
    4110:	9a 83       	std	Y+2, r25	; 0x02
    4112:	89 83       	std	Y+1, r24	; 0x01
    4114:	89 81       	ldd	r24, Y+1	; 0x01
    4116:	9a 81       	ldd	r25, Y+2	; 0x02
    4118:	01 97       	sbiw	r24, 0x01	; 1
    411a:	f1 f7       	brne	.-4      	; 0x4118 <AMMMETER_secondRange+0x314>
    411c:	9a 83       	std	Y+2, r25	; 0x02
    411e:	89 83       	std	Y+1, r24	; 0x01
		_delay_ms(500);
	}

	if(g_reset == 1)
    4120:	80 91 bb 02 	lds	r24, 0x02BB
    4124:	81 30       	cpi	r24, 0x01	; 1
    4126:	09 f0       	breq	.+2      	; 0x412a <AMMMETER_secondRange+0x326>
    4128:	84 ce       	rjmp	.-760    	; 0x3e32 <AMMMETER_secondRange+0x2e>
	{
		g_reset =0;
    412a:	10 92 bb 02 	sts	0x02BB, r1
		GPIO_writePin(PORTC_ID, PIN6_ID, LOGIC_LOW);
    412e:	82 e0       	ldi	r24, 0x02	; 2
    4130:	66 e0       	ldi	r22, 0x06	; 6
    4132:	40 e0       	ldi	r20, 0x00	; 0
    4134:	0e 94 65 25 	call	0x4aca	; 0x4aca <GPIO_writePin>
		break;
	}

	}

}
    4138:	a2 96       	adiw	r28, 0x22	; 34
    413a:	0f b6       	in	r0, 0x3f	; 63
    413c:	f8 94       	cli
    413e:	de bf       	out	0x3e, r29	; 62
    4140:	0f be       	out	0x3f, r0	; 63
    4142:	cd bf       	out	0x3d, r28	; 61
    4144:	cf 91       	pop	r28
    4146:	df 91       	pop	r29
    4148:	08 95       	ret

0000414a <OHMMETER_init>:
 /* Indication that we entered the Ohmmeter circuit*/
 volatile uint8 g_ohmMeterEnter = 0;


void OHMMETER_init(void)
{
    414a:	df 93       	push	r29
    414c:	cf 93       	push	r28
    414e:	cd b7       	in	r28, 0x3d	; 61
    4150:	de b7       	in	r29, 0x3e	; 62
	GPIO_setupPinDirection(PORTB_ID, PIN5_ID, PIN_OUTPUT);
    4152:	81 e0       	ldi	r24, 0x01	; 1
    4154:	65 e0       	ldi	r22, 0x05	; 5
    4156:	41 e0       	ldi	r20, 0x01	; 1
    4158:	0e 94 6b 24 	call	0x48d6	; 0x48d6 <GPIO_setupPinDirection>
	GPIO_setupPinDirection(PORTB_ID, PIN6_ID, PIN_OUTPUT);
    415c:	81 e0       	ldi	r24, 0x01	; 1
    415e:	66 e0       	ldi	r22, 0x06	; 6
    4160:	41 e0       	ldi	r20, 0x01	; 1
    4162:	0e 94 6b 24 	call	0x48d6	; 0x48d6 <GPIO_setupPinDirection>
	/********************Led pin *************************/
	GPIO_setupPinDirection(PORTC_ID, PIN7_ID, PIN_OUTPUT);
    4166:	82 e0       	ldi	r24, 0x02	; 2
    4168:	67 e0       	ldi	r22, 0x07	; 7
    416a:	41 e0       	ldi	r20, 0x01	; 1
    416c:	0e 94 6b 24 	call	0x48d6	; 0x48d6 <GPIO_setupPinDirection>

}
    4170:	cf 91       	pop	r28
    4172:	df 91       	pop	r29
    4174:	08 95       	ret

00004176 <OHMMETER_firstRange>:

void OHMMETER_firstRange(void)
{
    4176:	df 93       	push	r29
    4178:	cf 93       	push	r28
    417a:	cd b7       	in	r28, 0x3d	; 61
    417c:	de b7       	in	r29, 0x3e	; 62
    417e:	e2 97       	sbiw	r28, 0x32	; 50
    4180:	0f b6       	in	r0, 0x3f	; 63
    4182:	f8 94       	cli
    4184:	de bf       	out	0x3e, r29	; 62
    4186:	0f be       	out	0x3f, r0	; 63
    4188:	cd bf       	out	0x3d, r28	; 61
	GPIO_writePin(PORTC_ID, PIN7_ID, LOGIC_HIGH);
    418a:	82 e0       	ldi	r24, 0x02	; 2
    418c:	67 e0       	ldi	r22, 0x07	; 7
    418e:	41 e0       	ldi	r20, 0x01	; 1
    4190:	0e 94 65 25 	call	0x4aca	; 0x4aca <GPIO_writePin>
	g_ohmMeterEnter=1;
    4194:	81 e0       	ldi	r24, 0x01	; 1
    4196:	80 93 bd 02 	sts	0x02BD, r24
	float32 voltValue;
	float32 resistValue;

	GPIO_writePin(PORTB_ID, PIN5_ID,LOGIC_LOW);
    419a:	81 e0       	ldi	r24, 0x01	; 1
    419c:	65 e0       	ldi	r22, 0x05	; 5
    419e:	40 e0       	ldi	r20, 0x00	; 0
    41a0:	0e 94 65 25 	call	0x4aca	; 0x4aca <GPIO_writePin>
	GPIO_writePin(PORTB_ID, PIN6_ID,LOGIC_LOW);
    41a4:	81 e0       	ldi	r24, 0x01	; 1
    41a6:	66 e0       	ldi	r22, 0x06	; 6
    41a8:	40 e0       	ldi	r20, 0x00	; 0
    41aa:	0e 94 65 25 	call	0x4aca	; 0x4aca <GPIO_writePin>


while(1)
{
LCD_moveCursor(1,1);
    41ae:	81 e0       	ldi	r24, 0x01	; 1
    41b0:	61 e0       	ldi	r22, 0x01	; 1
    41b2:	0e 94 e2 32 	call	0x65c4	; 0x65c4 <LCD_moveCursor>

voltValue= (ADC_readChannel(ADC4) / 1023.0)*5 ;
    41b6:	84 e0       	ldi	r24, 0x04	; 4
    41b8:	0e 94 c3 1d 	call	0x3b86	; 0x3b86 <ADC_readChannel>
    41bc:	cc 01       	movw	r24, r24
    41be:	a0 e0       	ldi	r26, 0x00	; 0
    41c0:	b0 e0       	ldi	r27, 0x00	; 0
    41c2:	bc 01       	movw	r22, r24
    41c4:	cd 01       	movw	r24, r26
    41c6:	0e 94 a9 04 	call	0x952	; 0x952 <__floatunsisf>
    41ca:	dc 01       	movw	r26, r24
    41cc:	cb 01       	movw	r24, r22
    41ce:	bc 01       	movw	r22, r24
    41d0:	cd 01       	movw	r24, r26
    41d2:	20 e0       	ldi	r18, 0x00	; 0
    41d4:	30 ec       	ldi	r19, 0xC0	; 192
    41d6:	4f e7       	ldi	r20, 0x7F	; 127
    41d8:	54 e4       	ldi	r21, 0x44	; 68
    41da:	0e 94 19 03 	call	0x632	; 0x632 <__divsf3>
    41de:	dc 01       	movw	r26, r24
    41e0:	cb 01       	movw	r24, r22
    41e2:	bc 01       	movw	r22, r24
    41e4:	cd 01       	movw	r24, r26
    41e6:	20 e0       	ldi	r18, 0x00	; 0
    41e8:	30 e0       	ldi	r19, 0x00	; 0
    41ea:	40 ea       	ldi	r20, 0xA0	; 160
    41ec:	50 e4       	ldi	r21, 0x40	; 64
    41ee:	0e 94 1f 02 	call	0x43e	; 0x43e <__mulsf3>
    41f2:	dc 01       	movw	r26, r24
    41f4:	cb 01       	movw	r24, r22
    41f6:	8f a7       	std	Y+47, r24	; 0x2f
    41f8:	98 ab       	std	Y+48, r25	; 0x30
    41fa:	a9 ab       	std	Y+49, r26	; 0x31
    41fc:	ba ab       	std	Y+50, r27	; 0x32
    41fe:	80 e0       	ldi	r24, 0x00	; 0
    4200:	90 e0       	ldi	r25, 0x00	; 0
    4202:	a8 ec       	ldi	r26, 0xC8	; 200
    4204:	b2 e4       	ldi	r27, 0x42	; 66
    4206:	8f a3       	std	Y+39, r24	; 0x27
    4208:	98 a7       	std	Y+40, r25	; 0x28
    420a:	a9 a7       	std	Y+41, r26	; 0x29
    420c:	ba a7       	std	Y+42, r27	; 0x2a
 */
void
_delay_ms(double __ms)
{
	uint16_t __ticks;
	double __tmp = ((F_CPU) / 4e3) * __ms;
    420e:	6f a1       	ldd	r22, Y+39	; 0x27
    4210:	78 a5       	ldd	r23, Y+40	; 0x28
    4212:	89 a5       	ldd	r24, Y+41	; 0x29
    4214:	9a a5       	ldd	r25, Y+42	; 0x2a
    4216:	20 e0       	ldi	r18, 0x00	; 0
    4218:	30 e0       	ldi	r19, 0x00	; 0
    421a:	4a e7       	ldi	r20, 0x7A	; 122
    421c:	53 e4       	ldi	r21, 0x43	; 67
    421e:	0e 94 1f 02 	call	0x43e	; 0x43e <__mulsf3>
    4222:	dc 01       	movw	r26, r24
    4224:	cb 01       	movw	r24, r22
    4226:	8b a3       	std	Y+35, r24	; 0x23
    4228:	9c a3       	std	Y+36, r25	; 0x24
    422a:	ad a3       	std	Y+37, r26	; 0x25
    422c:	be a3       	std	Y+38, r27	; 0x26
	if (__tmp < 1.0)
    422e:	6b a1       	ldd	r22, Y+35	; 0x23
    4230:	7c a1       	ldd	r23, Y+36	; 0x24
    4232:	8d a1       	ldd	r24, Y+37	; 0x25
    4234:	9e a1       	ldd	r25, Y+38	; 0x26
    4236:	20 e0       	ldi	r18, 0x00	; 0
    4238:	30 e0       	ldi	r19, 0x00	; 0
    423a:	40 e8       	ldi	r20, 0x80	; 128
    423c:	5f e3       	ldi	r21, 0x3F	; 63
    423e:	0e 94 25 04 	call	0x84a	; 0x84a <__ltsf2>
    4242:	88 23       	and	r24, r24
    4244:	2c f4       	brge	.+10     	; 0x4250 <OHMMETER_firstRange+0xda>
		__ticks = 1;
    4246:	81 e0       	ldi	r24, 0x01	; 1
    4248:	90 e0       	ldi	r25, 0x00	; 0
    424a:	9a a3       	std	Y+34, r25	; 0x22
    424c:	89 a3       	std	Y+33, r24	; 0x21
    424e:	3f c0       	rjmp	.+126    	; 0x42ce <OHMMETER_firstRange+0x158>
	else if (__tmp > 65535)
    4250:	6b a1       	ldd	r22, Y+35	; 0x23
    4252:	7c a1       	ldd	r23, Y+36	; 0x24
    4254:	8d a1       	ldd	r24, Y+37	; 0x25
    4256:	9e a1       	ldd	r25, Y+38	; 0x26
    4258:	20 e0       	ldi	r18, 0x00	; 0
    425a:	3f ef       	ldi	r19, 0xFF	; 255
    425c:	4f e7       	ldi	r20, 0x7F	; 127
    425e:	57 e4       	ldi	r21, 0x47	; 71
    4260:	0e 94 c5 03 	call	0x78a	; 0x78a <__gtsf2>
    4264:	18 16       	cp	r1, r24
    4266:	4c f5       	brge	.+82     	; 0x42ba <OHMMETER_firstRange+0x144>
	{
		//	__ticks = requested delay in 1/10 ms
		__ticks = (uint16_t) (__ms * 10.0);
    4268:	6f a1       	ldd	r22, Y+39	; 0x27
    426a:	78 a5       	ldd	r23, Y+40	; 0x28
    426c:	89 a5       	ldd	r24, Y+41	; 0x29
    426e:	9a a5       	ldd	r25, Y+42	; 0x2a
    4270:	20 e0       	ldi	r18, 0x00	; 0
    4272:	30 e0       	ldi	r19, 0x00	; 0
    4274:	40 e2       	ldi	r20, 0x20	; 32
    4276:	51 e4       	ldi	r21, 0x41	; 65
    4278:	0e 94 1f 02 	call	0x43e	; 0x43e <__mulsf3>
    427c:	dc 01       	movw	r26, r24
    427e:	cb 01       	movw	r24, r22
    4280:	bc 01       	movw	r22, r24
    4282:	cd 01       	movw	r24, r26
    4284:	0e 94 49 00 	call	0x92	; 0x92 <__fixunssfsi>
    4288:	dc 01       	movw	r26, r24
    428a:	cb 01       	movw	r24, r22
    428c:	9a a3       	std	Y+34, r25	; 0x22
    428e:	89 a3       	std	Y+33, r24	; 0x21
    4290:	0f c0       	rjmp	.+30     	; 0x42b0 <OHMMETER_firstRange+0x13a>
    4292:	89 e1       	ldi	r24, 0x19	; 25
    4294:	90 e0       	ldi	r25, 0x00	; 0
    4296:	98 a3       	std	Y+32, r25	; 0x20
    4298:	8f 8f       	std	Y+31, r24	; 0x1f
    429a:	8f 8d       	ldd	r24, Y+31	; 0x1f
    429c:	98 a1       	ldd	r25, Y+32	; 0x20
    429e:	01 97       	sbiw	r24, 0x01	; 1
    42a0:	f1 f7       	brne	.-4      	; 0x429e <OHMMETER_firstRange+0x128>
    42a2:	98 a3       	std	Y+32, r25	; 0x20
    42a4:	8f 8f       	std	Y+31, r24	; 0x1f
		while(__ticks)
		{
			// wait 1/10 ms
			_delay_loop_2(((F_CPU) / 4e3) / 10);
			__ticks --;
    42a6:	89 a1       	ldd	r24, Y+33	; 0x21
    42a8:	9a a1       	ldd	r25, Y+34	; 0x22
    42aa:	01 97       	sbiw	r24, 0x01	; 1
    42ac:	9a a3       	std	Y+34, r25	; 0x22
    42ae:	89 a3       	std	Y+33, r24	; 0x21
		__ticks = 1;
	else if (__tmp > 65535)
	{
		//	__ticks = requested delay in 1/10 ms
		__ticks = (uint16_t) (__ms * 10.0);
		while(__ticks)
    42b0:	89 a1       	ldd	r24, Y+33	; 0x21
    42b2:	9a a1       	ldd	r25, Y+34	; 0x22
    42b4:	00 97       	sbiw	r24, 0x00	; 0
    42b6:	69 f7       	brne	.-38     	; 0x4292 <OHMMETER_firstRange+0x11c>
    42b8:	14 c0       	rjmp	.+40     	; 0x42e2 <OHMMETER_firstRange+0x16c>
			__ticks --;
		}
		return;
	}
	else
		__ticks = (uint16_t)__tmp;
    42ba:	6b a1       	ldd	r22, Y+35	; 0x23
    42bc:	7c a1       	ldd	r23, Y+36	; 0x24
    42be:	8d a1       	ldd	r24, Y+37	; 0x25
    42c0:	9e a1       	ldd	r25, Y+38	; 0x26
    42c2:	0e 94 49 00 	call	0x92	; 0x92 <__fixunssfsi>
    42c6:	dc 01       	movw	r26, r24
    42c8:	cb 01       	movw	r24, r22
    42ca:	9a a3       	std	Y+34, r25	; 0x22
    42cc:	89 a3       	std	Y+33, r24	; 0x21
    42ce:	89 a1       	ldd	r24, Y+33	; 0x21
    42d0:	9a a1       	ldd	r25, Y+34	; 0x22
    42d2:	9e 8f       	std	Y+30, r25	; 0x1e
    42d4:	8d 8f       	std	Y+29, r24	; 0x1d
    42d6:	8d 8d       	ldd	r24, Y+29	; 0x1d
    42d8:	9e 8d       	ldd	r25, Y+30	; 0x1e
    42da:	01 97       	sbiw	r24, 0x01	; 1
    42dc:	f1 f7       	brne	.-4      	; 0x42da <OHMMETER_firstRange+0x164>
    42de:	9e 8f       	std	Y+30, r25	; 0x1e
    42e0:	8d 8f       	std	Y+29, r24	; 0x1d

_delay_ms(100);

resistValue = voltValue * ( (OHMMETERMUXRES + OHMMETERRES1 ) /(5-voltValue));
    42e2:	60 e0       	ldi	r22, 0x00	; 0
    42e4:	70 e0       	ldi	r23, 0x00	; 0
    42e6:	80 ea       	ldi	r24, 0xA0	; 160
    42e8:	90 e4       	ldi	r25, 0x40	; 64
    42ea:	2f a5       	ldd	r18, Y+47	; 0x2f
    42ec:	38 a9       	ldd	r19, Y+48	; 0x30
    42ee:	49 a9       	ldd	r20, Y+49	; 0x31
    42f0:	5a a9       	ldd	r21, Y+50	; 0x32
    42f2:	0e 94 c1 01 	call	0x382	; 0x382 <__subsf3>
    42f6:	dc 01       	movw	r26, r24
    42f8:	cb 01       	movw	r24, r22
    42fa:	9c 01       	movw	r18, r24
    42fc:	ad 01       	movw	r20, r26
    42fe:	60 e0       	ldi	r22, 0x00	; 0
    4300:	70 e8       	ldi	r23, 0x80	; 128
    4302:	80 e1       	ldi	r24, 0x10	; 16
    4304:	93 e4       	ldi	r25, 0x43	; 67
    4306:	0e 94 19 03 	call	0x632	; 0x632 <__divsf3>
    430a:	dc 01       	movw	r26, r24
    430c:	cb 01       	movw	r24, r22
    430e:	bc 01       	movw	r22, r24
    4310:	cd 01       	movw	r24, r26
    4312:	2f a5       	ldd	r18, Y+47	; 0x2f
    4314:	38 a9       	ldd	r19, Y+48	; 0x30
    4316:	49 a9       	ldd	r20, Y+49	; 0x31
    4318:	5a a9       	ldd	r21, Y+50	; 0x32
    431a:	0e 94 1f 02 	call	0x43e	; 0x43e <__mulsf3>
    431e:	dc 01       	movw	r26, r24
    4320:	cb 01       	movw	r24, r22
    4322:	8b a7       	std	Y+43, r24	; 0x2b
    4324:	9c a7       	std	Y+44, r25	; 0x2c
    4326:	ad a7       	std	Y+45, r26	; 0x2d
    4328:	be a7       	std	Y+46, r27	; 0x2e

if(g_reset == 1)
    432a:	80 91 bb 02 	lds	r24, 0x02BB
    432e:	81 30       	cpi	r24, 0x01	; 1
    4330:	51 f4       	brne	.+20     	; 0x4346 <OHMMETER_firstRange+0x1d0>
{
	g_reset =0;
    4332:	10 92 bb 02 	sts	0x02BB, r1
	GPIO_writePin(PORTC_ID, PIN7_ID, LOGIC_LOW);
    4336:	82 e0       	ldi	r24, 0x02	; 2
    4338:	67 e0       	ldi	r22, 0x07	; 7
    433a:	40 e0       	ldi	r20, 0x00	; 0
    433c:	0e 94 65 25 	call	0x4aca	; 0x4aca <GPIO_writePin>
	LCD_clearScreen();
    4340:	0e 94 62 33 	call	0x66c4	; 0x66c4 <LCD_clearScreen>
    4344:	2c c1       	rjmp	.+600    	; 0x459e <OHMMETER_firstRange+0x428>
	break;

}

if(resistValue > 1000)
    4346:	6b a5       	ldd	r22, Y+43	; 0x2b
    4348:	7c a5       	ldd	r23, Y+44	; 0x2c
    434a:	8d a5       	ldd	r24, Y+45	; 0x2d
    434c:	9e a5       	ldd	r25, Y+46	; 0x2e
    434e:	20 e0       	ldi	r18, 0x00	; 0
    4350:	30 e0       	ldi	r19, 0x00	; 0
    4352:	4a e7       	ldi	r20, 0x7A	; 122
    4354:	54 e4       	ldi	r21, 0x44	; 68
    4356:	0e 94 c5 03 	call	0x78a	; 0x78a <__gtsf2>
    435a:	18 16       	cp	r1, r24
    435c:	0c f0       	brlt	.+2      	; 0x4360 <OHMMETER_firstRange+0x1ea>
    435e:	91 c0       	rjmp	.+290    	; 0x4482 <OHMMETER_firstRange+0x30c>
{
	resistValue/=1000;
    4360:	6b a5       	ldd	r22, Y+43	; 0x2b
    4362:	7c a5       	ldd	r23, Y+44	; 0x2c
    4364:	8d a5       	ldd	r24, Y+45	; 0x2d
    4366:	9e a5       	ldd	r25, Y+46	; 0x2e
    4368:	20 e0       	ldi	r18, 0x00	; 0
    436a:	30 e0       	ldi	r19, 0x00	; 0
    436c:	4a e7       	ldi	r20, 0x7A	; 122
    436e:	54 e4       	ldi	r21, 0x44	; 68
    4370:	0e 94 19 03 	call	0x632	; 0x632 <__divsf3>
    4374:	dc 01       	movw	r26, r24
    4376:	cb 01       	movw	r24, r22
    4378:	8b a7       	std	Y+43, r24	; 0x2b
    437a:	9c a7       	std	Y+44, r25	; 0x2c
    437c:	ad a7       	std	Y+45, r26	; 0x2d
    437e:	be a7       	std	Y+46, r27	; 0x2e
	LCD_clearScreen();
    4380:	0e 94 62 33 	call	0x66c4	; 0x66c4 <LCD_clearScreen>
LCD_floatToString(resistValue);
    4384:	8b a5       	ldd	r24, Y+43	; 0x2b
    4386:	9c a5       	ldd	r25, Y+44	; 0x2c
    4388:	ad a5       	ldd	r26, Y+45	; 0x2d
    438a:	be a5       	ldd	r27, Y+46	; 0x2e
    438c:	bc 01       	movw	r22, r24
    438e:	cd 01       	movw	r24, r26
    4390:	0e 94 66 34 	call	0x68cc	; 0x68cc <LCD_floatToString>
LCD_displayString("kohm");
    4394:	84 ea       	ldi	r24, 0xA4	; 164
    4396:	91 e0       	ldi	r25, 0x01	; 1
    4398:	0e 94 bf 32 	call	0x657e	; 0x657e <LCD_displayString>
    439c:	80 e0       	ldi	r24, 0x00	; 0
    439e:	90 e0       	ldi	r25, 0x00	; 0
    43a0:	aa ef       	ldi	r26, 0xFA	; 250
    43a2:	b3 e4       	ldi	r27, 0x43	; 67
    43a4:	89 8f       	std	Y+25, r24	; 0x19
    43a6:	9a 8f       	std	Y+26, r25	; 0x1a
    43a8:	ab 8f       	std	Y+27, r26	; 0x1b
    43aa:	bc 8f       	std	Y+28, r27	; 0x1c
 */
void
_delay_ms(double __ms)
{
	uint16_t __ticks;
	double __tmp = ((F_CPU) / 4e3) * __ms;
    43ac:	69 8d       	ldd	r22, Y+25	; 0x19
    43ae:	7a 8d       	ldd	r23, Y+26	; 0x1a
    43b0:	8b 8d       	ldd	r24, Y+27	; 0x1b
    43b2:	9c 8d       	ldd	r25, Y+28	; 0x1c
    43b4:	20 e0       	ldi	r18, 0x00	; 0
    43b6:	30 e0       	ldi	r19, 0x00	; 0
    43b8:	4a e7       	ldi	r20, 0x7A	; 122
    43ba:	53 e4       	ldi	r21, 0x43	; 67
    43bc:	0e 94 1f 02 	call	0x43e	; 0x43e <__mulsf3>
    43c0:	dc 01       	movw	r26, r24
    43c2:	cb 01       	movw	r24, r22
    43c4:	8d 8b       	std	Y+21, r24	; 0x15
    43c6:	9e 8b       	std	Y+22, r25	; 0x16
    43c8:	af 8b       	std	Y+23, r26	; 0x17
    43ca:	b8 8f       	std	Y+24, r27	; 0x18
	if (__tmp < 1.0)
    43cc:	6d 89       	ldd	r22, Y+21	; 0x15
    43ce:	7e 89       	ldd	r23, Y+22	; 0x16
    43d0:	8f 89       	ldd	r24, Y+23	; 0x17
    43d2:	98 8d       	ldd	r25, Y+24	; 0x18
    43d4:	20 e0       	ldi	r18, 0x00	; 0
    43d6:	30 e0       	ldi	r19, 0x00	; 0
    43d8:	40 e8       	ldi	r20, 0x80	; 128
    43da:	5f e3       	ldi	r21, 0x3F	; 63
    43dc:	0e 94 25 04 	call	0x84a	; 0x84a <__ltsf2>
    43e0:	88 23       	and	r24, r24
    43e2:	2c f4       	brge	.+10     	; 0x43ee <OHMMETER_firstRange+0x278>
		__ticks = 1;
    43e4:	81 e0       	ldi	r24, 0x01	; 1
    43e6:	90 e0       	ldi	r25, 0x00	; 0
    43e8:	9c 8b       	std	Y+20, r25	; 0x14
    43ea:	8b 8b       	std	Y+19, r24	; 0x13
    43ec:	3f c0       	rjmp	.+126    	; 0x446c <OHMMETER_firstRange+0x2f6>
	else if (__tmp > 65535)
    43ee:	6d 89       	ldd	r22, Y+21	; 0x15
    43f0:	7e 89       	ldd	r23, Y+22	; 0x16
    43f2:	8f 89       	ldd	r24, Y+23	; 0x17
    43f4:	98 8d       	ldd	r25, Y+24	; 0x18
    43f6:	20 e0       	ldi	r18, 0x00	; 0
    43f8:	3f ef       	ldi	r19, 0xFF	; 255
    43fa:	4f e7       	ldi	r20, 0x7F	; 127
    43fc:	57 e4       	ldi	r21, 0x47	; 71
    43fe:	0e 94 c5 03 	call	0x78a	; 0x78a <__gtsf2>
    4402:	18 16       	cp	r1, r24
    4404:	4c f5       	brge	.+82     	; 0x4458 <OHMMETER_firstRange+0x2e2>
	{
		//	__ticks = requested delay in 1/10 ms
		__ticks = (uint16_t) (__ms * 10.0);
    4406:	69 8d       	ldd	r22, Y+25	; 0x19
    4408:	7a 8d       	ldd	r23, Y+26	; 0x1a
    440a:	8b 8d       	ldd	r24, Y+27	; 0x1b
    440c:	9c 8d       	ldd	r25, Y+28	; 0x1c
    440e:	20 e0       	ldi	r18, 0x00	; 0
    4410:	30 e0       	ldi	r19, 0x00	; 0
    4412:	40 e2       	ldi	r20, 0x20	; 32
    4414:	51 e4       	ldi	r21, 0x41	; 65
    4416:	0e 94 1f 02 	call	0x43e	; 0x43e <__mulsf3>
    441a:	dc 01       	movw	r26, r24
    441c:	cb 01       	movw	r24, r22
    441e:	bc 01       	movw	r22, r24
    4420:	cd 01       	movw	r24, r26
    4422:	0e 94 49 00 	call	0x92	; 0x92 <__fixunssfsi>
    4426:	dc 01       	movw	r26, r24
    4428:	cb 01       	movw	r24, r22
    442a:	9c 8b       	std	Y+20, r25	; 0x14
    442c:	8b 8b       	std	Y+19, r24	; 0x13
    442e:	0f c0       	rjmp	.+30     	; 0x444e <OHMMETER_firstRange+0x2d8>
    4430:	89 e1       	ldi	r24, 0x19	; 25
    4432:	90 e0       	ldi	r25, 0x00	; 0
    4434:	9a 8b       	std	Y+18, r25	; 0x12
    4436:	89 8b       	std	Y+17, r24	; 0x11
    4438:	89 89       	ldd	r24, Y+17	; 0x11
    443a:	9a 89       	ldd	r25, Y+18	; 0x12
    443c:	01 97       	sbiw	r24, 0x01	; 1
    443e:	f1 f7       	brne	.-4      	; 0x443c <OHMMETER_firstRange+0x2c6>
    4440:	9a 8b       	std	Y+18, r25	; 0x12
    4442:	89 8b       	std	Y+17, r24	; 0x11
		while(__ticks)
		{
			// wait 1/10 ms
			_delay_loop_2(((F_CPU) / 4e3) / 10);
			__ticks --;
    4444:	8b 89       	ldd	r24, Y+19	; 0x13
    4446:	9c 89       	ldd	r25, Y+20	; 0x14
    4448:	01 97       	sbiw	r24, 0x01	; 1
    444a:	9c 8b       	std	Y+20, r25	; 0x14
    444c:	8b 8b       	std	Y+19, r24	; 0x13
		__ticks = 1;
	else if (__tmp > 65535)
	{
		//	__ticks = requested delay in 1/10 ms
		__ticks = (uint16_t) (__ms * 10.0);
		while(__ticks)
    444e:	8b 89       	ldd	r24, Y+19	; 0x13
    4450:	9c 89       	ldd	r25, Y+20	; 0x14
    4452:	00 97       	sbiw	r24, 0x00	; 0
    4454:	69 f7       	brne	.-38     	; 0x4430 <OHMMETER_firstRange+0x2ba>
    4456:	95 c0       	rjmp	.+298    	; 0x4582 <OHMMETER_firstRange+0x40c>
			__ticks --;
		}
		return;
	}
	else
		__ticks = (uint16_t)__tmp;
    4458:	6d 89       	ldd	r22, Y+21	; 0x15
    445a:	7e 89       	ldd	r23, Y+22	; 0x16
    445c:	8f 89       	ldd	r24, Y+23	; 0x17
    445e:	98 8d       	ldd	r25, Y+24	; 0x18
    4460:	0e 94 49 00 	call	0x92	; 0x92 <__fixunssfsi>
    4464:	dc 01       	movw	r26, r24
    4466:	cb 01       	movw	r24, r22
    4468:	9c 8b       	std	Y+20, r25	; 0x14
    446a:	8b 8b       	std	Y+19, r24	; 0x13
    446c:	8b 89       	ldd	r24, Y+19	; 0x13
    446e:	9c 89       	ldd	r25, Y+20	; 0x14
    4470:	98 8b       	std	Y+16, r25	; 0x10
    4472:	8f 87       	std	Y+15, r24	; 0x0f
    4474:	8f 85       	ldd	r24, Y+15	; 0x0f
    4476:	98 89       	ldd	r25, Y+16	; 0x10
    4478:	01 97       	sbiw	r24, 0x01	; 1
    447a:	f1 f7       	brne	.-4      	; 0x4478 <OHMMETER_firstRange+0x302>
    447c:	98 8b       	std	Y+16, r25	; 0x10
    447e:	8f 87       	std	Y+15, r24	; 0x0f
    4480:	80 c0       	rjmp	.+256    	; 0x4582 <OHMMETER_firstRange+0x40c>
_delay_ms(500);
}
else
{
	LCD_clearScreen();
    4482:	0e 94 62 33 	call	0x66c4	; 0x66c4 <LCD_clearScreen>
	LCD_floatToString(resistValue);
    4486:	8b a5       	ldd	r24, Y+43	; 0x2b
    4488:	9c a5       	ldd	r25, Y+44	; 0x2c
    448a:	ad a5       	ldd	r26, Y+45	; 0x2d
    448c:	be a5       	ldd	r27, Y+46	; 0x2e
    448e:	bc 01       	movw	r22, r24
    4490:	cd 01       	movw	r24, r26
    4492:	0e 94 66 34 	call	0x68cc	; 0x68cc <LCD_floatToString>
	LCD_displayString("ohm");
    4496:	89 ea       	ldi	r24, 0xA9	; 169
    4498:	91 e0       	ldi	r25, 0x01	; 1
    449a:	0e 94 bf 32 	call	0x657e	; 0x657e <LCD_displayString>
    449e:	80 e0       	ldi	r24, 0x00	; 0
    44a0:	90 e0       	ldi	r25, 0x00	; 0
    44a2:	aa ef       	ldi	r26, 0xFA	; 250
    44a4:	b3 e4       	ldi	r27, 0x43	; 67
    44a6:	8b 87       	std	Y+11, r24	; 0x0b
    44a8:	9c 87       	std	Y+12, r25	; 0x0c
    44aa:	ad 87       	std	Y+13, r26	; 0x0d
    44ac:	be 87       	std	Y+14, r27	; 0x0e
 */
void
_delay_ms(double __ms)
{
	uint16_t __ticks;
	double __tmp = ((F_CPU) / 4e3) * __ms;
    44ae:	6b 85       	ldd	r22, Y+11	; 0x0b
    44b0:	7c 85       	ldd	r23, Y+12	; 0x0c
    44b2:	8d 85       	ldd	r24, Y+13	; 0x0d
    44b4:	9e 85       	ldd	r25, Y+14	; 0x0e
    44b6:	20 e0       	ldi	r18, 0x00	; 0
    44b8:	30 e0       	ldi	r19, 0x00	; 0
    44ba:	4a e7       	ldi	r20, 0x7A	; 122
    44bc:	53 e4       	ldi	r21, 0x43	; 67
    44be:	0e 94 1f 02 	call	0x43e	; 0x43e <__mulsf3>
    44c2:	dc 01       	movw	r26, r24
    44c4:	cb 01       	movw	r24, r22
    44c6:	8f 83       	std	Y+7, r24	; 0x07
    44c8:	98 87       	std	Y+8, r25	; 0x08
    44ca:	a9 87       	std	Y+9, r26	; 0x09
    44cc:	ba 87       	std	Y+10, r27	; 0x0a
	if (__tmp < 1.0)
    44ce:	6f 81       	ldd	r22, Y+7	; 0x07
    44d0:	78 85       	ldd	r23, Y+8	; 0x08
    44d2:	89 85       	ldd	r24, Y+9	; 0x09
    44d4:	9a 85       	ldd	r25, Y+10	; 0x0a
    44d6:	20 e0       	ldi	r18, 0x00	; 0
    44d8:	30 e0       	ldi	r19, 0x00	; 0
    44da:	40 e8       	ldi	r20, 0x80	; 128
    44dc:	5f e3       	ldi	r21, 0x3F	; 63
    44de:	0e 94 25 04 	call	0x84a	; 0x84a <__ltsf2>
    44e2:	88 23       	and	r24, r24
    44e4:	2c f4       	brge	.+10     	; 0x44f0 <OHMMETER_firstRange+0x37a>
		__ticks = 1;
    44e6:	81 e0       	ldi	r24, 0x01	; 1
    44e8:	90 e0       	ldi	r25, 0x00	; 0
    44ea:	9e 83       	std	Y+6, r25	; 0x06
    44ec:	8d 83       	std	Y+5, r24	; 0x05
    44ee:	3f c0       	rjmp	.+126    	; 0x456e <OHMMETER_firstRange+0x3f8>
	else if (__tmp > 65535)
    44f0:	6f 81       	ldd	r22, Y+7	; 0x07
    44f2:	78 85       	ldd	r23, Y+8	; 0x08
    44f4:	89 85       	ldd	r24, Y+9	; 0x09
    44f6:	9a 85       	ldd	r25, Y+10	; 0x0a
    44f8:	20 e0       	ldi	r18, 0x00	; 0
    44fa:	3f ef       	ldi	r19, 0xFF	; 255
    44fc:	4f e7       	ldi	r20, 0x7F	; 127
    44fe:	57 e4       	ldi	r21, 0x47	; 71
    4500:	0e 94 c5 03 	call	0x78a	; 0x78a <__gtsf2>
    4504:	18 16       	cp	r1, r24
    4506:	4c f5       	brge	.+82     	; 0x455a <OHMMETER_firstRange+0x3e4>
	{
		//	__ticks = requested delay in 1/10 ms
		__ticks = (uint16_t) (__ms * 10.0);
    4508:	6b 85       	ldd	r22, Y+11	; 0x0b
    450a:	7c 85       	ldd	r23, Y+12	; 0x0c
    450c:	8d 85       	ldd	r24, Y+13	; 0x0d
    450e:	9e 85       	ldd	r25, Y+14	; 0x0e
    4510:	20 e0       	ldi	r18, 0x00	; 0
    4512:	30 e0       	ldi	r19, 0x00	; 0
    4514:	40 e2       	ldi	r20, 0x20	; 32
    4516:	51 e4       	ldi	r21, 0x41	; 65
    4518:	0e 94 1f 02 	call	0x43e	; 0x43e <__mulsf3>
    451c:	dc 01       	movw	r26, r24
    451e:	cb 01       	movw	r24, r22
    4520:	bc 01       	movw	r22, r24
    4522:	cd 01       	movw	r24, r26
    4524:	0e 94 49 00 	call	0x92	; 0x92 <__fixunssfsi>
    4528:	dc 01       	movw	r26, r24
    452a:	cb 01       	movw	r24, r22
    452c:	9e 83       	std	Y+6, r25	; 0x06
    452e:	8d 83       	std	Y+5, r24	; 0x05
    4530:	0f c0       	rjmp	.+30     	; 0x4550 <OHMMETER_firstRange+0x3da>
    4532:	89 e1       	ldi	r24, 0x19	; 25
    4534:	90 e0       	ldi	r25, 0x00	; 0
    4536:	9c 83       	std	Y+4, r25	; 0x04
    4538:	8b 83       	std	Y+3, r24	; 0x03
    453a:	8b 81       	ldd	r24, Y+3	; 0x03
    453c:	9c 81       	ldd	r25, Y+4	; 0x04
    453e:	01 97       	sbiw	r24, 0x01	; 1
    4540:	f1 f7       	brne	.-4      	; 0x453e <OHMMETER_firstRange+0x3c8>
    4542:	9c 83       	std	Y+4, r25	; 0x04
    4544:	8b 83       	std	Y+3, r24	; 0x03
		while(__ticks)
		{
			// wait 1/10 ms
			_delay_loop_2(((F_CPU) / 4e3) / 10);
			__ticks --;
    4546:	8d 81       	ldd	r24, Y+5	; 0x05
    4548:	9e 81       	ldd	r25, Y+6	; 0x06
    454a:	01 97       	sbiw	r24, 0x01	; 1
    454c:	9e 83       	std	Y+6, r25	; 0x06
    454e:	8d 83       	std	Y+5, r24	; 0x05
		__ticks = 1;
	else if (__tmp > 65535)
	{
		//	__ticks = requested delay in 1/10 ms
		__ticks = (uint16_t) (__ms * 10.0);
		while(__ticks)
    4550:	8d 81       	ldd	r24, Y+5	; 0x05
    4552:	9e 81       	ldd	r25, Y+6	; 0x06
    4554:	00 97       	sbiw	r24, 0x00	; 0
    4556:	69 f7       	brne	.-38     	; 0x4532 <OHMMETER_firstRange+0x3bc>
    4558:	14 c0       	rjmp	.+40     	; 0x4582 <OHMMETER_firstRange+0x40c>
			__ticks --;
		}
		return;
	}
	else
		__ticks = (uint16_t)__tmp;
    455a:	6f 81       	ldd	r22, Y+7	; 0x07
    455c:	78 85       	ldd	r23, Y+8	; 0x08
    455e:	89 85       	ldd	r24, Y+9	; 0x09
    4560:	9a 85       	ldd	r25, Y+10	; 0x0a
    4562:	0e 94 49 00 	call	0x92	; 0x92 <__fixunssfsi>
    4566:	dc 01       	movw	r26, r24
    4568:	cb 01       	movw	r24, r22
    456a:	9e 83       	std	Y+6, r25	; 0x06
    456c:	8d 83       	std	Y+5, r24	; 0x05
    456e:	8d 81       	ldd	r24, Y+5	; 0x05
    4570:	9e 81       	ldd	r25, Y+6	; 0x06
    4572:	9a 83       	std	Y+2, r25	; 0x02
    4574:	89 83       	std	Y+1, r24	; 0x01
    4576:	89 81       	ldd	r24, Y+1	; 0x01
    4578:	9a 81       	ldd	r25, Y+2	; 0x02
    457a:	01 97       	sbiw	r24, 0x01	; 1
    457c:	f1 f7       	brne	.-4      	; 0x457a <OHMMETER_firstRange+0x404>
    457e:	9a 83       	std	Y+2, r25	; 0x02
    4580:	89 83       	std	Y+1, r24	; 0x01
}




 if(g_reset == 1)
    4582:	80 91 bb 02 	lds	r24, 0x02BB
    4586:	81 30       	cpi	r24, 0x01	; 1
    4588:	09 f0       	breq	.+2      	; 0x458c <OHMMETER_firstRange+0x416>
    458a:	11 ce       	rjmp	.-990    	; 0x41ae <OHMMETER_firstRange+0x38>
 {
 	g_reset =0;
    458c:	10 92 bb 02 	sts	0x02BB, r1
 	GPIO_writePin(PORTC_ID, PIN7_ID, LOGIC_LOW);
    4590:	82 e0       	ldi	r24, 0x02	; 2
    4592:	67 e0       	ldi	r22, 0x07	; 7
    4594:	40 e0       	ldi	r20, 0x00	; 0
    4596:	0e 94 65 25 	call	0x4aca	; 0x4aca <GPIO_writePin>
 	LCD_clearScreen();
    459a:	0e 94 62 33 	call	0x66c4	; 0x66c4 <LCD_clearScreen>



}

}
    459e:	e2 96       	adiw	r28, 0x32	; 50
    45a0:	0f b6       	in	r0, 0x3f	; 63
    45a2:	f8 94       	cli
    45a4:	de bf       	out	0x3e, r29	; 62
    45a6:	0f be       	out	0x3f, r0	; 63
    45a8:	cd bf       	out	0x3d, r28	; 61
    45aa:	cf 91       	pop	r28
    45ac:	df 91       	pop	r29
    45ae:	08 95       	ret

000045b0 <OHMMETER_secondRange>:
void OHMMETER_secondRange(void)
{
    45b0:	df 93       	push	r29
    45b2:	cf 93       	push	r28
    45b4:	cd b7       	in	r28, 0x3d	; 61
    45b6:	de b7       	in	r29, 0x3e	; 62
    45b8:	28 97       	sbiw	r28, 0x08	; 8
    45ba:	0f b6       	in	r0, 0x3f	; 63
    45bc:	f8 94       	cli
    45be:	de bf       	out	0x3e, r29	; 62
    45c0:	0f be       	out	0x3f, r0	; 63
    45c2:	cd bf       	out	0x3d, r28	; 61
	GPIO_writePin(PORTC_ID, PIN7_ID, LOGIC_HIGH);
    45c4:	82 e0       	ldi	r24, 0x02	; 2
    45c6:	67 e0       	ldi	r22, 0x07	; 7
    45c8:	41 e0       	ldi	r20, 0x01	; 1
    45ca:	0e 94 65 25 	call	0x4aca	; 0x4aca <GPIO_writePin>
	g_ohmMeterEnter=1;
    45ce:	81 e0       	ldi	r24, 0x01	; 1
    45d0:	80 93 bd 02 	sts	0x02BD, r24
	float32 voltValue;
	float32 resistValue;

	GPIO_writePin(PORTB_ID, PIN5_ID,LOGIC_HIGH);
    45d4:	81 e0       	ldi	r24, 0x01	; 1
    45d6:	65 e0       	ldi	r22, 0x05	; 5
    45d8:	41 e0       	ldi	r20, 0x01	; 1
    45da:	0e 94 65 25 	call	0x4aca	; 0x4aca <GPIO_writePin>
	GPIO_writePin(PORTB_ID, PIN6_ID,LOGIC_LOW);
    45de:	81 e0       	ldi	r24, 0x01	; 1
    45e0:	66 e0       	ldi	r22, 0x06	; 6
    45e2:	40 e0       	ldi	r20, 0x00	; 0
    45e4:	0e 94 65 25 	call	0x4aca	; 0x4aca <GPIO_writePin>

	while(1)
	{
		if(g_reset == 1)
    45e8:	80 91 bb 02 	lds	r24, 0x02BB
    45ec:	81 30       	cpi	r24, 0x01	; 1
    45ee:	51 f4       	brne	.+20     	; 0x4604 <OHMMETER_secondRange+0x54>
		{
			g_reset =0;
    45f0:	10 92 bb 02 	sts	0x02BB, r1
			GPIO_writePin(PORTC_ID, PIN7_ID, LOGIC_LOW);
    45f4:	82 e0       	ldi	r24, 0x02	; 2
    45f6:	67 e0       	ldi	r22, 0x07	; 7
    45f8:	40 e0       	ldi	r20, 0x00	; 0
    45fa:	0e 94 65 25 	call	0x4aca	; 0x4aca <GPIO_writePin>
			LCD_clearScreen();
    45fe:	0e 94 62 33 	call	0x66c4	; 0x66c4 <LCD_clearScreen>
    4602:	82 c0       	rjmp	.+260    	; 0x4708 <OHMMETER_secondRange+0x158>
			break;

		}

		LCD_moveCursor(1,1);
    4604:	81 e0       	ldi	r24, 0x01	; 1
    4606:	61 e0       	ldi	r22, 0x01	; 1
    4608:	0e 94 e2 32 	call	0x65c4	; 0x65c4 <LCD_moveCursor>

		voltValue= (ADC_readChannel(ADC4) / 1023.0)*5 ;
    460c:	84 e0       	ldi	r24, 0x04	; 4
    460e:	0e 94 c3 1d 	call	0x3b86	; 0x3b86 <ADC_readChannel>
    4612:	cc 01       	movw	r24, r24
    4614:	a0 e0       	ldi	r26, 0x00	; 0
    4616:	b0 e0       	ldi	r27, 0x00	; 0
    4618:	bc 01       	movw	r22, r24
    461a:	cd 01       	movw	r24, r26
    461c:	0e 94 a9 04 	call	0x952	; 0x952 <__floatunsisf>
    4620:	dc 01       	movw	r26, r24
    4622:	cb 01       	movw	r24, r22
    4624:	bc 01       	movw	r22, r24
    4626:	cd 01       	movw	r24, r26
    4628:	20 e0       	ldi	r18, 0x00	; 0
    462a:	30 ec       	ldi	r19, 0xC0	; 192
    462c:	4f e7       	ldi	r20, 0x7F	; 127
    462e:	54 e4       	ldi	r21, 0x44	; 68
    4630:	0e 94 19 03 	call	0x632	; 0x632 <__divsf3>
    4634:	dc 01       	movw	r26, r24
    4636:	cb 01       	movw	r24, r22
    4638:	bc 01       	movw	r22, r24
    463a:	cd 01       	movw	r24, r26
    463c:	20 e0       	ldi	r18, 0x00	; 0
    463e:	30 e0       	ldi	r19, 0x00	; 0
    4640:	40 ea       	ldi	r20, 0xA0	; 160
    4642:	50 e4       	ldi	r21, 0x40	; 64
    4644:	0e 94 1f 02 	call	0x43e	; 0x43e <__mulsf3>
    4648:	dc 01       	movw	r26, r24
    464a:	cb 01       	movw	r24, r22
    464c:	8d 83       	std	Y+5, r24	; 0x05
    464e:	9e 83       	std	Y+6, r25	; 0x06
    4650:	af 83       	std	Y+7, r26	; 0x07
    4652:	b8 87       	std	Y+8, r27	; 0x08

		resistValue = voltValue * ( (OHMMETERMUXRES + OHMMETERRES2 ) /(5-voltValue));
    4654:	60 e0       	ldi	r22, 0x00	; 0
    4656:	70 e0       	ldi	r23, 0x00	; 0
    4658:	80 ea       	ldi	r24, 0xA0	; 160
    465a:	90 e4       	ldi	r25, 0x40	; 64
    465c:	2d 81       	ldd	r18, Y+5	; 0x05
    465e:	3e 81       	ldd	r19, Y+6	; 0x06
    4660:	4f 81       	ldd	r20, Y+7	; 0x07
    4662:	58 85       	ldd	r21, Y+8	; 0x08
    4664:	0e 94 c1 01 	call	0x382	; 0x382 <__subsf3>
    4668:	dc 01       	movw	r26, r24
    466a:	cb 01       	movw	r24, r22
    466c:	9c 01       	movw	r18, r24
    466e:	ad 01       	movw	r20, r26
    4670:	60 e0       	ldi	r22, 0x00	; 0
    4672:	70 e6       	ldi	r23, 0x60	; 96
    4674:	87 e8       	ldi	r24, 0x87	; 135
    4676:	94 e4       	ldi	r25, 0x44	; 68
    4678:	0e 94 19 03 	call	0x632	; 0x632 <__divsf3>
    467c:	dc 01       	movw	r26, r24
    467e:	cb 01       	movw	r24, r22
    4680:	bc 01       	movw	r22, r24
    4682:	cd 01       	movw	r24, r26
    4684:	2d 81       	ldd	r18, Y+5	; 0x05
    4686:	3e 81       	ldd	r19, Y+6	; 0x06
    4688:	4f 81       	ldd	r20, Y+7	; 0x07
    468a:	58 85       	ldd	r21, Y+8	; 0x08
    468c:	0e 94 1f 02 	call	0x43e	; 0x43e <__mulsf3>
    4690:	dc 01       	movw	r26, r24
    4692:	cb 01       	movw	r24, r22
    4694:	89 83       	std	Y+1, r24	; 0x01
    4696:	9a 83       	std	Y+2, r25	; 0x02
    4698:	ab 83       	std	Y+3, r26	; 0x03
    469a:	bc 83       	std	Y+4, r27	; 0x04


		if(resistValue > 1000)
    469c:	69 81       	ldd	r22, Y+1	; 0x01
    469e:	7a 81       	ldd	r23, Y+2	; 0x02
    46a0:	8b 81       	ldd	r24, Y+3	; 0x03
    46a2:	9c 81       	ldd	r25, Y+4	; 0x04
    46a4:	20 e0       	ldi	r18, 0x00	; 0
    46a6:	30 e0       	ldi	r19, 0x00	; 0
    46a8:	4a e7       	ldi	r20, 0x7A	; 122
    46aa:	54 e4       	ldi	r21, 0x44	; 68
    46ac:	0e 94 c5 03 	call	0x78a	; 0x78a <__gtsf2>
    46b0:	18 16       	cp	r1, r24
    46b2:	e4 f4       	brge	.+56     	; 0x46ec <OHMMETER_secondRange+0x13c>
		{
			resistValue/=1000;
    46b4:	69 81       	ldd	r22, Y+1	; 0x01
    46b6:	7a 81       	ldd	r23, Y+2	; 0x02
    46b8:	8b 81       	ldd	r24, Y+3	; 0x03
    46ba:	9c 81       	ldd	r25, Y+4	; 0x04
    46bc:	20 e0       	ldi	r18, 0x00	; 0
    46be:	30 e0       	ldi	r19, 0x00	; 0
    46c0:	4a e7       	ldi	r20, 0x7A	; 122
    46c2:	54 e4       	ldi	r21, 0x44	; 68
    46c4:	0e 94 19 03 	call	0x632	; 0x632 <__divsf3>
    46c8:	dc 01       	movw	r26, r24
    46ca:	cb 01       	movw	r24, r22
    46cc:	89 83       	std	Y+1, r24	; 0x01
    46ce:	9a 83       	std	Y+2, r25	; 0x02
    46d0:	ab 83       	std	Y+3, r26	; 0x03
    46d2:	bc 83       	std	Y+4, r27	; 0x04
			LCD_floatToString(resistValue);
    46d4:	89 81       	ldd	r24, Y+1	; 0x01
    46d6:	9a 81       	ldd	r25, Y+2	; 0x02
    46d8:	ab 81       	ldd	r26, Y+3	; 0x03
    46da:	bc 81       	ldd	r27, Y+4	; 0x04
    46dc:	bc 01       	movw	r22, r24
    46de:	cd 01       	movw	r24, r26
    46e0:	0e 94 66 34 	call	0x68cc	; 0x68cc <LCD_floatToString>
			LCD_displayString("kohm");
    46e4:	84 ea       	ldi	r24, 0xA4	; 164
    46e6:	91 e0       	ldi	r25, 0x01	; 1
    46e8:	0e 94 bf 32 	call	0x657e	; 0x657e <LCD_displayString>

		}


if(g_reset == 1)
    46ec:	80 91 bb 02 	lds	r24, 0x02BB
    46f0:	81 30       	cpi	r24, 0x01	; 1
    46f2:	09 f0       	breq	.+2      	; 0x46f6 <OHMMETER_secondRange+0x146>
    46f4:	79 cf       	rjmp	.-270    	; 0x45e8 <OHMMETER_secondRange+0x38>
{
	g_reset =0;
    46f6:	10 92 bb 02 	sts	0x02BB, r1
	GPIO_writePin(PORTC_ID, PIN7_ID, LOGIC_LOW);
    46fa:	82 e0       	ldi	r24, 0x02	; 2
    46fc:	67 e0       	ldi	r22, 0x07	; 7
    46fe:	40 e0       	ldi	r20, 0x00	; 0
    4700:	0e 94 65 25 	call	0x4aca	; 0x4aca <GPIO_writePin>
	LCD_clearScreen();
    4704:	0e 94 62 33 	call	0x66c4	; 0x66c4 <LCD_clearScreen>


	}


}
    4708:	28 96       	adiw	r28, 0x08	; 8
    470a:	0f b6       	in	r0, 0x3f	; 63
    470c:	f8 94       	cli
    470e:	de bf       	out	0x3e, r29	; 62
    4710:	0f be       	out	0x3f, r0	; 63
    4712:	cd bf       	out	0x3d, r28	; 61
    4714:	cf 91       	pop	r28
    4716:	df 91       	pop	r29
    4718:	08 95       	ret

0000471a <OHMMETER_thirdRange>:
void OHMMETER_thirdRange(void)
{
    471a:	df 93       	push	r29
    471c:	cf 93       	push	r28
    471e:	cd b7       	in	r28, 0x3d	; 61
    4720:	de b7       	in	r29, 0x3e	; 62
    4722:	28 97       	sbiw	r28, 0x08	; 8
    4724:	0f b6       	in	r0, 0x3f	; 63
    4726:	f8 94       	cli
    4728:	de bf       	out	0x3e, r29	; 62
    472a:	0f be       	out	0x3f, r0	; 63
    472c:	cd bf       	out	0x3d, r28	; 61
	g_ohmMeterEnter=1;
    472e:	81 e0       	ldi	r24, 0x01	; 1
    4730:	80 93 bd 02 	sts	0x02BD, r24
	float32 voltValue;
	float32 resistValue;
	GPIO_writePin(PORTC_ID, PIN7_ID, LOGIC_HIGH);
    4734:	82 e0       	ldi	r24, 0x02	; 2
    4736:	67 e0       	ldi	r22, 0x07	; 7
    4738:	41 e0       	ldi	r20, 0x01	; 1
    473a:	0e 94 65 25 	call	0x4aca	; 0x4aca <GPIO_writePin>

	GPIO_writePin(PORTB_ID, PIN5_ID,LOGIC_LOW);
    473e:	81 e0       	ldi	r24, 0x01	; 1
    4740:	65 e0       	ldi	r22, 0x05	; 5
    4742:	40 e0       	ldi	r20, 0x00	; 0
    4744:	0e 94 65 25 	call	0x4aca	; 0x4aca <GPIO_writePin>
	GPIO_writePin(PORTB_ID, PIN6_ID,LOGIC_HIGH);
    4748:	81 e0       	ldi	r24, 0x01	; 1
    474a:	66 e0       	ldi	r22, 0x06	; 6
    474c:	41 e0       	ldi	r20, 0x01	; 1
    474e:	0e 94 65 25 	call	0x4aca	; 0x4aca <GPIO_writePin>

	while(1)
	{

	LCD_moveCursor(1,1);
    4752:	81 e0       	ldi	r24, 0x01	; 1
    4754:	61 e0       	ldi	r22, 0x01	; 1
    4756:	0e 94 e2 32 	call	0x65c4	; 0x65c4 <LCD_moveCursor>

	voltValue= (ADC_readChannel(ADC4) / 1023.0)*5 ;
    475a:	84 e0       	ldi	r24, 0x04	; 4
    475c:	0e 94 c3 1d 	call	0x3b86	; 0x3b86 <ADC_readChannel>
    4760:	cc 01       	movw	r24, r24
    4762:	a0 e0       	ldi	r26, 0x00	; 0
    4764:	b0 e0       	ldi	r27, 0x00	; 0
    4766:	bc 01       	movw	r22, r24
    4768:	cd 01       	movw	r24, r26
    476a:	0e 94 a9 04 	call	0x952	; 0x952 <__floatunsisf>
    476e:	dc 01       	movw	r26, r24
    4770:	cb 01       	movw	r24, r22
    4772:	bc 01       	movw	r22, r24
    4774:	cd 01       	movw	r24, r26
    4776:	20 e0       	ldi	r18, 0x00	; 0
    4778:	30 ec       	ldi	r19, 0xC0	; 192
    477a:	4f e7       	ldi	r20, 0x7F	; 127
    477c:	54 e4       	ldi	r21, 0x44	; 68
    477e:	0e 94 19 03 	call	0x632	; 0x632 <__divsf3>
    4782:	dc 01       	movw	r26, r24
    4784:	cb 01       	movw	r24, r22
    4786:	bc 01       	movw	r22, r24
    4788:	cd 01       	movw	r24, r26
    478a:	20 e0       	ldi	r18, 0x00	; 0
    478c:	30 e0       	ldi	r19, 0x00	; 0
    478e:	40 ea       	ldi	r20, 0xA0	; 160
    4790:	50 e4       	ldi	r21, 0x40	; 64
    4792:	0e 94 1f 02 	call	0x43e	; 0x43e <__mulsf3>
    4796:	dc 01       	movw	r26, r24
    4798:	cb 01       	movw	r24, r22
    479a:	8d 83       	std	Y+5, r24	; 0x05
    479c:	9e 83       	std	Y+6, r25	; 0x06
    479e:	af 83       	std	Y+7, r26	; 0x07
    47a0:	b8 87       	std	Y+8, r27	; 0x08

	resistValue = voltValue * ( (OHMMETERMUXRES + OHMMETERRES3 ) /(5-voltValue));
    47a2:	60 e0       	ldi	r22, 0x00	; 0
    47a4:	70 e0       	ldi	r23, 0x00	; 0
    47a6:	80 ea       	ldi	r24, 0xA0	; 160
    47a8:	90 e4       	ldi	r25, 0x40	; 64
    47aa:	2d 81       	ldd	r18, Y+5	; 0x05
    47ac:	3e 81       	ldd	r19, Y+6	; 0x06
    47ae:	4f 81       	ldd	r20, Y+7	; 0x07
    47b0:	58 85       	ldd	r21, Y+8	; 0x08
    47b2:	0e 94 c1 01 	call	0x382	; 0x382 <__subsf3>
    47b6:	dc 01       	movw	r26, r24
    47b8:	cb 01       	movw	r24, r22
    47ba:	9c 01       	movw	r18, r24
    47bc:	ad 01       	movw	r20, r26
    47be:	60 e8       	ldi	r22, 0x80	; 128
    47c0:	77 e9       	ldi	r23, 0x97	; 151
    47c2:	83 ec       	ldi	r24, 0xC3	; 195
    47c4:	97 e4       	ldi	r25, 0x47	; 71
    47c6:	0e 94 19 03 	call	0x632	; 0x632 <__divsf3>
    47ca:	dc 01       	movw	r26, r24
    47cc:	cb 01       	movw	r24, r22
    47ce:	bc 01       	movw	r22, r24
    47d0:	cd 01       	movw	r24, r26
    47d2:	2d 81       	ldd	r18, Y+5	; 0x05
    47d4:	3e 81       	ldd	r19, Y+6	; 0x06
    47d6:	4f 81       	ldd	r20, Y+7	; 0x07
    47d8:	58 85       	ldd	r21, Y+8	; 0x08
    47da:	0e 94 1f 02 	call	0x43e	; 0x43e <__mulsf3>
    47de:	dc 01       	movw	r26, r24
    47e0:	cb 01       	movw	r24, r22
    47e2:	89 83       	std	Y+1, r24	; 0x01
    47e4:	9a 83       	std	Y+2, r25	; 0x02
    47e6:	ab 83       	std	Y+3, r26	; 0x03
    47e8:	bc 83       	std	Y+4, r27	; 0x04

	if(g_reset == 1)
    47ea:	80 91 bb 02 	lds	r24, 0x02BB
    47ee:	81 30       	cpi	r24, 0x01	; 1
    47f0:	51 f4       	brne	.+20     	; 0x4806 <OHMMETER_thirdRange+0xec>
	{
		g_reset =0;
    47f2:	10 92 bb 02 	sts	0x02BB, r1
		GPIO_writePin(PORTC_ID, PIN7_ID, LOGIC_LOW);
    47f6:	82 e0       	ldi	r24, 0x02	; 2
    47f8:	67 e0       	ldi	r22, 0x07	; 7
    47fa:	40 e0       	ldi	r20, 0x00	; 0
    47fc:	0e 94 65 25 	call	0x4aca	; 0x4aca <GPIO_writePin>
		LCD_clearScreen();
    4800:	0e 94 62 33 	call	0x66c4	; 0x66c4 <LCD_clearScreen>
    4804:	5f c0       	rjmp	.+190    	; 0x48c4 <OHMMETER_thirdRange+0x1aa>
		break;

	}


	if(resistValue > 1000000)
    4806:	69 81       	ldd	r22, Y+1	; 0x01
    4808:	7a 81       	ldd	r23, Y+2	; 0x02
    480a:	8b 81       	ldd	r24, Y+3	; 0x03
    480c:	9c 81       	ldd	r25, Y+4	; 0x04
    480e:	20 e0       	ldi	r18, 0x00	; 0
    4810:	34 e2       	ldi	r19, 0x24	; 36
    4812:	44 e7       	ldi	r20, 0x74	; 116
    4814:	59 e4       	ldi	r21, 0x49	; 73
    4816:	0e 94 c5 03 	call	0x78a	; 0x78a <__gtsf2>
    481a:	18 16       	cp	r1, r24
    481c:	ec f4       	brge	.+58     	; 0x4858 <OHMMETER_thirdRange+0x13e>
	{

		resistValue/=1000000;
    481e:	69 81       	ldd	r22, Y+1	; 0x01
    4820:	7a 81       	ldd	r23, Y+2	; 0x02
    4822:	8b 81       	ldd	r24, Y+3	; 0x03
    4824:	9c 81       	ldd	r25, Y+4	; 0x04
    4826:	20 e0       	ldi	r18, 0x00	; 0
    4828:	34 e2       	ldi	r19, 0x24	; 36
    482a:	44 e7       	ldi	r20, 0x74	; 116
    482c:	59 e4       	ldi	r21, 0x49	; 73
    482e:	0e 94 19 03 	call	0x632	; 0x632 <__divsf3>
    4832:	dc 01       	movw	r26, r24
    4834:	cb 01       	movw	r24, r22
    4836:	89 83       	std	Y+1, r24	; 0x01
    4838:	9a 83       	std	Y+2, r25	; 0x02
    483a:	ab 83       	std	Y+3, r26	; 0x03
    483c:	bc 83       	std	Y+4, r27	; 0x04
		LCD_floatToString(resistValue);
    483e:	89 81       	ldd	r24, Y+1	; 0x01
    4840:	9a 81       	ldd	r25, Y+2	; 0x02
    4842:	ab 81       	ldd	r26, Y+3	; 0x03
    4844:	bc 81       	ldd	r27, Y+4	; 0x04
    4846:	bc 01       	movw	r22, r24
    4848:	cd 01       	movw	r24, r26
    484a:	0e 94 66 34 	call	0x68cc	; 0x68cc <LCD_floatToString>
		LCD_displayString("Mohm");
    484e:	8d ea       	ldi	r24, 0xAD	; 173
    4850:	91 e0       	ldi	r25, 0x01	; 1
    4852:	0e 94 bf 32 	call	0x657e	; 0x657e <LCD_displayString>
    4856:	28 c0       	rjmp	.+80     	; 0x48a8 <OHMMETER_thirdRange+0x18e>


	}
	else if (resistValue > 1000)
    4858:	69 81       	ldd	r22, Y+1	; 0x01
    485a:	7a 81       	ldd	r23, Y+2	; 0x02
    485c:	8b 81       	ldd	r24, Y+3	; 0x03
    485e:	9c 81       	ldd	r25, Y+4	; 0x04
    4860:	20 e0       	ldi	r18, 0x00	; 0
    4862:	30 e0       	ldi	r19, 0x00	; 0
    4864:	4a e7       	ldi	r20, 0x7A	; 122
    4866:	54 e4       	ldi	r21, 0x44	; 68
    4868:	0e 94 c5 03 	call	0x78a	; 0x78a <__gtsf2>
    486c:	18 16       	cp	r1, r24
    486e:	e4 f4       	brge	.+56     	; 0x48a8 <OHMMETER_thirdRange+0x18e>
	{
		resistValue/=1000;
    4870:	69 81       	ldd	r22, Y+1	; 0x01
    4872:	7a 81       	ldd	r23, Y+2	; 0x02
    4874:	8b 81       	ldd	r24, Y+3	; 0x03
    4876:	9c 81       	ldd	r25, Y+4	; 0x04
    4878:	20 e0       	ldi	r18, 0x00	; 0
    487a:	30 e0       	ldi	r19, 0x00	; 0
    487c:	4a e7       	ldi	r20, 0x7A	; 122
    487e:	54 e4       	ldi	r21, 0x44	; 68
    4880:	0e 94 19 03 	call	0x632	; 0x632 <__divsf3>
    4884:	dc 01       	movw	r26, r24
    4886:	cb 01       	movw	r24, r22
    4888:	89 83       	std	Y+1, r24	; 0x01
    488a:	9a 83       	std	Y+2, r25	; 0x02
    488c:	ab 83       	std	Y+3, r26	; 0x03
    488e:	bc 83       	std	Y+4, r27	; 0x04
		LCD_floatToString(resistValue);
    4890:	89 81       	ldd	r24, Y+1	; 0x01
    4892:	9a 81       	ldd	r25, Y+2	; 0x02
    4894:	ab 81       	ldd	r26, Y+3	; 0x03
    4896:	bc 81       	ldd	r27, Y+4	; 0x04
    4898:	bc 01       	movw	r22, r24
    489a:	cd 01       	movw	r24, r26
    489c:	0e 94 66 34 	call	0x68cc	; 0x68cc <LCD_floatToString>
	     LCD_displayString("kohm");
    48a0:	84 ea       	ldi	r24, 0xA4	; 164
    48a2:	91 e0       	ldi	r25, 0x01	; 1
    48a4:	0e 94 bf 32 	call	0x657e	; 0x657e <LCD_displayString>
	}

if(g_reset == 1)
    48a8:	80 91 bb 02 	lds	r24, 0x02BB
    48ac:	81 30       	cpi	r24, 0x01	; 1
    48ae:	09 f0       	breq	.+2      	; 0x48b2 <OHMMETER_thirdRange+0x198>
    48b0:	50 cf       	rjmp	.-352    	; 0x4752 <OHMMETER_thirdRange+0x38>
{
	g_reset =0;
    48b2:	10 92 bb 02 	sts	0x02BB, r1
	GPIO_writePin(PORTC_ID, PIN7_ID, LOGIC_LOW);
    48b6:	82 e0       	ldi	r24, 0x02	; 2
    48b8:	67 e0       	ldi	r22, 0x07	; 7
    48ba:	40 e0       	ldi	r20, 0x00	; 0
    48bc:	0e 94 65 25 	call	0x4aca	; 0x4aca <GPIO_writePin>
	LCD_clearScreen();
    48c0:	0e 94 62 33 	call	0x66c4	; 0x66c4 <LCD_clearScreen>

}

	}

}
    48c4:	28 96       	adiw	r28, 0x08	; 8
    48c6:	0f b6       	in	r0, 0x3f	; 63
    48c8:	f8 94       	cli
    48ca:	de bf       	out	0x3e, r29	; 62
    48cc:	0f be       	out	0x3f, r0	; 63
    48ce:	cd bf       	out	0x3d, r28	; 61
    48d0:	cf 91       	pop	r28
    48d2:	df 91       	pop	r29
    48d4:	08 95       	ret

000048d6 <GPIO_setupPinDirection>:
/*-----------------------FUNCTION Definitions------------------*/


/* Setting the pin on each port to be either Input pin or Output pin */
void GPIO_setupPinDirection( uint8 a_portNum,uint8 a_pinNum,GPIO_PinDirectionType a_direction )
{
    48d6:	df 93       	push	r29
    48d8:	cf 93       	push	r28
    48da:	00 d0       	rcall	.+0      	; 0x48dc <GPIO_setupPinDirection+0x6>
    48dc:	00 d0       	rcall	.+0      	; 0x48de <GPIO_setupPinDirection+0x8>
    48de:	0f 92       	push	r0
    48e0:	cd b7       	in	r28, 0x3d	; 61
    48e2:	de b7       	in	r29, 0x3e	; 62
    48e4:	89 83       	std	Y+1, r24	; 0x01
    48e6:	6a 83       	std	Y+2, r22	; 0x02
    48e8:	4b 83       	std	Y+3, r20	; 0x03

	/* Checking the number given by the user is valid  for Port number and Pin number */
	if( a_portNum>=GPIO_NUM_OF_PORTS || a_pinNum>=GPIO_NUM_OF_PINS )
    48ea:	89 81       	ldd	r24, Y+1	; 0x01
    48ec:	84 30       	cpi	r24, 0x04	; 4
    48ee:	08 f0       	brcs	.+2      	; 0x48f2 <GPIO_setupPinDirection+0x1c>
    48f0:	e4 c0       	rjmp	.+456    	; 0x4aba <GPIO_setupPinDirection+0x1e4>
    48f2:	8a 81       	ldd	r24, Y+2	; 0x02
    48f4:	88 30       	cpi	r24, 0x08	; 8
    48f6:	08 f0       	brcs	.+2      	; 0x48fa <GPIO_setupPinDirection+0x24>
    48f8:	e0 c0       	rjmp	.+448    	; 0x4aba <GPIO_setupPinDirection+0x1e4>
	/*------- If the number is within the range--------*/
	else
	{

		/*------- Selecting the Port you will set the Pin Direction in --------*/
		switch ( a_portNum )
    48fa:	89 81       	ldd	r24, Y+1	; 0x01
    48fc:	28 2f       	mov	r18, r24
    48fe:	30 e0       	ldi	r19, 0x00	; 0
    4900:	3d 83       	std	Y+5, r19	; 0x05
    4902:	2c 83       	std	Y+4, r18	; 0x04
    4904:	8c 81       	ldd	r24, Y+4	; 0x04
    4906:	9d 81       	ldd	r25, Y+5	; 0x05
    4908:	81 30       	cpi	r24, 0x01	; 1
    490a:	91 05       	cpc	r25, r1
    490c:	09 f4       	brne	.+2      	; 0x4910 <GPIO_setupPinDirection+0x3a>
    490e:	47 c0       	rjmp	.+142    	; 0x499e <GPIO_setupPinDirection+0xc8>
    4910:	2c 81       	ldd	r18, Y+4	; 0x04
    4912:	3d 81       	ldd	r19, Y+5	; 0x05
    4914:	22 30       	cpi	r18, 0x02	; 2
    4916:	31 05       	cpc	r19, r1
    4918:	2c f4       	brge	.+10     	; 0x4924 <GPIO_setupPinDirection+0x4e>
    491a:	8c 81       	ldd	r24, Y+4	; 0x04
    491c:	9d 81       	ldd	r25, Y+5	; 0x05
    491e:	00 97       	sbiw	r24, 0x00	; 0
    4920:	71 f0       	breq	.+28     	; 0x493e <GPIO_setupPinDirection+0x68>
    4922:	cb c0       	rjmp	.+406    	; 0x4aba <GPIO_setupPinDirection+0x1e4>
    4924:	2c 81       	ldd	r18, Y+4	; 0x04
    4926:	3d 81       	ldd	r19, Y+5	; 0x05
    4928:	22 30       	cpi	r18, 0x02	; 2
    492a:	31 05       	cpc	r19, r1
    492c:	09 f4       	brne	.+2      	; 0x4930 <GPIO_setupPinDirection+0x5a>
    492e:	67 c0       	rjmp	.+206    	; 0x49fe <GPIO_setupPinDirection+0x128>
    4930:	8c 81       	ldd	r24, Y+4	; 0x04
    4932:	9d 81       	ldd	r25, Y+5	; 0x05
    4934:	83 30       	cpi	r24, 0x03	; 3
    4936:	91 05       	cpc	r25, r1
    4938:	09 f4       	brne	.+2      	; 0x493c <GPIO_setupPinDirection+0x66>
    493a:	91 c0       	rjmp	.+290    	; 0x4a5e <GPIO_setupPinDirection+0x188>
    493c:	be c0       	rjmp	.+380    	; 0x4aba <GPIO_setupPinDirection+0x1e4>
		{

				case PORTA_ID :

		/*------- Selecting the Mode you will set the Pin Direction to --------*/
					if( a_direction == PIN_INPUT)
    493e:	8b 81       	ldd	r24, Y+3	; 0x03
    4940:	88 23       	and	r24, r24
    4942:	a9 f4       	brne	.+42     	; 0x496e <GPIO_setupPinDirection+0x98>
					{

						/* Common Macro function to clear a bit*/
						CLEAR_BIT( DDRA,a_pinNum );
    4944:	aa e3       	ldi	r26, 0x3A	; 58
    4946:	b0 e0       	ldi	r27, 0x00	; 0
    4948:	ea e3       	ldi	r30, 0x3A	; 58
    494a:	f0 e0       	ldi	r31, 0x00	; 0
    494c:	80 81       	ld	r24, Z
    494e:	48 2f       	mov	r20, r24
    4950:	8a 81       	ldd	r24, Y+2	; 0x02
    4952:	28 2f       	mov	r18, r24
    4954:	30 e0       	ldi	r19, 0x00	; 0
    4956:	81 e0       	ldi	r24, 0x01	; 1
    4958:	90 e0       	ldi	r25, 0x00	; 0
    495a:	02 2e       	mov	r0, r18
    495c:	02 c0       	rjmp	.+4      	; 0x4962 <GPIO_setupPinDirection+0x8c>
    495e:	88 0f       	add	r24, r24
    4960:	99 1f       	adc	r25, r25
    4962:	0a 94       	dec	r0
    4964:	e2 f7       	brpl	.-8      	; 0x495e <GPIO_setupPinDirection+0x88>
    4966:	80 95       	com	r24
    4968:	84 23       	and	r24, r20
    496a:	8c 93       	st	X, r24
    496c:	a6 c0       	rjmp	.+332    	; 0x4aba <GPIO_setupPinDirection+0x1e4>

					}
					else if ( a_direction == PIN_OUTPUT )
    496e:	8b 81       	ldd	r24, Y+3	; 0x03
    4970:	81 30       	cpi	r24, 0x01	; 1
    4972:	09 f0       	breq	.+2      	; 0x4976 <GPIO_setupPinDirection+0xa0>
    4974:	a2 c0       	rjmp	.+324    	; 0x4aba <GPIO_setupPinDirection+0x1e4>
					{

						/* Common Macro function to Set a bit to 1*/
						SET_BIT( DDRA,a_pinNum );
    4976:	aa e3       	ldi	r26, 0x3A	; 58
    4978:	b0 e0       	ldi	r27, 0x00	; 0
    497a:	ea e3       	ldi	r30, 0x3A	; 58
    497c:	f0 e0       	ldi	r31, 0x00	; 0
    497e:	80 81       	ld	r24, Z
    4980:	48 2f       	mov	r20, r24
    4982:	8a 81       	ldd	r24, Y+2	; 0x02
    4984:	28 2f       	mov	r18, r24
    4986:	30 e0       	ldi	r19, 0x00	; 0
    4988:	81 e0       	ldi	r24, 0x01	; 1
    498a:	90 e0       	ldi	r25, 0x00	; 0
    498c:	02 2e       	mov	r0, r18
    498e:	02 c0       	rjmp	.+4      	; 0x4994 <GPIO_setupPinDirection+0xbe>
    4990:	88 0f       	add	r24, r24
    4992:	99 1f       	adc	r25, r25
    4994:	0a 94       	dec	r0
    4996:	e2 f7       	brpl	.-8      	; 0x4990 <GPIO_setupPinDirection+0xba>
    4998:	84 2b       	or	r24, r20
    499a:	8c 93       	st	X, r24
    499c:	8e c0       	rjmp	.+284    	; 0x4aba <GPIO_setupPinDirection+0x1e4>
					break;

				case PORTB_ID :

				/*------- Selecting the Mode you will set the Pin Direction to --------*/
					if( a_direction == PIN_INPUT )
    499e:	8b 81       	ldd	r24, Y+3	; 0x03
    49a0:	88 23       	and	r24, r24
    49a2:	a9 f4       	brne	.+42     	; 0x49ce <GPIO_setupPinDirection+0xf8>
					{

						/* Common Macro function to clear a bit*/
						 CLEAR_BIT( DDRB,a_pinNum );
    49a4:	a7 e3       	ldi	r26, 0x37	; 55
    49a6:	b0 e0       	ldi	r27, 0x00	; 0
    49a8:	e7 e3       	ldi	r30, 0x37	; 55
    49aa:	f0 e0       	ldi	r31, 0x00	; 0
    49ac:	80 81       	ld	r24, Z
    49ae:	48 2f       	mov	r20, r24
    49b0:	8a 81       	ldd	r24, Y+2	; 0x02
    49b2:	28 2f       	mov	r18, r24
    49b4:	30 e0       	ldi	r19, 0x00	; 0
    49b6:	81 e0       	ldi	r24, 0x01	; 1
    49b8:	90 e0       	ldi	r25, 0x00	; 0
    49ba:	02 2e       	mov	r0, r18
    49bc:	02 c0       	rjmp	.+4      	; 0x49c2 <GPIO_setupPinDirection+0xec>
    49be:	88 0f       	add	r24, r24
    49c0:	99 1f       	adc	r25, r25
    49c2:	0a 94       	dec	r0
    49c4:	e2 f7       	brpl	.-8      	; 0x49be <GPIO_setupPinDirection+0xe8>
    49c6:	80 95       	com	r24
    49c8:	84 23       	and	r24, r20
    49ca:	8c 93       	st	X, r24
    49cc:	76 c0       	rjmp	.+236    	; 0x4aba <GPIO_setupPinDirection+0x1e4>

					}

					else if ( a_direction == PIN_OUTPUT )
    49ce:	8b 81       	ldd	r24, Y+3	; 0x03
    49d0:	81 30       	cpi	r24, 0x01	; 1
    49d2:	09 f0       	breq	.+2      	; 0x49d6 <GPIO_setupPinDirection+0x100>
    49d4:	72 c0       	rjmp	.+228    	; 0x4aba <GPIO_setupPinDirection+0x1e4>
					{

						/* Common Macro function to Set a bit to 1*/
						SET_BIT( DDRB,a_pinNum );
    49d6:	a7 e3       	ldi	r26, 0x37	; 55
    49d8:	b0 e0       	ldi	r27, 0x00	; 0
    49da:	e7 e3       	ldi	r30, 0x37	; 55
    49dc:	f0 e0       	ldi	r31, 0x00	; 0
    49de:	80 81       	ld	r24, Z
    49e0:	48 2f       	mov	r20, r24
    49e2:	8a 81       	ldd	r24, Y+2	; 0x02
    49e4:	28 2f       	mov	r18, r24
    49e6:	30 e0       	ldi	r19, 0x00	; 0
    49e8:	81 e0       	ldi	r24, 0x01	; 1
    49ea:	90 e0       	ldi	r25, 0x00	; 0
    49ec:	02 2e       	mov	r0, r18
    49ee:	02 c0       	rjmp	.+4      	; 0x49f4 <GPIO_setupPinDirection+0x11e>
    49f0:	88 0f       	add	r24, r24
    49f2:	99 1f       	adc	r25, r25
    49f4:	0a 94       	dec	r0
    49f6:	e2 f7       	brpl	.-8      	; 0x49f0 <GPIO_setupPinDirection+0x11a>
    49f8:	84 2b       	or	r24, r20
    49fa:	8c 93       	st	X, r24
    49fc:	5e c0       	rjmp	.+188    	; 0x4aba <GPIO_setupPinDirection+0x1e4>
					break;

				case PORTC_ID :

					/*------- Selecting the Mode you will set the Pin Direction to --------*/
					if( a_direction == PIN_INPUT )
    49fe:	8b 81       	ldd	r24, Y+3	; 0x03
    4a00:	88 23       	and	r24, r24
    4a02:	a9 f4       	brne	.+42     	; 0x4a2e <GPIO_setupPinDirection+0x158>
					{
					/* Common Macro function to clear a bit*/
						 CLEAR_BIT( DDRC,a_pinNum );
    4a04:	a4 e3       	ldi	r26, 0x34	; 52
    4a06:	b0 e0       	ldi	r27, 0x00	; 0
    4a08:	e4 e3       	ldi	r30, 0x34	; 52
    4a0a:	f0 e0       	ldi	r31, 0x00	; 0
    4a0c:	80 81       	ld	r24, Z
    4a0e:	48 2f       	mov	r20, r24
    4a10:	8a 81       	ldd	r24, Y+2	; 0x02
    4a12:	28 2f       	mov	r18, r24
    4a14:	30 e0       	ldi	r19, 0x00	; 0
    4a16:	81 e0       	ldi	r24, 0x01	; 1
    4a18:	90 e0       	ldi	r25, 0x00	; 0
    4a1a:	02 2e       	mov	r0, r18
    4a1c:	02 c0       	rjmp	.+4      	; 0x4a22 <GPIO_setupPinDirection+0x14c>
    4a1e:	88 0f       	add	r24, r24
    4a20:	99 1f       	adc	r25, r25
    4a22:	0a 94       	dec	r0
    4a24:	e2 f7       	brpl	.-8      	; 0x4a1e <GPIO_setupPinDirection+0x148>
    4a26:	80 95       	com	r24
    4a28:	84 23       	and	r24, r20
    4a2a:	8c 93       	st	X, r24
    4a2c:	46 c0       	rjmp	.+140    	; 0x4aba <GPIO_setupPinDirection+0x1e4>

					}

					else if ( a_direction == PIN_OUTPUT )
    4a2e:	8b 81       	ldd	r24, Y+3	; 0x03
    4a30:	81 30       	cpi	r24, 0x01	; 1
    4a32:	09 f0       	breq	.+2      	; 0x4a36 <GPIO_setupPinDirection+0x160>
    4a34:	42 c0       	rjmp	.+132    	; 0x4aba <GPIO_setupPinDirection+0x1e4>
					{

						/* Common Macro function to Set a bit to 1*/
	   					 SET_BIT( DDRC,a_pinNum );
    4a36:	a4 e3       	ldi	r26, 0x34	; 52
    4a38:	b0 e0       	ldi	r27, 0x00	; 0
    4a3a:	e4 e3       	ldi	r30, 0x34	; 52
    4a3c:	f0 e0       	ldi	r31, 0x00	; 0
    4a3e:	80 81       	ld	r24, Z
    4a40:	48 2f       	mov	r20, r24
    4a42:	8a 81       	ldd	r24, Y+2	; 0x02
    4a44:	28 2f       	mov	r18, r24
    4a46:	30 e0       	ldi	r19, 0x00	; 0
    4a48:	81 e0       	ldi	r24, 0x01	; 1
    4a4a:	90 e0       	ldi	r25, 0x00	; 0
    4a4c:	02 2e       	mov	r0, r18
    4a4e:	02 c0       	rjmp	.+4      	; 0x4a54 <GPIO_setupPinDirection+0x17e>
    4a50:	88 0f       	add	r24, r24
    4a52:	99 1f       	adc	r25, r25
    4a54:	0a 94       	dec	r0
    4a56:	e2 f7       	brpl	.-8      	; 0x4a50 <GPIO_setupPinDirection+0x17a>
    4a58:	84 2b       	or	r24, r20
    4a5a:	8c 93       	st	X, r24
    4a5c:	2e c0       	rjmp	.+92     	; 0x4aba <GPIO_setupPinDirection+0x1e4>
					break;

				case PORTD_ID :

					/*------- Selecting the Mode you will set the Pin Direction to --------*/
					if( a_direction == PIN_INPUT )
    4a5e:	8b 81       	ldd	r24, Y+3	; 0x03
    4a60:	88 23       	and	r24, r24
    4a62:	a9 f4       	brne	.+42     	; 0x4a8e <GPIO_setupPinDirection+0x1b8>
					{

						/* Common Macro function to clear a bit*/
						CLEAR_BIT( DDRD,a_pinNum );
    4a64:	a1 e3       	ldi	r26, 0x31	; 49
    4a66:	b0 e0       	ldi	r27, 0x00	; 0
    4a68:	e1 e3       	ldi	r30, 0x31	; 49
    4a6a:	f0 e0       	ldi	r31, 0x00	; 0
    4a6c:	80 81       	ld	r24, Z
    4a6e:	48 2f       	mov	r20, r24
    4a70:	8a 81       	ldd	r24, Y+2	; 0x02
    4a72:	28 2f       	mov	r18, r24
    4a74:	30 e0       	ldi	r19, 0x00	; 0
    4a76:	81 e0       	ldi	r24, 0x01	; 1
    4a78:	90 e0       	ldi	r25, 0x00	; 0
    4a7a:	02 2e       	mov	r0, r18
    4a7c:	02 c0       	rjmp	.+4      	; 0x4a82 <GPIO_setupPinDirection+0x1ac>
    4a7e:	88 0f       	add	r24, r24
    4a80:	99 1f       	adc	r25, r25
    4a82:	0a 94       	dec	r0
    4a84:	e2 f7       	brpl	.-8      	; 0x4a7e <GPIO_setupPinDirection+0x1a8>
    4a86:	80 95       	com	r24
    4a88:	84 23       	and	r24, r20
    4a8a:	8c 93       	st	X, r24
    4a8c:	16 c0       	rjmp	.+44     	; 0x4aba <GPIO_setupPinDirection+0x1e4>

					}

					else if ( a_direction == PIN_OUTPUT )
    4a8e:	8b 81       	ldd	r24, Y+3	; 0x03
    4a90:	81 30       	cpi	r24, 0x01	; 1
    4a92:	99 f4       	brne	.+38     	; 0x4aba <GPIO_setupPinDirection+0x1e4>
					{
						/* Common Macro function to Set a bit to 1*/
						SET_BIT( DDRD,a_pinNum );
    4a94:	a1 e3       	ldi	r26, 0x31	; 49
    4a96:	b0 e0       	ldi	r27, 0x00	; 0
    4a98:	e1 e3       	ldi	r30, 0x31	; 49
    4a9a:	f0 e0       	ldi	r31, 0x00	; 0
    4a9c:	80 81       	ld	r24, Z
    4a9e:	48 2f       	mov	r20, r24
    4aa0:	8a 81       	ldd	r24, Y+2	; 0x02
    4aa2:	28 2f       	mov	r18, r24
    4aa4:	30 e0       	ldi	r19, 0x00	; 0
    4aa6:	81 e0       	ldi	r24, 0x01	; 1
    4aa8:	90 e0       	ldi	r25, 0x00	; 0
    4aaa:	02 2e       	mov	r0, r18
    4aac:	02 c0       	rjmp	.+4      	; 0x4ab2 <GPIO_setupPinDirection+0x1dc>
    4aae:	88 0f       	add	r24, r24
    4ab0:	99 1f       	adc	r25, r25
    4ab2:	0a 94       	dec	r0
    4ab4:	e2 f7       	brpl	.-8      	; 0x4aae <GPIO_setupPinDirection+0x1d8>
    4ab6:	84 2b       	or	r24, r20
    4ab8:	8c 93       	st	X, r24

	}



}
    4aba:	0f 90       	pop	r0
    4abc:	0f 90       	pop	r0
    4abe:	0f 90       	pop	r0
    4ac0:	0f 90       	pop	r0
    4ac2:	0f 90       	pop	r0
    4ac4:	cf 91       	pop	r28
    4ac6:	df 91       	pop	r29
    4ac8:	08 95       	ret

00004aca <GPIO_writePin>:


/* Writing a logic 0 or 1 on an Output pin */
void GPIO_writePin(uint8 a_portNum,uint8 a_pinNum,uint8 a_value)
{
    4aca:	df 93       	push	r29
    4acc:	cf 93       	push	r28
    4ace:	00 d0       	rcall	.+0      	; 0x4ad0 <GPIO_writePin+0x6>
    4ad0:	00 d0       	rcall	.+0      	; 0x4ad2 <GPIO_writePin+0x8>
    4ad2:	0f 92       	push	r0
    4ad4:	cd b7       	in	r28, 0x3d	; 61
    4ad6:	de b7       	in	r29, 0x3e	; 62
    4ad8:	89 83       	std	Y+1, r24	; 0x01
    4ada:	6a 83       	std	Y+2, r22	; 0x02
    4adc:	4b 83       	std	Y+3, r20	; 0x03

	/* Checking the number given by the user is valid  for Port number and Pin number */

	if( a_portNum>=GPIO_NUM_OF_PORTS || a_pinNum>=GPIO_NUM_OF_PINS )
    4ade:	89 81       	ldd	r24, Y+1	; 0x01
    4ae0:	84 30       	cpi	r24, 0x04	; 4
    4ae2:	08 f0       	brcs	.+2      	; 0x4ae6 <GPIO_writePin+0x1c>
    4ae4:	e4 c0       	rjmp	.+456    	; 0x4cae <GPIO_writePin+0x1e4>
    4ae6:	8a 81       	ldd	r24, Y+2	; 0x02
    4ae8:	88 30       	cpi	r24, 0x08	; 8
    4aea:	08 f0       	brcs	.+2      	; 0x4aee <GPIO_writePin+0x24>
    4aec:	e0 c0       	rjmp	.+448    	; 0x4cae <GPIO_writePin+0x1e4>
	/*------- If the number is within the range--------*/
		else
		{

		/*------- Selecting the Port you will write on a Pin in --------*/
			switch ( a_portNum )
    4aee:	89 81       	ldd	r24, Y+1	; 0x01
    4af0:	28 2f       	mov	r18, r24
    4af2:	30 e0       	ldi	r19, 0x00	; 0
    4af4:	3d 83       	std	Y+5, r19	; 0x05
    4af6:	2c 83       	std	Y+4, r18	; 0x04
    4af8:	8c 81       	ldd	r24, Y+4	; 0x04
    4afa:	9d 81       	ldd	r25, Y+5	; 0x05
    4afc:	81 30       	cpi	r24, 0x01	; 1
    4afe:	91 05       	cpc	r25, r1
    4b00:	09 f4       	brne	.+2      	; 0x4b04 <GPIO_writePin+0x3a>
    4b02:	47 c0       	rjmp	.+142    	; 0x4b92 <GPIO_writePin+0xc8>
    4b04:	2c 81       	ldd	r18, Y+4	; 0x04
    4b06:	3d 81       	ldd	r19, Y+5	; 0x05
    4b08:	22 30       	cpi	r18, 0x02	; 2
    4b0a:	31 05       	cpc	r19, r1
    4b0c:	2c f4       	brge	.+10     	; 0x4b18 <GPIO_writePin+0x4e>
    4b0e:	8c 81       	ldd	r24, Y+4	; 0x04
    4b10:	9d 81       	ldd	r25, Y+5	; 0x05
    4b12:	00 97       	sbiw	r24, 0x00	; 0
    4b14:	71 f0       	breq	.+28     	; 0x4b32 <GPIO_writePin+0x68>
    4b16:	cb c0       	rjmp	.+406    	; 0x4cae <GPIO_writePin+0x1e4>
    4b18:	2c 81       	ldd	r18, Y+4	; 0x04
    4b1a:	3d 81       	ldd	r19, Y+5	; 0x05
    4b1c:	22 30       	cpi	r18, 0x02	; 2
    4b1e:	31 05       	cpc	r19, r1
    4b20:	09 f4       	brne	.+2      	; 0x4b24 <GPIO_writePin+0x5a>
    4b22:	67 c0       	rjmp	.+206    	; 0x4bf2 <GPIO_writePin+0x128>
    4b24:	8c 81       	ldd	r24, Y+4	; 0x04
    4b26:	9d 81       	ldd	r25, Y+5	; 0x05
    4b28:	83 30       	cpi	r24, 0x03	; 3
    4b2a:	91 05       	cpc	r25, r1
    4b2c:	09 f4       	brne	.+2      	; 0x4b30 <GPIO_writePin+0x66>
    4b2e:	91 c0       	rjmp	.+290    	; 0x4c52 <GPIO_writePin+0x188>
    4b30:	be c0       	rjmp	.+380    	; 0x4cae <GPIO_writePin+0x1e4>
			{
					case PORTA_ID :

		/*------- Selecting the value you will write on a Pin in --------*/
						if( a_value == LOGIC_LOW )
    4b32:	8b 81       	ldd	r24, Y+3	; 0x03
    4b34:	88 23       	and	r24, r24
    4b36:	a9 f4       	brne	.+42     	; 0x4b62 <GPIO_writePin+0x98>
						{

							/* Common Macro function to clear a bit*/
							CLEAR_BIT( PORTA,a_pinNum );
    4b38:	ab e3       	ldi	r26, 0x3B	; 59
    4b3a:	b0 e0       	ldi	r27, 0x00	; 0
    4b3c:	eb e3       	ldi	r30, 0x3B	; 59
    4b3e:	f0 e0       	ldi	r31, 0x00	; 0
    4b40:	80 81       	ld	r24, Z
    4b42:	48 2f       	mov	r20, r24
    4b44:	8a 81       	ldd	r24, Y+2	; 0x02
    4b46:	28 2f       	mov	r18, r24
    4b48:	30 e0       	ldi	r19, 0x00	; 0
    4b4a:	81 e0       	ldi	r24, 0x01	; 1
    4b4c:	90 e0       	ldi	r25, 0x00	; 0
    4b4e:	02 2e       	mov	r0, r18
    4b50:	02 c0       	rjmp	.+4      	; 0x4b56 <GPIO_writePin+0x8c>
    4b52:	88 0f       	add	r24, r24
    4b54:	99 1f       	adc	r25, r25
    4b56:	0a 94       	dec	r0
    4b58:	e2 f7       	brpl	.-8      	; 0x4b52 <GPIO_writePin+0x88>
    4b5a:	80 95       	com	r24
    4b5c:	84 23       	and	r24, r20
    4b5e:	8c 93       	st	X, r24
    4b60:	a6 c0       	rjmp	.+332    	; 0x4cae <GPIO_writePin+0x1e4>

						}
						else if ( a_value == LOGIC_HIGH )
    4b62:	8b 81       	ldd	r24, Y+3	; 0x03
    4b64:	81 30       	cpi	r24, 0x01	; 1
    4b66:	09 f0       	breq	.+2      	; 0x4b6a <GPIO_writePin+0xa0>
    4b68:	a2 c0       	rjmp	.+324    	; 0x4cae <GPIO_writePin+0x1e4>
						{

							/* Common Macro function to Set a bit to 1*/
							SET_BIT( PORTA,a_pinNum );
    4b6a:	ab e3       	ldi	r26, 0x3B	; 59
    4b6c:	b0 e0       	ldi	r27, 0x00	; 0
    4b6e:	eb e3       	ldi	r30, 0x3B	; 59
    4b70:	f0 e0       	ldi	r31, 0x00	; 0
    4b72:	80 81       	ld	r24, Z
    4b74:	48 2f       	mov	r20, r24
    4b76:	8a 81       	ldd	r24, Y+2	; 0x02
    4b78:	28 2f       	mov	r18, r24
    4b7a:	30 e0       	ldi	r19, 0x00	; 0
    4b7c:	81 e0       	ldi	r24, 0x01	; 1
    4b7e:	90 e0       	ldi	r25, 0x00	; 0
    4b80:	02 2e       	mov	r0, r18
    4b82:	02 c0       	rjmp	.+4      	; 0x4b88 <GPIO_writePin+0xbe>
    4b84:	88 0f       	add	r24, r24
    4b86:	99 1f       	adc	r25, r25
    4b88:	0a 94       	dec	r0
    4b8a:	e2 f7       	brpl	.-8      	; 0x4b84 <GPIO_writePin+0xba>
    4b8c:	84 2b       	or	r24, r20
    4b8e:	8c 93       	st	X, r24
    4b90:	8e c0       	rjmp	.+284    	; 0x4cae <GPIO_writePin+0x1e4>
						break;

					case PORTB_ID :

					/*------- Selecting the value you will write on a Pin in --------*/
						if( a_value == LOGIC_LOW )
    4b92:	8b 81       	ldd	r24, Y+3	; 0x03
    4b94:	88 23       	and	r24, r24
    4b96:	a9 f4       	brne	.+42     	; 0x4bc2 <GPIO_writePin+0xf8>
						{

							/* Common Macro function to clear a bit*/
							 CLEAR_BIT( PORTB,a_pinNum );
    4b98:	a8 e3       	ldi	r26, 0x38	; 56
    4b9a:	b0 e0       	ldi	r27, 0x00	; 0
    4b9c:	e8 e3       	ldi	r30, 0x38	; 56
    4b9e:	f0 e0       	ldi	r31, 0x00	; 0
    4ba0:	80 81       	ld	r24, Z
    4ba2:	48 2f       	mov	r20, r24
    4ba4:	8a 81       	ldd	r24, Y+2	; 0x02
    4ba6:	28 2f       	mov	r18, r24
    4ba8:	30 e0       	ldi	r19, 0x00	; 0
    4baa:	81 e0       	ldi	r24, 0x01	; 1
    4bac:	90 e0       	ldi	r25, 0x00	; 0
    4bae:	02 2e       	mov	r0, r18
    4bb0:	02 c0       	rjmp	.+4      	; 0x4bb6 <GPIO_writePin+0xec>
    4bb2:	88 0f       	add	r24, r24
    4bb4:	99 1f       	adc	r25, r25
    4bb6:	0a 94       	dec	r0
    4bb8:	e2 f7       	brpl	.-8      	; 0x4bb2 <GPIO_writePin+0xe8>
    4bba:	80 95       	com	r24
    4bbc:	84 23       	and	r24, r20
    4bbe:	8c 93       	st	X, r24
    4bc0:	76 c0       	rjmp	.+236    	; 0x4cae <GPIO_writePin+0x1e4>

						}

						else if ( a_value == LOGIC_HIGH )
    4bc2:	8b 81       	ldd	r24, Y+3	; 0x03
    4bc4:	81 30       	cpi	r24, 0x01	; 1
    4bc6:	09 f0       	breq	.+2      	; 0x4bca <GPIO_writePin+0x100>
    4bc8:	72 c0       	rjmp	.+228    	; 0x4cae <GPIO_writePin+0x1e4>
						{

							/* Common Macro function to Set a bit to 1*/
							SET_BIT( PORTB,a_pinNum );
    4bca:	a8 e3       	ldi	r26, 0x38	; 56
    4bcc:	b0 e0       	ldi	r27, 0x00	; 0
    4bce:	e8 e3       	ldi	r30, 0x38	; 56
    4bd0:	f0 e0       	ldi	r31, 0x00	; 0
    4bd2:	80 81       	ld	r24, Z
    4bd4:	48 2f       	mov	r20, r24
    4bd6:	8a 81       	ldd	r24, Y+2	; 0x02
    4bd8:	28 2f       	mov	r18, r24
    4bda:	30 e0       	ldi	r19, 0x00	; 0
    4bdc:	81 e0       	ldi	r24, 0x01	; 1
    4bde:	90 e0       	ldi	r25, 0x00	; 0
    4be0:	02 2e       	mov	r0, r18
    4be2:	02 c0       	rjmp	.+4      	; 0x4be8 <GPIO_writePin+0x11e>
    4be4:	88 0f       	add	r24, r24
    4be6:	99 1f       	adc	r25, r25
    4be8:	0a 94       	dec	r0
    4bea:	e2 f7       	brpl	.-8      	; 0x4be4 <GPIO_writePin+0x11a>
    4bec:	84 2b       	or	r24, r20
    4bee:	8c 93       	st	X, r24
    4bf0:	5e c0       	rjmp	.+188    	; 0x4cae <GPIO_writePin+0x1e4>
						break;

					case PORTC_ID :

						/*------- Selecting the value you will write on a Pin in --------*/
						if( a_value == LOGIC_LOW )
    4bf2:	8b 81       	ldd	r24, Y+3	; 0x03
    4bf4:	88 23       	and	r24, r24
    4bf6:	a9 f4       	brne	.+42     	; 0x4c22 <GPIO_writePin+0x158>
						{

							/* Common Macro function to clear a bit*/
							 CLEAR_BIT( PORTC,a_pinNum );
    4bf8:	a5 e3       	ldi	r26, 0x35	; 53
    4bfa:	b0 e0       	ldi	r27, 0x00	; 0
    4bfc:	e5 e3       	ldi	r30, 0x35	; 53
    4bfe:	f0 e0       	ldi	r31, 0x00	; 0
    4c00:	80 81       	ld	r24, Z
    4c02:	48 2f       	mov	r20, r24
    4c04:	8a 81       	ldd	r24, Y+2	; 0x02
    4c06:	28 2f       	mov	r18, r24
    4c08:	30 e0       	ldi	r19, 0x00	; 0
    4c0a:	81 e0       	ldi	r24, 0x01	; 1
    4c0c:	90 e0       	ldi	r25, 0x00	; 0
    4c0e:	02 2e       	mov	r0, r18
    4c10:	02 c0       	rjmp	.+4      	; 0x4c16 <GPIO_writePin+0x14c>
    4c12:	88 0f       	add	r24, r24
    4c14:	99 1f       	adc	r25, r25
    4c16:	0a 94       	dec	r0
    4c18:	e2 f7       	brpl	.-8      	; 0x4c12 <GPIO_writePin+0x148>
    4c1a:	80 95       	com	r24
    4c1c:	84 23       	and	r24, r20
    4c1e:	8c 93       	st	X, r24
    4c20:	46 c0       	rjmp	.+140    	; 0x4cae <GPIO_writePin+0x1e4>

						}

						else if ( a_value == LOGIC_HIGH )
    4c22:	8b 81       	ldd	r24, Y+3	; 0x03
    4c24:	81 30       	cpi	r24, 0x01	; 1
    4c26:	09 f0       	breq	.+2      	; 0x4c2a <GPIO_writePin+0x160>
    4c28:	42 c0       	rjmp	.+132    	; 0x4cae <GPIO_writePin+0x1e4>
						{

							/* Common Macro function to Set a bit to 1*/
		   					 SET_BIT( PORTC,a_pinNum );
    4c2a:	a5 e3       	ldi	r26, 0x35	; 53
    4c2c:	b0 e0       	ldi	r27, 0x00	; 0
    4c2e:	e5 e3       	ldi	r30, 0x35	; 53
    4c30:	f0 e0       	ldi	r31, 0x00	; 0
    4c32:	80 81       	ld	r24, Z
    4c34:	48 2f       	mov	r20, r24
    4c36:	8a 81       	ldd	r24, Y+2	; 0x02
    4c38:	28 2f       	mov	r18, r24
    4c3a:	30 e0       	ldi	r19, 0x00	; 0
    4c3c:	81 e0       	ldi	r24, 0x01	; 1
    4c3e:	90 e0       	ldi	r25, 0x00	; 0
    4c40:	02 2e       	mov	r0, r18
    4c42:	02 c0       	rjmp	.+4      	; 0x4c48 <GPIO_writePin+0x17e>
    4c44:	88 0f       	add	r24, r24
    4c46:	99 1f       	adc	r25, r25
    4c48:	0a 94       	dec	r0
    4c4a:	e2 f7       	brpl	.-8      	; 0x4c44 <GPIO_writePin+0x17a>
    4c4c:	84 2b       	or	r24, r20
    4c4e:	8c 93       	st	X, r24
    4c50:	2e c0       	rjmp	.+92     	; 0x4cae <GPIO_writePin+0x1e4>
						break;

					case PORTD_ID :

						/*------- Selecting the value you will write on a Pin in --------*/
						if( a_value == LOGIC_LOW )
    4c52:	8b 81       	ldd	r24, Y+3	; 0x03
    4c54:	88 23       	and	r24, r24
    4c56:	a9 f4       	brne	.+42     	; 0x4c82 <GPIO_writePin+0x1b8>
						{

							/* Common Macro function to clear a bit*/
							CLEAR_BIT( PORTD,a_pinNum );
    4c58:	a2 e3       	ldi	r26, 0x32	; 50
    4c5a:	b0 e0       	ldi	r27, 0x00	; 0
    4c5c:	e2 e3       	ldi	r30, 0x32	; 50
    4c5e:	f0 e0       	ldi	r31, 0x00	; 0
    4c60:	80 81       	ld	r24, Z
    4c62:	48 2f       	mov	r20, r24
    4c64:	8a 81       	ldd	r24, Y+2	; 0x02
    4c66:	28 2f       	mov	r18, r24
    4c68:	30 e0       	ldi	r19, 0x00	; 0
    4c6a:	81 e0       	ldi	r24, 0x01	; 1
    4c6c:	90 e0       	ldi	r25, 0x00	; 0
    4c6e:	02 2e       	mov	r0, r18
    4c70:	02 c0       	rjmp	.+4      	; 0x4c76 <GPIO_writePin+0x1ac>
    4c72:	88 0f       	add	r24, r24
    4c74:	99 1f       	adc	r25, r25
    4c76:	0a 94       	dec	r0
    4c78:	e2 f7       	brpl	.-8      	; 0x4c72 <GPIO_writePin+0x1a8>
    4c7a:	80 95       	com	r24
    4c7c:	84 23       	and	r24, r20
    4c7e:	8c 93       	st	X, r24
    4c80:	16 c0       	rjmp	.+44     	; 0x4cae <GPIO_writePin+0x1e4>

						}

						else if ( a_value == LOGIC_HIGH )
    4c82:	8b 81       	ldd	r24, Y+3	; 0x03
    4c84:	81 30       	cpi	r24, 0x01	; 1
    4c86:	99 f4       	brne	.+38     	; 0x4cae <GPIO_writePin+0x1e4>
						{

							/* Common Macro function to Set a bit to 1*/
							SET_BIT( PORTD,a_pinNum );
    4c88:	a2 e3       	ldi	r26, 0x32	; 50
    4c8a:	b0 e0       	ldi	r27, 0x00	; 0
    4c8c:	e2 e3       	ldi	r30, 0x32	; 50
    4c8e:	f0 e0       	ldi	r31, 0x00	; 0
    4c90:	80 81       	ld	r24, Z
    4c92:	48 2f       	mov	r20, r24
    4c94:	8a 81       	ldd	r24, Y+2	; 0x02
    4c96:	28 2f       	mov	r18, r24
    4c98:	30 e0       	ldi	r19, 0x00	; 0
    4c9a:	81 e0       	ldi	r24, 0x01	; 1
    4c9c:	90 e0       	ldi	r25, 0x00	; 0
    4c9e:	02 2e       	mov	r0, r18
    4ca0:	02 c0       	rjmp	.+4      	; 0x4ca6 <GPIO_writePin+0x1dc>
    4ca2:	88 0f       	add	r24, r24
    4ca4:	99 1f       	adc	r25, r25
    4ca6:	0a 94       	dec	r0
    4ca8:	e2 f7       	brpl	.-8      	; 0x4ca2 <GPIO_writePin+0x1d8>
    4caa:	84 2b       	or	r24, r20
    4cac:	8c 93       	st	X, r24
		}




}
    4cae:	0f 90       	pop	r0
    4cb0:	0f 90       	pop	r0
    4cb2:	0f 90       	pop	r0
    4cb4:	0f 90       	pop	r0
    4cb6:	0f 90       	pop	r0
    4cb8:	cf 91       	pop	r28
    4cba:	df 91       	pop	r29
    4cbc:	08 95       	ret

00004cbe <GPIO_togglePin>:



void GPIO_togglePin(uint8 a_portNum,uint8 a_pinNum)
{
    4cbe:	df 93       	push	r29
    4cc0:	cf 93       	push	r28
    4cc2:	00 d0       	rcall	.+0      	; 0x4cc4 <GPIO_togglePin+0x6>
    4cc4:	00 d0       	rcall	.+0      	; 0x4cc6 <GPIO_togglePin+0x8>
    4cc6:	cd b7       	in	r28, 0x3d	; 61
    4cc8:	de b7       	in	r29, 0x3e	; 62
    4cca:	89 83       	std	Y+1, r24	; 0x01
    4ccc:	6a 83       	std	Y+2, r22	; 0x02
	/* Checking the number given by the user is valid  for Port number and Pin number */

	if( a_portNum>=GPIO_NUM_OF_PORTS || a_pinNum>=GPIO_NUM_OF_PINS )
    4cce:	89 81       	ldd	r24, Y+1	; 0x01
    4cd0:	84 30       	cpi	r24, 0x04	; 4
    4cd2:	08 f0       	brcs	.+2      	; 0x4cd6 <GPIO_togglePin+0x18>
    4cd4:	72 c0       	rjmp	.+228    	; 0x4dba <GPIO_togglePin+0xfc>
    4cd6:	8a 81       	ldd	r24, Y+2	; 0x02
    4cd8:	88 30       	cpi	r24, 0x08	; 8
    4cda:	08 f0       	brcs	.+2      	; 0x4cde <GPIO_togglePin+0x20>
    4cdc:	6e c0       	rjmp	.+220    	; 0x4dba <GPIO_togglePin+0xfc>
	/*------- If the number is within the range--------*/
		else
		{

		/*------- Selecting the Port you will toggle a Pin in --------*/
			switch ( a_portNum )
    4cde:	89 81       	ldd	r24, Y+1	; 0x01
    4ce0:	28 2f       	mov	r18, r24
    4ce2:	30 e0       	ldi	r19, 0x00	; 0
    4ce4:	3c 83       	std	Y+4, r19	; 0x04
    4ce6:	2b 83       	std	Y+3, r18	; 0x03
    4ce8:	8b 81       	ldd	r24, Y+3	; 0x03
    4cea:	9c 81       	ldd	r25, Y+4	; 0x04
    4cec:	81 30       	cpi	r24, 0x01	; 1
    4cee:	91 05       	cpc	r25, r1
    4cf0:	49 f1       	breq	.+82     	; 0x4d44 <GPIO_togglePin+0x86>
    4cf2:	2b 81       	ldd	r18, Y+3	; 0x03
    4cf4:	3c 81       	ldd	r19, Y+4	; 0x04
    4cf6:	22 30       	cpi	r18, 0x02	; 2
    4cf8:	31 05       	cpc	r19, r1
    4cfa:	2c f4       	brge	.+10     	; 0x4d06 <GPIO_togglePin+0x48>
    4cfc:	8b 81       	ldd	r24, Y+3	; 0x03
    4cfe:	9c 81       	ldd	r25, Y+4	; 0x04
    4d00:	00 97       	sbiw	r24, 0x00	; 0
    4d02:	61 f0       	breq	.+24     	; 0x4d1c <GPIO_togglePin+0x5e>
    4d04:	5a c0       	rjmp	.+180    	; 0x4dba <GPIO_togglePin+0xfc>
    4d06:	2b 81       	ldd	r18, Y+3	; 0x03
    4d08:	3c 81       	ldd	r19, Y+4	; 0x04
    4d0a:	22 30       	cpi	r18, 0x02	; 2
    4d0c:	31 05       	cpc	r19, r1
    4d0e:	71 f1       	breq	.+92     	; 0x4d6c <GPIO_togglePin+0xae>
    4d10:	8b 81       	ldd	r24, Y+3	; 0x03
    4d12:	9c 81       	ldd	r25, Y+4	; 0x04
    4d14:	83 30       	cpi	r24, 0x03	; 3
    4d16:	91 05       	cpc	r25, r1
    4d18:	e9 f1       	breq	.+122    	; 0x4d94 <GPIO_togglePin+0xd6>
    4d1a:	4f c0       	rjmp	.+158    	; 0x4dba <GPIO_togglePin+0xfc>
			{
					case PORTA_ID :

				/* Common Macro function to Toggle a bit*/
					TOGGLE_BIT(PORTA,a_pinNum);
    4d1c:	ab e3       	ldi	r26, 0x3B	; 59
    4d1e:	b0 e0       	ldi	r27, 0x00	; 0
    4d20:	eb e3       	ldi	r30, 0x3B	; 59
    4d22:	f0 e0       	ldi	r31, 0x00	; 0
    4d24:	80 81       	ld	r24, Z
    4d26:	48 2f       	mov	r20, r24
    4d28:	8a 81       	ldd	r24, Y+2	; 0x02
    4d2a:	28 2f       	mov	r18, r24
    4d2c:	30 e0       	ldi	r19, 0x00	; 0
    4d2e:	81 e0       	ldi	r24, 0x01	; 1
    4d30:	90 e0       	ldi	r25, 0x00	; 0
    4d32:	02 2e       	mov	r0, r18
    4d34:	02 c0       	rjmp	.+4      	; 0x4d3a <GPIO_togglePin+0x7c>
    4d36:	88 0f       	add	r24, r24
    4d38:	99 1f       	adc	r25, r25
    4d3a:	0a 94       	dec	r0
    4d3c:	e2 f7       	brpl	.-8      	; 0x4d36 <GPIO_togglePin+0x78>
    4d3e:	84 27       	eor	r24, r20
    4d40:	8c 93       	st	X, r24
    4d42:	3b c0       	rjmp	.+118    	; 0x4dba <GPIO_togglePin+0xfc>
						break;

					case PORTB_ID :

				/* Common Macro function to Toggle a bit*/
						TOGGLE_BIT(PORTB,a_pinNum);
    4d44:	a8 e3       	ldi	r26, 0x38	; 56
    4d46:	b0 e0       	ldi	r27, 0x00	; 0
    4d48:	e8 e3       	ldi	r30, 0x38	; 56
    4d4a:	f0 e0       	ldi	r31, 0x00	; 0
    4d4c:	80 81       	ld	r24, Z
    4d4e:	48 2f       	mov	r20, r24
    4d50:	8a 81       	ldd	r24, Y+2	; 0x02
    4d52:	28 2f       	mov	r18, r24
    4d54:	30 e0       	ldi	r19, 0x00	; 0
    4d56:	81 e0       	ldi	r24, 0x01	; 1
    4d58:	90 e0       	ldi	r25, 0x00	; 0
    4d5a:	02 2e       	mov	r0, r18
    4d5c:	02 c0       	rjmp	.+4      	; 0x4d62 <GPIO_togglePin+0xa4>
    4d5e:	88 0f       	add	r24, r24
    4d60:	99 1f       	adc	r25, r25
    4d62:	0a 94       	dec	r0
    4d64:	e2 f7       	brpl	.-8      	; 0x4d5e <GPIO_togglePin+0xa0>
    4d66:	84 27       	eor	r24, r20
    4d68:	8c 93       	st	X, r24
    4d6a:	27 c0       	rjmp	.+78     	; 0x4dba <GPIO_togglePin+0xfc>
						break;

					case PORTC_ID :

				/* Common Macro function to Toggle a bit*/
						TOGGLE_BIT(PORTC,a_pinNum);
    4d6c:	a5 e3       	ldi	r26, 0x35	; 53
    4d6e:	b0 e0       	ldi	r27, 0x00	; 0
    4d70:	e5 e3       	ldi	r30, 0x35	; 53
    4d72:	f0 e0       	ldi	r31, 0x00	; 0
    4d74:	80 81       	ld	r24, Z
    4d76:	48 2f       	mov	r20, r24
    4d78:	8a 81       	ldd	r24, Y+2	; 0x02
    4d7a:	28 2f       	mov	r18, r24
    4d7c:	30 e0       	ldi	r19, 0x00	; 0
    4d7e:	81 e0       	ldi	r24, 0x01	; 1
    4d80:	90 e0       	ldi	r25, 0x00	; 0
    4d82:	02 2e       	mov	r0, r18
    4d84:	02 c0       	rjmp	.+4      	; 0x4d8a <GPIO_togglePin+0xcc>
    4d86:	88 0f       	add	r24, r24
    4d88:	99 1f       	adc	r25, r25
    4d8a:	0a 94       	dec	r0
    4d8c:	e2 f7       	brpl	.-8      	; 0x4d86 <GPIO_togglePin+0xc8>
    4d8e:	84 27       	eor	r24, r20
    4d90:	8c 93       	st	X, r24
    4d92:	13 c0       	rjmp	.+38     	; 0x4dba <GPIO_togglePin+0xfc>
						break;

					case PORTD_ID :

				/* Common Macro function to Toggle a bit*/
						TOGGLE_BIT(PORTD,a_pinNum);
    4d94:	a2 e3       	ldi	r26, 0x32	; 50
    4d96:	b0 e0       	ldi	r27, 0x00	; 0
    4d98:	e2 e3       	ldi	r30, 0x32	; 50
    4d9a:	f0 e0       	ldi	r31, 0x00	; 0
    4d9c:	80 81       	ld	r24, Z
    4d9e:	48 2f       	mov	r20, r24
    4da0:	8a 81       	ldd	r24, Y+2	; 0x02
    4da2:	28 2f       	mov	r18, r24
    4da4:	30 e0       	ldi	r19, 0x00	; 0
    4da6:	81 e0       	ldi	r24, 0x01	; 1
    4da8:	90 e0       	ldi	r25, 0x00	; 0
    4daa:	02 2e       	mov	r0, r18
    4dac:	02 c0       	rjmp	.+4      	; 0x4db2 <GPIO_togglePin+0xf4>
    4dae:	88 0f       	add	r24, r24
    4db0:	99 1f       	adc	r25, r25
    4db2:	0a 94       	dec	r0
    4db4:	e2 f7       	brpl	.-8      	; 0x4dae <GPIO_togglePin+0xf0>
    4db6:	84 27       	eor	r24, r20
    4db8:	8c 93       	st	X, r24


		}


}
    4dba:	0f 90       	pop	r0
    4dbc:	0f 90       	pop	r0
    4dbe:	0f 90       	pop	r0
    4dc0:	0f 90       	pop	r0
    4dc2:	cf 91       	pop	r28
    4dc4:	df 91       	pop	r29
    4dc6:	08 95       	ret

00004dc8 <GPIO_readPin>:



/* Reading the value on an Input pin and returning it's value */
uint8 GPIO_readPin( uint8 a_portNum,uint8 a_pinNum )
{
    4dc8:	df 93       	push	r29
    4dca:	cf 93       	push	r28
    4dcc:	00 d0       	rcall	.+0      	; 0x4dce <GPIO_readPin+0x6>
    4dce:	00 d0       	rcall	.+0      	; 0x4dd0 <GPIO_readPin+0x8>
    4dd0:	00 d0       	rcall	.+0      	; 0x4dd2 <GPIO_readPin+0xa>
    4dd2:	cd b7       	in	r28, 0x3d	; 61
    4dd4:	de b7       	in	r29, 0x3e	; 62
    4dd6:	8a 83       	std	Y+2, r24	; 0x02
    4dd8:	6b 83       	std	Y+3, r22	; 0x03
	uint8 a_pinValue = LOGIC_LOW;
    4dda:	19 82       	std	Y+1, r1	; 0x01

	/* Checking the number given by the user is valid  for Port number and Pin number */
	if( a_portNum>=GPIO_NUM_OF_PORTS || a_pinNum>=GPIO_NUM_OF_PINS )
    4ddc:	8a 81       	ldd	r24, Y+2	; 0x02
    4dde:	84 30       	cpi	r24, 0x04	; 4
    4de0:	18 f4       	brcc	.+6      	; 0x4de8 <GPIO_readPin+0x20>
    4de2:	8b 81       	ldd	r24, Y+3	; 0x03
    4de4:	88 30       	cpi	r24, 0x08	; 8
    4de6:	18 f0       	brcs	.+6      	; 0x4dee <GPIO_readPin+0x26>
	{

		/*------- If the number is not within the range--------*/

						return a_pinValue;
    4de8:	29 81       	ldd	r18, Y+1	; 0x01
    4dea:	2e 83       	std	Y+6, r18	; 0x06
    4dec:	82 c0       	rjmp	.+260    	; 0x4ef2 <GPIO_readPin+0x12a>

	/*------- If the number is within the range--------*/
	else
	{
		/*------- Selecting the Port you will read a Pin from --------*/
		switch ( a_portNum )
    4dee:	8a 81       	ldd	r24, Y+2	; 0x02
    4df0:	48 2f       	mov	r20, r24
    4df2:	50 e0       	ldi	r21, 0x00	; 0
    4df4:	5d 83       	std	Y+5, r21	; 0x05
    4df6:	4c 83       	std	Y+4, r20	; 0x04
    4df8:	8c 81       	ldd	r24, Y+4	; 0x04
    4dfa:	9d 81       	ldd	r25, Y+5	; 0x05
    4dfc:	81 30       	cpi	r24, 0x01	; 1
    4dfe:	91 05       	cpc	r25, r1
    4e00:	79 f1       	breq	.+94     	; 0x4e60 <GPIO_readPin+0x98>
    4e02:	2c 81       	ldd	r18, Y+4	; 0x04
    4e04:	3d 81       	ldd	r19, Y+5	; 0x05
    4e06:	22 30       	cpi	r18, 0x02	; 2
    4e08:	31 05       	cpc	r19, r1
    4e0a:	34 f4       	brge	.+12     	; 0x4e18 <GPIO_readPin+0x50>
    4e0c:	4c 81       	ldd	r20, Y+4	; 0x04
    4e0e:	5d 81       	ldd	r21, Y+5	; 0x05
    4e10:	41 15       	cp	r20, r1
    4e12:	51 05       	cpc	r21, r1
    4e14:	69 f0       	breq	.+26     	; 0x4e30 <GPIO_readPin+0x68>
    4e16:	6b c0       	rjmp	.+214    	; 0x4eee <GPIO_readPin+0x126>
    4e18:	8c 81       	ldd	r24, Y+4	; 0x04
    4e1a:	9d 81       	ldd	r25, Y+5	; 0x05
    4e1c:	82 30       	cpi	r24, 0x02	; 2
    4e1e:	91 05       	cpc	r25, r1
    4e20:	b9 f1       	breq	.+110    	; 0x4e90 <GPIO_readPin+0xc8>
    4e22:	2c 81       	ldd	r18, Y+4	; 0x04
    4e24:	3d 81       	ldd	r19, Y+5	; 0x05
    4e26:	23 30       	cpi	r18, 0x03	; 3
    4e28:	31 05       	cpc	r19, r1
    4e2a:	09 f4       	brne	.+2      	; 0x4e2e <GPIO_readPin+0x66>
    4e2c:	49 c0       	rjmp	.+146    	; 0x4ec0 <GPIO_readPin+0xf8>
    4e2e:	5f c0       	rjmp	.+190    	; 0x4eee <GPIO_readPin+0x126>
		{
		case PORTA_ID :
		/*------- Checking the Pin value by a Common macro function--------*/
			if( BIT_IS_SET(PINA,a_pinNum) )
    4e30:	e9 e3       	ldi	r30, 0x39	; 57
    4e32:	f0 e0       	ldi	r31, 0x00	; 0
    4e34:	80 81       	ld	r24, Z
    4e36:	28 2f       	mov	r18, r24
    4e38:	30 e0       	ldi	r19, 0x00	; 0
    4e3a:	8b 81       	ldd	r24, Y+3	; 0x03
    4e3c:	88 2f       	mov	r24, r24
    4e3e:	90 e0       	ldi	r25, 0x00	; 0
    4e40:	a9 01       	movw	r20, r18
    4e42:	02 c0       	rjmp	.+4      	; 0x4e48 <GPIO_readPin+0x80>
    4e44:	55 95       	asr	r21
    4e46:	47 95       	ror	r20
    4e48:	8a 95       	dec	r24
    4e4a:	e2 f7       	brpl	.-8      	; 0x4e44 <GPIO_readPin+0x7c>
    4e4c:	ca 01       	movw	r24, r20
    4e4e:	81 70       	andi	r24, 0x01	; 1
    4e50:	90 70       	andi	r25, 0x00	; 0
    4e52:	88 23       	and	r24, r24
    4e54:	19 f0       	breq	.+6      	; 0x4e5c <GPIO_readPin+0x94>
			{
				a_pinValue=LOGIC_HIGH;
    4e56:	81 e0       	ldi	r24, 0x01	; 1
    4e58:	89 83       	std	Y+1, r24	; 0x01
    4e5a:	49 c0       	rjmp	.+146    	; 0x4eee <GPIO_readPin+0x126>

			}
			else
				a_pinValue=LOGIC_LOW;
    4e5c:	19 82       	std	Y+1, r1	; 0x01
    4e5e:	47 c0       	rjmp	.+142    	; 0x4eee <GPIO_readPin+0x126>

			break;

		case PORTB_ID :
			/*------- Checking the Pin value by a Common macro function--------*/
			if( BIT_IS_SET(PINB,a_pinNum) )
    4e60:	e6 e3       	ldi	r30, 0x36	; 54
    4e62:	f0 e0       	ldi	r31, 0x00	; 0
    4e64:	80 81       	ld	r24, Z
    4e66:	28 2f       	mov	r18, r24
    4e68:	30 e0       	ldi	r19, 0x00	; 0
    4e6a:	8b 81       	ldd	r24, Y+3	; 0x03
    4e6c:	88 2f       	mov	r24, r24
    4e6e:	90 e0       	ldi	r25, 0x00	; 0
    4e70:	a9 01       	movw	r20, r18
    4e72:	02 c0       	rjmp	.+4      	; 0x4e78 <GPIO_readPin+0xb0>
    4e74:	55 95       	asr	r21
    4e76:	47 95       	ror	r20
    4e78:	8a 95       	dec	r24
    4e7a:	e2 f7       	brpl	.-8      	; 0x4e74 <GPIO_readPin+0xac>
    4e7c:	ca 01       	movw	r24, r20
    4e7e:	81 70       	andi	r24, 0x01	; 1
    4e80:	90 70       	andi	r25, 0x00	; 0
    4e82:	88 23       	and	r24, r24
    4e84:	19 f0       	breq	.+6      	; 0x4e8c <GPIO_readPin+0xc4>
			{
				a_pinValue=LOGIC_HIGH;
    4e86:	81 e0       	ldi	r24, 0x01	; 1
    4e88:	89 83       	std	Y+1, r24	; 0x01
    4e8a:	31 c0       	rjmp	.+98     	; 0x4eee <GPIO_readPin+0x126>

			}
			else
				a_pinValue=LOGIC_LOW;
    4e8c:	19 82       	std	Y+1, r1	; 0x01
    4e8e:	2f c0       	rjmp	.+94     	; 0x4eee <GPIO_readPin+0x126>

					break;

		case PORTC_ID :
			/*------- Checking the Pin value by a Common macro function--------*/
			if( BIT_IS_SET(PINC,a_pinNum) )
    4e90:	e3 e3       	ldi	r30, 0x33	; 51
    4e92:	f0 e0       	ldi	r31, 0x00	; 0
    4e94:	80 81       	ld	r24, Z
    4e96:	28 2f       	mov	r18, r24
    4e98:	30 e0       	ldi	r19, 0x00	; 0
    4e9a:	8b 81       	ldd	r24, Y+3	; 0x03
    4e9c:	88 2f       	mov	r24, r24
    4e9e:	90 e0       	ldi	r25, 0x00	; 0
    4ea0:	a9 01       	movw	r20, r18
    4ea2:	02 c0       	rjmp	.+4      	; 0x4ea8 <GPIO_readPin+0xe0>
    4ea4:	55 95       	asr	r21
    4ea6:	47 95       	ror	r20
    4ea8:	8a 95       	dec	r24
    4eaa:	e2 f7       	brpl	.-8      	; 0x4ea4 <GPIO_readPin+0xdc>
    4eac:	ca 01       	movw	r24, r20
    4eae:	81 70       	andi	r24, 0x01	; 1
    4eb0:	90 70       	andi	r25, 0x00	; 0
    4eb2:	88 23       	and	r24, r24
    4eb4:	19 f0       	breq	.+6      	; 0x4ebc <GPIO_readPin+0xf4>
			{
				a_pinValue=LOGIC_HIGH;
    4eb6:	81 e0       	ldi	r24, 0x01	; 1
    4eb8:	89 83       	std	Y+1, r24	; 0x01
    4eba:	19 c0       	rjmp	.+50     	; 0x4eee <GPIO_readPin+0x126>

			}
			else
				a_pinValue=LOGIC_LOW;
    4ebc:	19 82       	std	Y+1, r1	; 0x01
    4ebe:	17 c0       	rjmp	.+46     	; 0x4eee <GPIO_readPin+0x126>
					break;

		case PORTD_ID :
			/*------- Checking the Pin value by a Common macro function--------*/

			if( BIT_IS_SET(PIND,a_pinNum) )
    4ec0:	e0 e3       	ldi	r30, 0x30	; 48
    4ec2:	f0 e0       	ldi	r31, 0x00	; 0
    4ec4:	80 81       	ld	r24, Z
    4ec6:	28 2f       	mov	r18, r24
    4ec8:	30 e0       	ldi	r19, 0x00	; 0
    4eca:	8b 81       	ldd	r24, Y+3	; 0x03
    4ecc:	88 2f       	mov	r24, r24
    4ece:	90 e0       	ldi	r25, 0x00	; 0
    4ed0:	a9 01       	movw	r20, r18
    4ed2:	02 c0       	rjmp	.+4      	; 0x4ed8 <GPIO_readPin+0x110>
    4ed4:	55 95       	asr	r21
    4ed6:	47 95       	ror	r20
    4ed8:	8a 95       	dec	r24
    4eda:	e2 f7       	brpl	.-8      	; 0x4ed4 <GPIO_readPin+0x10c>
    4edc:	ca 01       	movw	r24, r20
    4ede:	81 70       	andi	r24, 0x01	; 1
    4ee0:	90 70       	andi	r25, 0x00	; 0
    4ee2:	88 23       	and	r24, r24
    4ee4:	19 f0       	breq	.+6      	; 0x4eec <GPIO_readPin+0x124>
			{
				a_pinValue=LOGIC_HIGH;
    4ee6:	81 e0       	ldi	r24, 0x01	; 1
    4ee8:	89 83       	std	Y+1, r24	; 0x01
    4eea:	01 c0       	rjmp	.+2      	; 0x4eee <GPIO_readPin+0x126>

			}
			else
				a_pinValue=LOGIC_LOW;
    4eec:	19 82       	std	Y+1, r1	; 0x01
		}


	}

	return a_pinValue;
    4eee:	59 81       	ldd	r21, Y+1	; 0x01
    4ef0:	5e 83       	std	Y+6, r21	; 0x06
    4ef2:	8e 81       	ldd	r24, Y+6	; 0x06
}
    4ef4:	26 96       	adiw	r28, 0x06	; 6
    4ef6:	0f b6       	in	r0, 0x3f	; 63
    4ef8:	f8 94       	cli
    4efa:	de bf       	out	0x3e, r29	; 62
    4efc:	0f be       	out	0x3f, r0	; 63
    4efe:	cd bf       	out	0x3d, r28	; 61
    4f00:	cf 91       	pop	r28
    4f02:	df 91       	pop	r29
    4f04:	08 95       	ret

00004f06 <GPIO_setupPortDirection>:


/* Setting the whole Port to be either Input or Output Port
 * */
void GPIO_setupPortDirection( uint8 a_portNum,GPIO_PortDirectionType a_direction )
{
    4f06:	df 93       	push	r29
    4f08:	cf 93       	push	r28
    4f0a:	00 d0       	rcall	.+0      	; 0x4f0c <GPIO_setupPortDirection+0x6>
    4f0c:	00 d0       	rcall	.+0      	; 0x4f0e <GPIO_setupPortDirection+0x8>
    4f0e:	cd b7       	in	r28, 0x3d	; 61
    4f10:	de b7       	in	r29, 0x3e	; 62
    4f12:	89 83       	std	Y+1, r24	; 0x01
    4f14:	6a 83       	std	Y+2, r22	; 0x02
	/* Checking the number given by the user is valid  for Port number and Pin number
	 *
	 *
	 *  Direction of Port must be either PORT_INPUT or PORT_OUTPUT
	 *  */
	if( a_portNum>=GPIO_NUM_OF_PORTS || ((a_direction !=PORT_INPUT ) && (a_direction !=PORT_OUTPUT )) )
    4f16:	89 81       	ldd	r24, Y+1	; 0x01
    4f18:	84 30       	cpi	r24, 0x04	; 4
    4f1a:	c0 f5       	brcc	.+112    	; 0x4f8c <GPIO_setupPortDirection+0x86>
    4f1c:	8a 81       	ldd	r24, Y+2	; 0x02
    4f1e:	88 23       	and	r24, r24
    4f20:	19 f0       	breq	.+6      	; 0x4f28 <GPIO_setupPortDirection+0x22>
    4f22:	8a 81       	ldd	r24, Y+2	; 0x02
    4f24:	8f 3f       	cpi	r24, 0xFF	; 255
    4f26:	91 f5       	brne	.+100    	; 0x4f8c <GPIO_setupPortDirection+0x86>

		/*------- If the number is within the range--------*/
	else
	{
		/*------- Selecting the Port you will set the it's Direction --------*/
		switch ( a_portNum )
    4f28:	89 81       	ldd	r24, Y+1	; 0x01
    4f2a:	28 2f       	mov	r18, r24
    4f2c:	30 e0       	ldi	r19, 0x00	; 0
    4f2e:	3c 83       	std	Y+4, r19	; 0x04
    4f30:	2b 83       	std	Y+3, r18	; 0x03
    4f32:	8b 81       	ldd	r24, Y+3	; 0x03
    4f34:	9c 81       	ldd	r25, Y+4	; 0x04
    4f36:	81 30       	cpi	r24, 0x01	; 1
    4f38:	91 05       	cpc	r25, r1
    4f3a:	d1 f0       	breq	.+52     	; 0x4f70 <GPIO_setupPortDirection+0x6a>
    4f3c:	2b 81       	ldd	r18, Y+3	; 0x03
    4f3e:	3c 81       	ldd	r19, Y+4	; 0x04
    4f40:	22 30       	cpi	r18, 0x02	; 2
    4f42:	31 05       	cpc	r19, r1
    4f44:	2c f4       	brge	.+10     	; 0x4f50 <GPIO_setupPortDirection+0x4a>
    4f46:	8b 81       	ldd	r24, Y+3	; 0x03
    4f48:	9c 81       	ldd	r25, Y+4	; 0x04
    4f4a:	00 97       	sbiw	r24, 0x00	; 0
    4f4c:	61 f0       	breq	.+24     	; 0x4f66 <GPIO_setupPortDirection+0x60>
    4f4e:	1e c0       	rjmp	.+60     	; 0x4f8c <GPIO_setupPortDirection+0x86>
    4f50:	2b 81       	ldd	r18, Y+3	; 0x03
    4f52:	3c 81       	ldd	r19, Y+4	; 0x04
    4f54:	22 30       	cpi	r18, 0x02	; 2
    4f56:	31 05       	cpc	r19, r1
    4f58:	81 f0       	breq	.+32     	; 0x4f7a <GPIO_setupPortDirection+0x74>
    4f5a:	8b 81       	ldd	r24, Y+3	; 0x03
    4f5c:	9c 81       	ldd	r25, Y+4	; 0x04
    4f5e:	83 30       	cpi	r24, 0x03	; 3
    4f60:	91 05       	cpc	r25, r1
    4f62:	81 f0       	breq	.+32     	; 0x4f84 <GPIO_setupPortDirection+0x7e>
    4f64:	13 c0       	rjmp	.+38     	; 0x4f8c <GPIO_setupPortDirection+0x86>
		{
				case PORTA_ID :

				DDRA=a_direction;
    4f66:	ea e3       	ldi	r30, 0x3A	; 58
    4f68:	f0 e0       	ldi	r31, 0x00	; 0
    4f6a:	8a 81       	ldd	r24, Y+2	; 0x02
    4f6c:	80 83       	st	Z, r24
    4f6e:	0e c0       	rjmp	.+28     	; 0x4f8c <GPIO_setupPortDirection+0x86>

					break;

				case PORTB_ID :

				DDRB=a_direction;
    4f70:	e7 e3       	ldi	r30, 0x37	; 55
    4f72:	f0 e0       	ldi	r31, 0x00	; 0
    4f74:	8a 81       	ldd	r24, Y+2	; 0x02
    4f76:	80 83       	st	Z, r24
    4f78:	09 c0       	rjmp	.+18     	; 0x4f8c <GPIO_setupPortDirection+0x86>

					break;

				case PORTC_ID :

				DDRC=a_direction;
    4f7a:	e4 e3       	ldi	r30, 0x34	; 52
    4f7c:	f0 e0       	ldi	r31, 0x00	; 0
    4f7e:	8a 81       	ldd	r24, Y+2	; 0x02
    4f80:	80 83       	st	Z, r24
    4f82:	04 c0       	rjmp	.+8      	; 0x4f8c <GPIO_setupPortDirection+0x86>

					break;

				case PORTD_ID :

				DDRD=a_direction;
    4f84:	e1 e3       	ldi	r30, 0x31	; 49
    4f86:	f0 e0       	ldi	r31, 0x00	; 0
    4f88:	8a 81       	ldd	r24, Y+2	; 0x02
    4f8a:	80 83       	st	Z, r24





}
    4f8c:	0f 90       	pop	r0
    4f8e:	0f 90       	pop	r0
    4f90:	0f 90       	pop	r0
    4f92:	0f 90       	pop	r0
    4f94:	cf 91       	pop	r28
    4f96:	df 91       	pop	r29
    4f98:	08 95       	ret

00004f9a <GPIO_writePort>:



/* Writing any value ranged between (0000 0000 "0x00") to (1111 1111 "0xFF") on a Port */
void GPIO_writePort( uint8 a_portNum,uint8 a_value )
{
    4f9a:	df 93       	push	r29
    4f9c:	cf 93       	push	r28
    4f9e:	00 d0       	rcall	.+0      	; 0x4fa0 <GPIO_writePort+0x6>
    4fa0:	00 d0       	rcall	.+0      	; 0x4fa2 <GPIO_writePort+0x8>
    4fa2:	cd b7       	in	r28, 0x3d	; 61
    4fa4:	de b7       	in	r29, 0x3e	; 62
    4fa6:	89 83       	std	Y+1, r24	; 0x01
    4fa8:	6a 83       	std	Y+2, r22	; 0x02

	/* Checking the number given by the user is valid  for Port number and Pin number
	 *
	 */
	if( a_portNum>=GPIO_NUM_OF_PORTS )
    4faa:	89 81       	ldd	r24, Y+1	; 0x01
    4fac:	84 30       	cpi	r24, 0x04	; 4
    4fae:	90 f5       	brcc	.+100    	; 0x5014 <GPIO_writePort+0x7a>
			/*------- If the number is within the range--------*/
	else
	{

	/*------- Selecting the Port you will write a value on --------*/
	switch (a_portNum)
    4fb0:	89 81       	ldd	r24, Y+1	; 0x01
    4fb2:	28 2f       	mov	r18, r24
    4fb4:	30 e0       	ldi	r19, 0x00	; 0
    4fb6:	3c 83       	std	Y+4, r19	; 0x04
    4fb8:	2b 83       	std	Y+3, r18	; 0x03
    4fba:	8b 81       	ldd	r24, Y+3	; 0x03
    4fbc:	9c 81       	ldd	r25, Y+4	; 0x04
    4fbe:	81 30       	cpi	r24, 0x01	; 1
    4fc0:	91 05       	cpc	r25, r1
    4fc2:	d1 f0       	breq	.+52     	; 0x4ff8 <GPIO_writePort+0x5e>
    4fc4:	2b 81       	ldd	r18, Y+3	; 0x03
    4fc6:	3c 81       	ldd	r19, Y+4	; 0x04
    4fc8:	22 30       	cpi	r18, 0x02	; 2
    4fca:	31 05       	cpc	r19, r1
    4fcc:	2c f4       	brge	.+10     	; 0x4fd8 <GPIO_writePort+0x3e>
    4fce:	8b 81       	ldd	r24, Y+3	; 0x03
    4fd0:	9c 81       	ldd	r25, Y+4	; 0x04
    4fd2:	00 97       	sbiw	r24, 0x00	; 0
    4fd4:	61 f0       	breq	.+24     	; 0x4fee <GPIO_writePort+0x54>
    4fd6:	1e c0       	rjmp	.+60     	; 0x5014 <GPIO_writePort+0x7a>
    4fd8:	2b 81       	ldd	r18, Y+3	; 0x03
    4fda:	3c 81       	ldd	r19, Y+4	; 0x04
    4fdc:	22 30       	cpi	r18, 0x02	; 2
    4fde:	31 05       	cpc	r19, r1
    4fe0:	81 f0       	breq	.+32     	; 0x5002 <GPIO_writePort+0x68>
    4fe2:	8b 81       	ldd	r24, Y+3	; 0x03
    4fe4:	9c 81       	ldd	r25, Y+4	; 0x04
    4fe6:	83 30       	cpi	r24, 0x03	; 3
    4fe8:	91 05       	cpc	r25, r1
    4fea:	81 f0       	breq	.+32     	; 0x500c <GPIO_writePort+0x72>
    4fec:	13 c0       	rjmp	.+38     	; 0x5014 <GPIO_writePort+0x7a>
			{
			case PORTA_ID :
				PORTA=a_value;
    4fee:	eb e3       	ldi	r30, 0x3B	; 59
    4ff0:	f0 e0       	ldi	r31, 0x00	; 0
    4ff2:	8a 81       	ldd	r24, Y+2	; 0x02
    4ff4:	80 83       	st	Z, r24
    4ff6:	0e c0       	rjmp	.+28     	; 0x5014 <GPIO_writePort+0x7a>
				break;

			case PORTB_ID :
				PORTB=a_value;
    4ff8:	e8 e3       	ldi	r30, 0x38	; 56
    4ffa:	f0 e0       	ldi	r31, 0x00	; 0
    4ffc:	8a 81       	ldd	r24, Y+2	; 0x02
    4ffe:	80 83       	st	Z, r24
    5000:	09 c0       	rjmp	.+18     	; 0x5014 <GPIO_writePort+0x7a>
						break;

			case PORTC_ID :
				PORTC=a_value;
    5002:	e5 e3       	ldi	r30, 0x35	; 53
    5004:	f0 e0       	ldi	r31, 0x00	; 0
    5006:	8a 81       	ldd	r24, Y+2	; 0x02
    5008:	80 83       	st	Z, r24
    500a:	04 c0       	rjmp	.+8      	; 0x5014 <GPIO_writePort+0x7a>
						break;

			case PORTD_ID :
				PORTD=a_value;
    500c:	e2 e3       	ldi	r30, 0x32	; 50
    500e:	f0 e0       	ldi	r31, 0x00	; 0
    5010:	8a 81       	ldd	r24, Y+2	; 0x02
    5012:	80 83       	st	Z, r24
						break;

			}
	}

}
    5014:	0f 90       	pop	r0
    5016:	0f 90       	pop	r0
    5018:	0f 90       	pop	r0
    501a:	0f 90       	pop	r0
    501c:	cf 91       	pop	r28
    501e:	df 91       	pop	r29
    5020:	08 95       	ret

00005022 <GPIO_readPort>:


/* Reading any value ranged between (0000 0000 "0x00") to (1111 1111 "0xFF") on a Port */
uint8 GPIO_readPort(uint8 a_portNum)
{
    5022:	df 93       	push	r29
    5024:	cf 93       	push	r28
    5026:	00 d0       	rcall	.+0      	; 0x5028 <GPIO_readPort+0x6>
    5028:	00 d0       	rcall	.+0      	; 0x502a <GPIO_readPort+0x8>
    502a:	cd b7       	in	r28, 0x3d	; 61
    502c:	de b7       	in	r29, 0x3e	; 62
    502e:	8a 83       	std	Y+2, r24	; 0x02
	uint8 a_portValue = LOGIC_LOW;
    5030:	19 82       	std	Y+1, r1	; 0x01
	/* Checking the number given by the user is valid  for Port number and Pin number */
	if( a_portNum>=GPIO_NUM_OF_PORTS )
    5032:	8a 81       	ldd	r24, Y+2	; 0x02
    5034:	84 30       	cpi	r24, 0x04	; 4
    5036:	90 f5       	brcc	.+100    	; 0x509c <GPIO_readPort+0x7a>
				/*------- If the number is within the range--------*/
		else
		{

			/*------- Selecting the Port you will read a value from --------*/
		switch (a_portNum)
    5038:	8a 81       	ldd	r24, Y+2	; 0x02
    503a:	28 2f       	mov	r18, r24
    503c:	30 e0       	ldi	r19, 0x00	; 0
    503e:	3c 83       	std	Y+4, r19	; 0x04
    5040:	2b 83       	std	Y+3, r18	; 0x03
    5042:	8b 81       	ldd	r24, Y+3	; 0x03
    5044:	9c 81       	ldd	r25, Y+4	; 0x04
    5046:	81 30       	cpi	r24, 0x01	; 1
    5048:	91 05       	cpc	r25, r1
    504a:	d1 f0       	breq	.+52     	; 0x5080 <GPIO_readPort+0x5e>
    504c:	2b 81       	ldd	r18, Y+3	; 0x03
    504e:	3c 81       	ldd	r19, Y+4	; 0x04
    5050:	22 30       	cpi	r18, 0x02	; 2
    5052:	31 05       	cpc	r19, r1
    5054:	2c f4       	brge	.+10     	; 0x5060 <GPIO_readPort+0x3e>
    5056:	8b 81       	ldd	r24, Y+3	; 0x03
    5058:	9c 81       	ldd	r25, Y+4	; 0x04
    505a:	00 97       	sbiw	r24, 0x00	; 0
    505c:	61 f0       	breq	.+24     	; 0x5076 <GPIO_readPort+0x54>
    505e:	1e c0       	rjmp	.+60     	; 0x509c <GPIO_readPort+0x7a>
    5060:	2b 81       	ldd	r18, Y+3	; 0x03
    5062:	3c 81       	ldd	r19, Y+4	; 0x04
    5064:	22 30       	cpi	r18, 0x02	; 2
    5066:	31 05       	cpc	r19, r1
    5068:	81 f0       	breq	.+32     	; 0x508a <GPIO_readPort+0x68>
    506a:	8b 81       	ldd	r24, Y+3	; 0x03
    506c:	9c 81       	ldd	r25, Y+4	; 0x04
    506e:	83 30       	cpi	r24, 0x03	; 3
    5070:	91 05       	cpc	r25, r1
    5072:	81 f0       	breq	.+32     	; 0x5094 <GPIO_readPort+0x72>
    5074:	13 c0       	rjmp	.+38     	; 0x509c <GPIO_readPort+0x7a>
				{
				case PORTA_ID :

					a_portValue=PINA;
    5076:	e9 e3       	ldi	r30, 0x39	; 57
    5078:	f0 e0       	ldi	r31, 0x00	; 0
    507a:	80 81       	ld	r24, Z
    507c:	89 83       	std	Y+1, r24	; 0x01
    507e:	0e c0       	rjmp	.+28     	; 0x509c <GPIO_readPort+0x7a>

					break;

				case PORTB_ID :

					a_portValue=PINB;
    5080:	e6 e3       	ldi	r30, 0x36	; 54
    5082:	f0 e0       	ldi	r31, 0x00	; 0
    5084:	80 81       	ld	r24, Z
    5086:	89 83       	std	Y+1, r24	; 0x01
    5088:	09 c0       	rjmp	.+18     	; 0x509c <GPIO_readPort+0x7a>

					break;

				case PORTC_ID :

					a_portValue=PINC;
    508a:	e3 e3       	ldi	r30, 0x33	; 51
    508c:	f0 e0       	ldi	r31, 0x00	; 0
    508e:	80 81       	ld	r24, Z
    5090:	89 83       	std	Y+1, r24	; 0x01
    5092:	04 c0       	rjmp	.+8      	; 0x509c <GPIO_readPort+0x7a>

					break;

				case PORTD_ID :

					a_portValue=PIND;
    5094:	e0 e3       	ldi	r30, 0x30	; 48
    5096:	f0 e0       	ldi	r31, 0x00	; 0
    5098:	80 81       	ld	r24, Z
    509a:	89 83       	std	Y+1, r24	; 0x01
					;
				}

		}

	return a_portValue;
    509c:	89 81       	ldd	r24, Y+1	; 0x01

}
    509e:	0f 90       	pop	r0
    50a0:	0f 90       	pop	r0
    50a2:	0f 90       	pop	r0
    50a4:	0f 90       	pop	r0
    50a6:	cf 91       	pop	r28
    50a8:	df 91       	pop	r29
    50aa:	08 95       	ret

000050ac <KEYPAD_init>:
#include<util/delay.h>


static uint8 KEYPAD_adjustKeyNumber(uint8);
void KEYPAD_init(void)
{
    50ac:	df 93       	push	r29
    50ae:	cf 93       	push	r28
    50b0:	cd b7       	in	r28, 0x3d	; 61
    50b2:	de b7       	in	r29, 0x3e	; 62
GPIO_setupPinDirection(PORT_COLUMNID,PIN1_COLUMNID, PIN_INPUT);
    50b4:	81 e0       	ldi	r24, 0x01	; 1
    50b6:	60 e0       	ldi	r22, 0x00	; 0
    50b8:	40 e0       	ldi	r20, 0x00	; 0
    50ba:	0e 94 6b 24 	call	0x48d6	; 0x48d6 <GPIO_setupPinDirection>
/*******************Internal Pull up col1***********************/
//GPIO_writePin(PORT_COLUMNID,PIN1_COLUMNID,LOGIC_HIGH);
GPIO_setupPinDirection(PORT_COLUMNID,PIN2_COLUMNID, PIN_INPUT);
    50be:	81 e0       	ldi	r24, 0x01	; 1
    50c0:	61 e0       	ldi	r22, 0x01	; 1
    50c2:	40 e0       	ldi	r20, 0x00	; 0
    50c4:	0e 94 6b 24 	call	0x48d6	; 0x48d6 <GPIO_setupPinDirection>
/*******************Internal Pull up col2***********************/
//GPIO_writePin(PORT_COLUMNID,PIN2_COLUMNID,LOGIC_HIGH);
GPIO_setupPinDirection(PORT_COLUMNID,PIN3_COLUMNID, PIN_INPUT);
    50c8:	81 e0       	ldi	r24, 0x01	; 1
    50ca:	62 e0       	ldi	r22, 0x02	; 2
    50cc:	40 e0       	ldi	r20, 0x00	; 0
    50ce:	0e 94 6b 24 	call	0x48d6	; 0x48d6 <GPIO_setupPinDirection>
/*******************Internal Pull up col3***********************/
//GPIO_writePin(PORT_COLUMNID,PIN3_COLUMNID,LOGIC_HIGH);
#if ( KEYPAD_4x4 == 1)
{
	GPIO_setupPinDirection(PORT_COLUMNID,PIN4_COLUMNID, PIN_INPUT);
    50d2:	81 e0       	ldi	r24, 0x01	; 1
    50d4:	63 e0       	ldi	r22, 0x03	; 3
    50d6:	40 e0       	ldi	r20, 0x00	; 0
    50d8:	0e 94 6b 24 	call	0x48d6	; 0x48d6 <GPIO_setupPinDirection>
	//GPIO_writePin(PORT_COLUMNID,PIN4_COLUMNID,LOGIC_HIGH);
}
#elif( KEYPAD_4x3 == 1)
/* Do nothing*/
#endif
}
    50dc:	cf 91       	pop	r28
    50de:	df 91       	pop	r29
    50e0:	08 95       	ret

000050e2 <KEYPAD_getPressedKey>:
uint8 KEYPAD_getPressedKey(void)
{
    50e2:	df 93       	push	r29
    50e4:	cf 93       	push	r28
    50e6:	cd b7       	in	r28, 0x3d	; 61
    50e8:	de b7       	in	r29, 0x3e	; 62
    50ea:	67 97       	sbiw	r28, 0x17	; 23
    50ec:	0f b6       	in	r0, 0x3f	; 63
    50ee:	f8 94       	cli
    50f0:	de bf       	out	0x3e, r29	; 62
    50f2:	0f be       	out	0x3f, r0	; 63
    50f4:	cd bf       	out	0x3d, r28	; 61
	uint8 a_row, a_col,a_colSel;
		 	GPIO_setupPinDirection(PORT_ROWID ,PIN1_ROWID, PIN_INPUT);
    50f6:	80 e0       	ldi	r24, 0x00	; 0
    50f8:	60 e0       	ldi	r22, 0x00	; 0
    50fa:	40 e0       	ldi	r20, 0x00	; 0
    50fc:	0e 94 6b 24 	call	0x48d6	; 0x48d6 <GPIO_setupPinDirection>
			GPIO_setupPinDirection(PORT_ROWID ,PIN2_ROWID, PIN_INPUT);
    5100:	80 e0       	ldi	r24, 0x00	; 0
    5102:	61 e0       	ldi	r22, 0x01	; 1
    5104:	40 e0       	ldi	r20, 0x00	; 0
    5106:	0e 94 6b 24 	call	0x48d6	; 0x48d6 <GPIO_setupPinDirection>
			GPIO_setupPinDirection(PORT_ROWID ,PIN3_ROWID, PIN_INPUT);
    510a:	80 e0       	ldi	r24, 0x00	; 0
    510c:	62 e0       	ldi	r22, 0x02	; 2
    510e:	40 e0       	ldi	r20, 0x00	; 0
    5110:	0e 94 6b 24 	call	0x48d6	; 0x48d6 <GPIO_setupPinDirection>
			GPIO_setupPinDirection(PORT_ROWID ,PIN4_ROWID, PIN_INPUT);
    5114:	80 e0       	ldi	r24, 0x00	; 0
    5116:	63 e0       	ldi	r22, 0x03	; 3
    5118:	40 e0       	ldi	r20, 0x00	; 0
    511a:	0e 94 6b 24 	call	0x48d6	; 0x48d6 <GPIO_setupPinDirection>
while(1){
	for(a_row=0;a_row<ROWNUM; a_row++)
    511e:	19 8a       	std	Y+17, r1	; 0x11
    5120:	43 c1       	rjmp	.+646    	; 0x53a8 <KEYPAD_getPressedKey+0x2c6>
	{
		switch (a_row)
    5122:	89 89       	ldd	r24, Y+17	; 0x11
    5124:	28 2f       	mov	r18, r24
    5126:	30 e0       	ldi	r19, 0x00	; 0
    5128:	3f 8b       	std	Y+23, r19	; 0x17
    512a:	2e 8b       	std	Y+22, r18	; 0x16
    512c:	8e 89       	ldd	r24, Y+22	; 0x16
    512e:	9f 89       	ldd	r25, Y+23	; 0x17
    5130:	81 30       	cpi	r24, 0x01	; 1
    5132:	91 05       	cpc	r25, r1
    5134:	01 f1       	breq	.+64     	; 0x5176 <KEYPAD_getPressedKey+0x94>
    5136:	2e 89       	ldd	r18, Y+22	; 0x16
    5138:	3f 89       	ldd	r19, Y+23	; 0x17
    513a:	22 30       	cpi	r18, 0x02	; 2
    513c:	31 05       	cpc	r19, r1
    513e:	2c f4       	brge	.+10     	; 0x514a <KEYPAD_getPressedKey+0x68>
    5140:	8e 89       	ldd	r24, Y+22	; 0x16
    5142:	9f 89       	ldd	r25, Y+23	; 0x17
    5144:	00 97       	sbiw	r24, 0x00	; 0
    5146:	61 f0       	breq	.+24     	; 0x5160 <KEYPAD_getPressedKey+0x7e>
    5148:	36 c0       	rjmp	.+108    	; 0x51b6 <KEYPAD_getPressedKey+0xd4>
    514a:	2e 89       	ldd	r18, Y+22	; 0x16
    514c:	3f 89       	ldd	r19, Y+23	; 0x17
    514e:	22 30       	cpi	r18, 0x02	; 2
    5150:	31 05       	cpc	r19, r1
    5152:	e1 f0       	breq	.+56     	; 0x518c <KEYPAD_getPressedKey+0xaa>
    5154:	8e 89       	ldd	r24, Y+22	; 0x16
    5156:	9f 89       	ldd	r25, Y+23	; 0x17
    5158:	83 30       	cpi	r24, 0x03	; 3
    515a:	91 05       	cpc	r25, r1
    515c:	11 f1       	breq	.+68     	; 0x51a2 <KEYPAD_getPressedKey+0xc0>
    515e:	2b c0       	rjmp	.+86     	; 0x51b6 <KEYPAD_getPressedKey+0xd4>
		{
		case 0 :
			GPIO_setupPinDirection(PORT_ROWID,PIN1_ROWID, PIN_OUTPUT);
    5160:	80 e0       	ldi	r24, 0x00	; 0
    5162:	60 e0       	ldi	r22, 0x00	; 0
    5164:	41 e0       	ldi	r20, 0x01	; 1
    5166:	0e 94 6b 24 	call	0x48d6	; 0x48d6 <GPIO_setupPinDirection>
			GPIO_writePin(PORT_ROWID,PIN1_ROWID,WRITEVALUE);
    516a:	80 e0       	ldi	r24, 0x00	; 0
    516c:	60 e0       	ldi	r22, 0x00	; 0
    516e:	40 e0       	ldi	r20, 0x00	; 0
    5170:	0e 94 65 25 	call	0x4aca	; 0x4aca <GPIO_writePin>
    5174:	20 c0       	rjmp	.+64     	; 0x51b6 <KEYPAD_getPressedKey+0xd4>
			break;
		case 1 :
		    GPIO_setupPinDirection(PORT_ROWID,PIN2_ROWID, PIN_OUTPUT);
    5176:	80 e0       	ldi	r24, 0x00	; 0
    5178:	61 e0       	ldi	r22, 0x01	; 1
    517a:	41 e0       	ldi	r20, 0x01	; 1
    517c:	0e 94 6b 24 	call	0x48d6	; 0x48d6 <GPIO_setupPinDirection>
			GPIO_writePin(PORT_ROWID,PIN2_ROWID,WRITEVALUE);
    5180:	80 e0       	ldi	r24, 0x00	; 0
    5182:	61 e0       	ldi	r22, 0x01	; 1
    5184:	40 e0       	ldi	r20, 0x00	; 0
    5186:	0e 94 65 25 	call	0x4aca	; 0x4aca <GPIO_writePin>
    518a:	15 c0       	rjmp	.+42     	; 0x51b6 <KEYPAD_getPressedKey+0xd4>
			break;
		case 2:
			GPIO_setupPinDirection(PORT_ROWID,PIN3_ROWID, PIN_OUTPUT);
    518c:	80 e0       	ldi	r24, 0x00	; 0
    518e:	62 e0       	ldi	r22, 0x02	; 2
    5190:	41 e0       	ldi	r20, 0x01	; 1
    5192:	0e 94 6b 24 	call	0x48d6	; 0x48d6 <GPIO_setupPinDirection>
			GPIO_writePin(PORT_ROWID,PIN3_ROWID,WRITEVALUE);
    5196:	80 e0       	ldi	r24, 0x00	; 0
    5198:	62 e0       	ldi	r22, 0x02	; 2
    519a:	40 e0       	ldi	r20, 0x00	; 0
    519c:	0e 94 65 25 	call	0x4aca	; 0x4aca <GPIO_writePin>
    51a0:	0a c0       	rjmp	.+20     	; 0x51b6 <KEYPAD_getPressedKey+0xd4>
			break;
		case 3:
			GPIO_setupPinDirection(PORT_ROWID,PIN4_ROWID, PIN_OUTPUT);
    51a2:	80 e0       	ldi	r24, 0x00	; 0
    51a4:	63 e0       	ldi	r22, 0x03	; 3
    51a6:	41 e0       	ldi	r20, 0x01	; 1
    51a8:	0e 94 6b 24 	call	0x48d6	; 0x48d6 <GPIO_setupPinDirection>
			GPIO_writePin(PORT_ROWID,PIN4_ROWID,WRITEVALUE);
    51ac:	80 e0       	ldi	r24, 0x00	; 0
    51ae:	63 e0       	ldi	r22, 0x03	; 3
    51b0:	40 e0       	ldi	r20, 0x00	; 0
    51b2:	0e 94 65 25 	call	0x4aca	; 0x4aca <GPIO_writePin>
			break;
		default:
			;
		}

		for(a_col=0;a_col<COLNUM; a_col++)
    51b6:	18 8a       	std	Y+16, r1	; 0x10
    51b8:	48 c0       	rjmp	.+144    	; 0x524a <KEYPAD_getPressedKey+0x168>
		{
			switch (a_col)
    51ba:	88 89       	ldd	r24, Y+16	; 0x10
    51bc:	28 2f       	mov	r18, r24
    51be:	30 e0       	ldi	r19, 0x00	; 0
    51c0:	3d 8b       	std	Y+21, r19	; 0x15
    51c2:	2c 8b       	std	Y+20, r18	; 0x14
    51c4:	8c 89       	ldd	r24, Y+20	; 0x14
    51c6:	9d 89       	ldd	r25, Y+21	; 0x15
    51c8:	81 30       	cpi	r24, 0x01	; 1
    51ca:	91 05       	cpc	r25, r1
    51cc:	b9 f0       	breq	.+46     	; 0x51fc <KEYPAD_getPressedKey+0x11a>
    51ce:	2c 89       	ldd	r18, Y+20	; 0x14
    51d0:	3d 89       	ldd	r19, Y+21	; 0x15
    51d2:	22 30       	cpi	r18, 0x02	; 2
    51d4:	31 05       	cpc	r19, r1
    51d6:	2c f4       	brge	.+10     	; 0x51e2 <KEYPAD_getPressedKey+0x100>
    51d8:	8c 89       	ldd	r24, Y+20	; 0x14
    51da:	9d 89       	ldd	r25, Y+21	; 0x15
    51dc:	00 97       	sbiw	r24, 0x00	; 0
    51de:	61 f0       	breq	.+24     	; 0x51f8 <KEYPAD_getPressedKey+0x116>
    51e0:	15 c0       	rjmp	.+42     	; 0x520c <KEYPAD_getPressedKey+0x12a>
    51e2:	2c 89       	ldd	r18, Y+20	; 0x14
    51e4:	3d 89       	ldd	r19, Y+21	; 0x15
    51e6:	22 30       	cpi	r18, 0x02	; 2
    51e8:	31 05       	cpc	r19, r1
    51ea:	59 f0       	breq	.+22     	; 0x5202 <KEYPAD_getPressedKey+0x120>
    51ec:	8c 89       	ldd	r24, Y+20	; 0x14
    51ee:	9d 89       	ldd	r25, Y+21	; 0x15
    51f0:	83 30       	cpi	r24, 0x03	; 3
    51f2:	91 05       	cpc	r25, r1
    51f4:	49 f0       	breq	.+18     	; 0x5208 <KEYPAD_getPressedKey+0x126>
    51f6:	0a c0       	rjmp	.+20     	; 0x520c <KEYPAD_getPressedKey+0x12a>
			{
			case 0 :
				a_colSel=PIN1_COLUMNID;
    51f8:	1f 86       	std	Y+15, r1	; 0x0f
    51fa:	08 c0       	rjmp	.+16     	; 0x520c <KEYPAD_getPressedKey+0x12a>
				break;
			case 1 :
				a_colSel=PIN2_COLUMNID;
    51fc:	81 e0       	ldi	r24, 0x01	; 1
    51fe:	8f 87       	std	Y+15, r24	; 0x0f
    5200:	05 c0       	rjmp	.+10     	; 0x520c <KEYPAD_getPressedKey+0x12a>
				break;
			case 2 :
				a_colSel=PIN3_COLUMNID;
    5202:	82 e0       	ldi	r24, 0x02	; 2
    5204:	8f 87       	std	Y+15, r24	; 0x0f
    5206:	02 c0       	rjmp	.+4      	; 0x520c <KEYPAD_getPressedKey+0x12a>
				break;
			#if(KEYPAD_4x4)
			case 3 :
				a_colSel=PIN4_COLUMNID;
    5208:	83 e0       	ldi	r24, 0x03	; 3
    520a:	8f 87       	std	Y+15, r24	; 0x0f
				break;

			#endif

			}
			if(GPIO_readPin(PORT_COLUMNID,a_colSel) == COMPVALUE)
    520c:	81 e0       	ldi	r24, 0x01	; 1
    520e:	6f 85       	ldd	r22, Y+15	; 0x0f
    5210:	0e 94 e4 26 	call	0x4dc8	; 0x4dc8 <GPIO_readPin>
    5214:	88 23       	and	r24, r24
    5216:	b1 f4       	brne	.+44     	; 0x5244 <KEYPAD_getPressedKey+0x162>
			{

				return  KEYPAD_adjustKeyNumber(BUTTON_POSITION);
    5218:	89 89       	ldd	r24, Y+17	; 0x11
    521a:	88 2f       	mov	r24, r24
    521c:	90 e0       	ldi	r25, 0x00	; 0
    521e:	88 0f       	add	r24, r24
    5220:	99 1f       	adc	r25, r25
    5222:	88 0f       	add	r24, r24
    5224:	99 1f       	adc	r25, r25
    5226:	98 2f       	mov	r25, r24
    5228:	88 89       	ldd	r24, Y+16	; 0x10
    522a:	89 0f       	add	r24, r25
    522c:	8f 5f       	subi	r24, 0xFF	; 255
    522e:	0e 94 d9 29 	call	0x53b2	; 0x53b2 <KEYPAD_adjustKeyNumber>

	_delay_ms(5);
	}
}

}
    5232:	67 96       	adiw	r28, 0x17	; 23
    5234:	0f b6       	in	r0, 0x3f	; 63
    5236:	f8 94       	cli
    5238:	de bf       	out	0x3e, r29	; 62
    523a:	0f be       	out	0x3f, r0	; 63
    523c:	cd bf       	out	0x3d, r28	; 61
    523e:	cf 91       	pop	r28
    5240:	df 91       	pop	r29
    5242:	08 95       	ret
			break;
		default:
			;
		}

		for(a_col=0;a_col<COLNUM; a_col++)
    5244:	88 89       	ldd	r24, Y+16	; 0x10
    5246:	8f 5f       	subi	r24, 0xFF	; 255
    5248:	88 8b       	std	Y+16, r24	; 0x10
    524a:	88 89       	ldd	r24, Y+16	; 0x10
    524c:	84 30       	cpi	r24, 0x04	; 4
    524e:	08 f4       	brcc	.+2      	; 0x5252 <KEYPAD_getPressedKey+0x170>
    5250:	b4 cf       	rjmp	.-152    	; 0x51ba <KEYPAD_getPressedKey+0xd8>
				return  KEYPAD_adjustKeyNumber(BUTTON_POSITION);
			}


		}
		switch (a_row)
    5252:	89 89       	ldd	r24, Y+17	; 0x11
    5254:	28 2f       	mov	r18, r24
    5256:	30 e0       	ldi	r19, 0x00	; 0
    5258:	3b 8b       	std	Y+19, r19	; 0x13
    525a:	2a 8b       	std	Y+18, r18	; 0x12
    525c:	8a 89       	ldd	r24, Y+18	; 0x12
    525e:	9b 89       	ldd	r25, Y+19	; 0x13
    5260:	81 30       	cpi	r24, 0x01	; 1
    5262:	91 05       	cpc	r25, r1
    5264:	d9 f0       	breq	.+54     	; 0x529c <KEYPAD_getPressedKey+0x1ba>
    5266:	2a 89       	ldd	r18, Y+18	; 0x12
    5268:	3b 89       	ldd	r19, Y+19	; 0x13
    526a:	22 30       	cpi	r18, 0x02	; 2
    526c:	31 05       	cpc	r19, r1
    526e:	2c f4       	brge	.+10     	; 0x527a <KEYPAD_getPressedKey+0x198>
    5270:	8a 89       	ldd	r24, Y+18	; 0x12
    5272:	9b 89       	ldd	r25, Y+19	; 0x13
    5274:	00 97       	sbiw	r24, 0x00	; 0
    5276:	61 f0       	breq	.+24     	; 0x5290 <KEYPAD_getPressedKey+0x1ae>
    5278:	22 c0       	rjmp	.+68     	; 0x52be <KEYPAD_getPressedKey+0x1dc>
    527a:	2a 89       	ldd	r18, Y+18	; 0x12
    527c:	3b 89       	ldd	r19, Y+19	; 0x13
    527e:	22 30       	cpi	r18, 0x02	; 2
    5280:	31 05       	cpc	r19, r1
    5282:	91 f0       	breq	.+36     	; 0x52a8 <KEYPAD_getPressedKey+0x1c6>
    5284:	8a 89       	ldd	r24, Y+18	; 0x12
    5286:	9b 89       	ldd	r25, Y+19	; 0x13
    5288:	83 30       	cpi	r24, 0x03	; 3
    528a:	91 05       	cpc	r25, r1
    528c:	99 f0       	breq	.+38     	; 0x52b4 <KEYPAD_getPressedKey+0x1d2>
    528e:	17 c0       	rjmp	.+46     	; 0x52be <KEYPAD_getPressedKey+0x1dc>
				{
		case 0 :
			GPIO_setupPinDirection(PORT_ROWID,PIN1_ROWID, PIN_INPUT);
    5290:	80 e0       	ldi	r24, 0x00	; 0
    5292:	60 e0       	ldi	r22, 0x00	; 0
    5294:	40 e0       	ldi	r20, 0x00	; 0
    5296:	0e 94 6b 24 	call	0x48d6	; 0x48d6 <GPIO_setupPinDirection>
    529a:	11 c0       	rjmp	.+34     	; 0x52be <KEYPAD_getPressedKey+0x1dc>
			break;
		case 1 :
			GPIO_setupPinDirection(PORT_ROWID,PIN2_ROWID, PIN_INPUT);
    529c:	80 e0       	ldi	r24, 0x00	; 0
    529e:	61 e0       	ldi	r22, 0x01	; 1
    52a0:	40 e0       	ldi	r20, 0x00	; 0
    52a2:	0e 94 6b 24 	call	0x48d6	; 0x48d6 <GPIO_setupPinDirection>
    52a6:	0b c0       	rjmp	.+22     	; 0x52be <KEYPAD_getPressedKey+0x1dc>
			break;
		case 2:
			GPIO_setupPinDirection(PORT_ROWID,PIN3_ROWID, PIN_INPUT);
    52a8:	80 e0       	ldi	r24, 0x00	; 0
    52aa:	62 e0       	ldi	r22, 0x02	; 2
    52ac:	40 e0       	ldi	r20, 0x00	; 0
    52ae:	0e 94 6b 24 	call	0x48d6	; 0x48d6 <GPIO_setupPinDirection>
    52b2:	05 c0       	rjmp	.+10     	; 0x52be <KEYPAD_getPressedKey+0x1dc>
			break;
		case 3:
			GPIO_setupPinDirection(PORT_ROWID,PIN4_ROWID, PIN_INPUT);
    52b4:	80 e0       	ldi	r24, 0x00	; 0
    52b6:	63 e0       	ldi	r22, 0x03	; 3
    52b8:	40 e0       	ldi	r20, 0x00	; 0
    52ba:	0e 94 6b 24 	call	0x48d6	; 0x48d6 <GPIO_setupPinDirection>
    52be:	80 e0       	ldi	r24, 0x00	; 0
    52c0:	90 e0       	ldi	r25, 0x00	; 0
    52c2:	a0 ea       	ldi	r26, 0xA0	; 160
    52c4:	b0 e4       	ldi	r27, 0x40	; 64
    52c6:	8b 87       	std	Y+11, r24	; 0x0b
    52c8:	9c 87       	std	Y+12, r25	; 0x0c
    52ca:	ad 87       	std	Y+13, r26	; 0x0d
    52cc:	be 87       	std	Y+14, r27	; 0x0e
 */
void
_delay_ms(double __ms)
{
	uint16_t __ticks;
	double __tmp = ((F_CPU) / 4e3) * __ms;
    52ce:	6b 85       	ldd	r22, Y+11	; 0x0b
    52d0:	7c 85       	ldd	r23, Y+12	; 0x0c
    52d2:	8d 85       	ldd	r24, Y+13	; 0x0d
    52d4:	9e 85       	ldd	r25, Y+14	; 0x0e
    52d6:	20 e0       	ldi	r18, 0x00	; 0
    52d8:	30 e0       	ldi	r19, 0x00	; 0
    52da:	4a e7       	ldi	r20, 0x7A	; 122
    52dc:	53 e4       	ldi	r21, 0x43	; 67
    52de:	0e 94 1f 02 	call	0x43e	; 0x43e <__mulsf3>
    52e2:	dc 01       	movw	r26, r24
    52e4:	cb 01       	movw	r24, r22
    52e6:	8f 83       	std	Y+7, r24	; 0x07
    52e8:	98 87       	std	Y+8, r25	; 0x08
    52ea:	a9 87       	std	Y+9, r26	; 0x09
    52ec:	ba 87       	std	Y+10, r27	; 0x0a
	if (__tmp < 1.0)
    52ee:	6f 81       	ldd	r22, Y+7	; 0x07
    52f0:	78 85       	ldd	r23, Y+8	; 0x08
    52f2:	89 85       	ldd	r24, Y+9	; 0x09
    52f4:	9a 85       	ldd	r25, Y+10	; 0x0a
    52f6:	20 e0       	ldi	r18, 0x00	; 0
    52f8:	30 e0       	ldi	r19, 0x00	; 0
    52fa:	40 e8       	ldi	r20, 0x80	; 128
    52fc:	5f e3       	ldi	r21, 0x3F	; 63
    52fe:	0e 94 25 04 	call	0x84a	; 0x84a <__ltsf2>
    5302:	88 23       	and	r24, r24
    5304:	2c f4       	brge	.+10     	; 0x5310 <KEYPAD_getPressedKey+0x22e>
		__ticks = 1;
    5306:	81 e0       	ldi	r24, 0x01	; 1
    5308:	90 e0       	ldi	r25, 0x00	; 0
    530a:	9e 83       	std	Y+6, r25	; 0x06
    530c:	8d 83       	std	Y+5, r24	; 0x05
    530e:	3f c0       	rjmp	.+126    	; 0x538e <KEYPAD_getPressedKey+0x2ac>
	else if (__tmp > 65535)
    5310:	6f 81       	ldd	r22, Y+7	; 0x07
    5312:	78 85       	ldd	r23, Y+8	; 0x08
    5314:	89 85       	ldd	r24, Y+9	; 0x09
    5316:	9a 85       	ldd	r25, Y+10	; 0x0a
    5318:	20 e0       	ldi	r18, 0x00	; 0
    531a:	3f ef       	ldi	r19, 0xFF	; 255
    531c:	4f e7       	ldi	r20, 0x7F	; 127
    531e:	57 e4       	ldi	r21, 0x47	; 71
    5320:	0e 94 c5 03 	call	0x78a	; 0x78a <__gtsf2>
    5324:	18 16       	cp	r1, r24
    5326:	4c f5       	brge	.+82     	; 0x537a <KEYPAD_getPressedKey+0x298>
	{
		//	__ticks = requested delay in 1/10 ms
		__ticks = (uint16_t) (__ms * 10.0);
    5328:	6b 85       	ldd	r22, Y+11	; 0x0b
    532a:	7c 85       	ldd	r23, Y+12	; 0x0c
    532c:	8d 85       	ldd	r24, Y+13	; 0x0d
    532e:	9e 85       	ldd	r25, Y+14	; 0x0e
    5330:	20 e0       	ldi	r18, 0x00	; 0
    5332:	30 e0       	ldi	r19, 0x00	; 0
    5334:	40 e2       	ldi	r20, 0x20	; 32
    5336:	51 e4       	ldi	r21, 0x41	; 65
    5338:	0e 94 1f 02 	call	0x43e	; 0x43e <__mulsf3>
    533c:	dc 01       	movw	r26, r24
    533e:	cb 01       	movw	r24, r22
    5340:	bc 01       	movw	r22, r24
    5342:	cd 01       	movw	r24, r26
    5344:	0e 94 49 00 	call	0x92	; 0x92 <__fixunssfsi>
    5348:	dc 01       	movw	r26, r24
    534a:	cb 01       	movw	r24, r22
    534c:	9e 83       	std	Y+6, r25	; 0x06
    534e:	8d 83       	std	Y+5, r24	; 0x05
    5350:	0f c0       	rjmp	.+30     	; 0x5370 <KEYPAD_getPressedKey+0x28e>
    5352:	89 e1       	ldi	r24, 0x19	; 25
    5354:	90 e0       	ldi	r25, 0x00	; 0
    5356:	9c 83       	std	Y+4, r25	; 0x04
    5358:	8b 83       	std	Y+3, r24	; 0x03
    535a:	8b 81       	ldd	r24, Y+3	; 0x03
    535c:	9c 81       	ldd	r25, Y+4	; 0x04
    535e:	01 97       	sbiw	r24, 0x01	; 1
    5360:	f1 f7       	brne	.-4      	; 0x535e <KEYPAD_getPressedKey+0x27c>
    5362:	9c 83       	std	Y+4, r25	; 0x04
    5364:	8b 83       	std	Y+3, r24	; 0x03
		while(__ticks)
		{
			// wait 1/10 ms
			_delay_loop_2(((F_CPU) / 4e3) / 10);
			__ticks --;
    5366:	8d 81       	ldd	r24, Y+5	; 0x05
    5368:	9e 81       	ldd	r25, Y+6	; 0x06
    536a:	01 97       	sbiw	r24, 0x01	; 1
    536c:	9e 83       	std	Y+6, r25	; 0x06
    536e:	8d 83       	std	Y+5, r24	; 0x05
		__ticks = 1;
	else if (__tmp > 65535)
	{
		//	__ticks = requested delay in 1/10 ms
		__ticks = (uint16_t) (__ms * 10.0);
		while(__ticks)
    5370:	8d 81       	ldd	r24, Y+5	; 0x05
    5372:	9e 81       	ldd	r25, Y+6	; 0x06
    5374:	00 97       	sbiw	r24, 0x00	; 0
    5376:	69 f7       	brne	.-38     	; 0x5352 <KEYPAD_getPressedKey+0x270>
    5378:	14 c0       	rjmp	.+40     	; 0x53a2 <KEYPAD_getPressedKey+0x2c0>
			__ticks --;
		}
		return;
	}
	else
		__ticks = (uint16_t)__tmp;
    537a:	6f 81       	ldd	r22, Y+7	; 0x07
    537c:	78 85       	ldd	r23, Y+8	; 0x08
    537e:	89 85       	ldd	r24, Y+9	; 0x09
    5380:	9a 85       	ldd	r25, Y+10	; 0x0a
    5382:	0e 94 49 00 	call	0x92	; 0x92 <__fixunssfsi>
    5386:	dc 01       	movw	r26, r24
    5388:	cb 01       	movw	r24, r22
    538a:	9e 83       	std	Y+6, r25	; 0x06
    538c:	8d 83       	std	Y+5, r24	; 0x05
    538e:	8d 81       	ldd	r24, Y+5	; 0x05
    5390:	9e 81       	ldd	r25, Y+6	; 0x06
    5392:	9a 83       	std	Y+2, r25	; 0x02
    5394:	89 83       	std	Y+1, r24	; 0x01
    5396:	89 81       	ldd	r24, Y+1	; 0x01
    5398:	9a 81       	ldd	r25, Y+2	; 0x02
    539a:	01 97       	sbiw	r24, 0x01	; 1
    539c:	f1 f7       	brne	.-4      	; 0x539a <KEYPAD_getPressedKey+0x2b8>
    539e:	9a 83       	std	Y+2, r25	; 0x02
    53a0:	89 83       	std	Y+1, r24	; 0x01
		 	GPIO_setupPinDirection(PORT_ROWID ,PIN1_ROWID, PIN_INPUT);
			GPIO_setupPinDirection(PORT_ROWID ,PIN2_ROWID, PIN_INPUT);
			GPIO_setupPinDirection(PORT_ROWID ,PIN3_ROWID, PIN_INPUT);
			GPIO_setupPinDirection(PORT_ROWID ,PIN4_ROWID, PIN_INPUT);
while(1){
	for(a_row=0;a_row<ROWNUM; a_row++)
    53a2:	89 89       	ldd	r24, Y+17	; 0x11
    53a4:	8f 5f       	subi	r24, 0xFF	; 255
    53a6:	89 8b       	std	Y+17, r24	; 0x11
    53a8:	89 89       	ldd	r24, Y+17	; 0x11
    53aa:	84 30       	cpi	r24, 0x04	; 4
    53ac:	08 f4       	brcc	.+2      	; 0x53b0 <KEYPAD_getPressedKey+0x2ce>
    53ae:	b9 ce       	rjmp	.-654    	; 0x5122 <KEYPAD_getPressedKey+0x40>
    53b0:	b6 ce       	rjmp	.-660    	; 0x511e <KEYPAD_getPressedKey+0x3c>

000053b2 <KEYPAD_adjustKeyNumber>:
}

}

uint8 KEYPAD_adjustKeyNumber(uint8 a_buttonPosition)
{
    53b2:	df 93       	push	r29
    53b4:	cf 93       	push	r28
    53b6:	00 d0       	rcall	.+0      	; 0x53b8 <KEYPAD_adjustKeyNumber+0x6>
    53b8:	00 d0       	rcall	.+0      	; 0x53ba <KEYPAD_adjustKeyNumber+0x8>
    53ba:	cd b7       	in	r28, 0x3d	; 61
    53bc:	de b7       	in	r29, 0x3e	; 62
    53be:	8a 83       	std	Y+2, r24	; 0x02
	uint8 a_keyPad=0;
    53c0:	19 82       	std	Y+1, r1	; 0x01
#if(KEYPAD_4x4==1)
switch(a_buttonPosition)
    53c2:	8a 81       	ldd	r24, Y+2	; 0x02
    53c4:	28 2f       	mov	r18, r24
    53c6:	30 e0       	ldi	r19, 0x00	; 0
    53c8:	3c 83       	std	Y+4, r19	; 0x04
    53ca:	2b 83       	std	Y+3, r18	; 0x03
    53cc:	8b 81       	ldd	r24, Y+3	; 0x03
    53ce:	9c 81       	ldd	r25, Y+4	; 0x04
    53d0:	88 30       	cpi	r24, 0x08	; 8
    53d2:	91 05       	cpc	r25, r1
    53d4:	09 f4       	brne	.+2      	; 0x53d8 <KEYPAD_adjustKeyNumber+0x26>
    53d6:	70 c0       	rjmp	.+224    	; 0x54b8 <KEYPAD_adjustKeyNumber+0x106>
    53d8:	2b 81       	ldd	r18, Y+3	; 0x03
    53da:	3c 81       	ldd	r19, Y+4	; 0x04
    53dc:	29 30       	cpi	r18, 0x09	; 9
    53de:	31 05       	cpc	r19, r1
    53e0:	5c f5       	brge	.+86     	; 0x5438 <KEYPAD_adjustKeyNumber+0x86>
    53e2:	8b 81       	ldd	r24, Y+3	; 0x03
    53e4:	9c 81       	ldd	r25, Y+4	; 0x04
    53e6:	84 30       	cpi	r24, 0x04	; 4
    53e8:	91 05       	cpc	r25, r1
    53ea:	09 f4       	brne	.+2      	; 0x53ee <KEYPAD_adjustKeyNumber+0x3c>
    53ec:	59 c0       	rjmp	.+178    	; 0x54a0 <KEYPAD_adjustKeyNumber+0xee>
    53ee:	2b 81       	ldd	r18, Y+3	; 0x03
    53f0:	3c 81       	ldd	r19, Y+4	; 0x04
    53f2:	25 30       	cpi	r18, 0x05	; 5
    53f4:	31 05       	cpc	r19, r1
    53f6:	9c f4       	brge	.+38     	; 0x541e <KEYPAD_adjustKeyNumber+0x6c>
    53f8:	8b 81       	ldd	r24, Y+3	; 0x03
    53fa:	9c 81       	ldd	r25, Y+4	; 0x04
    53fc:	82 30       	cpi	r24, 0x02	; 2
    53fe:	91 05       	cpc	r25, r1
    5400:	09 f4       	brne	.+2      	; 0x5404 <KEYPAD_adjustKeyNumber+0x52>
    5402:	48 c0       	rjmp	.+144    	; 0x5494 <KEYPAD_adjustKeyNumber+0xe2>
    5404:	2b 81       	ldd	r18, Y+3	; 0x03
    5406:	3c 81       	ldd	r19, Y+4	; 0x04
    5408:	23 30       	cpi	r18, 0x03	; 3
    540a:	31 05       	cpc	r19, r1
    540c:	0c f0       	brlt	.+2      	; 0x5410 <KEYPAD_adjustKeyNumber+0x5e>
    540e:	45 c0       	rjmp	.+138    	; 0x549a <KEYPAD_adjustKeyNumber+0xe8>
    5410:	8b 81       	ldd	r24, Y+3	; 0x03
    5412:	9c 81       	ldd	r25, Y+4	; 0x04
    5414:	81 30       	cpi	r24, 0x01	; 1
    5416:	91 05       	cpc	r25, r1
    5418:	09 f4       	brne	.+2      	; 0x541c <KEYPAD_adjustKeyNumber+0x6a>
    541a:	39 c0       	rjmp	.+114    	; 0x548e <KEYPAD_adjustKeyNumber+0xdc>
    541c:	66 c0       	rjmp	.+204    	; 0x54ea <KEYPAD_adjustKeyNumber+0x138>
    541e:	2b 81       	ldd	r18, Y+3	; 0x03
    5420:	3c 81       	ldd	r19, Y+4	; 0x04
    5422:	26 30       	cpi	r18, 0x06	; 6
    5424:	31 05       	cpc	r19, r1
    5426:	09 f4       	brne	.+2      	; 0x542a <KEYPAD_adjustKeyNumber+0x78>
    5428:	41 c0       	rjmp	.+130    	; 0x54ac <KEYPAD_adjustKeyNumber+0xfa>
    542a:	8b 81       	ldd	r24, Y+3	; 0x03
    542c:	9c 81       	ldd	r25, Y+4	; 0x04
    542e:	87 30       	cpi	r24, 0x07	; 7
    5430:	91 05       	cpc	r25, r1
    5432:	0c f0       	brlt	.+2      	; 0x5436 <KEYPAD_adjustKeyNumber+0x84>
    5434:	3e c0       	rjmp	.+124    	; 0x54b2 <KEYPAD_adjustKeyNumber+0x100>
    5436:	37 c0       	rjmp	.+110    	; 0x54a6 <KEYPAD_adjustKeyNumber+0xf4>
    5438:	2b 81       	ldd	r18, Y+3	; 0x03
    543a:	3c 81       	ldd	r19, Y+4	; 0x04
    543c:	2c 30       	cpi	r18, 0x0C	; 12
    543e:	31 05       	cpc	r19, r1
    5440:	09 f4       	brne	.+2      	; 0x5444 <KEYPAD_adjustKeyNumber+0x92>
    5442:	46 c0       	rjmp	.+140    	; 0x54d0 <KEYPAD_adjustKeyNumber+0x11e>
    5444:	8b 81       	ldd	r24, Y+3	; 0x03
    5446:	9c 81       	ldd	r25, Y+4	; 0x04
    5448:	8d 30       	cpi	r24, 0x0D	; 13
    544a:	91 05       	cpc	r25, r1
    544c:	5c f4       	brge	.+22     	; 0x5464 <KEYPAD_adjustKeyNumber+0xb2>
    544e:	2b 81       	ldd	r18, Y+3	; 0x03
    5450:	3c 81       	ldd	r19, Y+4	; 0x04
    5452:	2a 30       	cpi	r18, 0x0A	; 10
    5454:	31 05       	cpc	r19, r1
    5456:	b1 f1       	breq	.+108    	; 0x54c4 <KEYPAD_adjustKeyNumber+0x112>
    5458:	8b 81       	ldd	r24, Y+3	; 0x03
    545a:	9c 81       	ldd	r25, Y+4	; 0x04
    545c:	8b 30       	cpi	r24, 0x0B	; 11
    545e:	91 05       	cpc	r25, r1
    5460:	a4 f5       	brge	.+104    	; 0x54ca <KEYPAD_adjustKeyNumber+0x118>
    5462:	2d c0       	rjmp	.+90     	; 0x54be <KEYPAD_adjustKeyNumber+0x10c>
    5464:	2b 81       	ldd	r18, Y+3	; 0x03
    5466:	3c 81       	ldd	r19, Y+4	; 0x04
    5468:	2e 30       	cpi	r18, 0x0E	; 14
    546a:	31 05       	cpc	r19, r1
    546c:	b9 f1       	breq	.+110    	; 0x54dc <KEYPAD_adjustKeyNumber+0x12a>
    546e:	8b 81       	ldd	r24, Y+3	; 0x03
    5470:	9c 81       	ldd	r25, Y+4	; 0x04
    5472:	8e 30       	cpi	r24, 0x0E	; 14
    5474:	91 05       	cpc	r25, r1
    5476:	7c f1       	brlt	.+94     	; 0x54d6 <KEYPAD_adjustKeyNumber+0x124>
    5478:	2b 81       	ldd	r18, Y+3	; 0x03
    547a:	3c 81       	ldd	r19, Y+4	; 0x04
    547c:	2f 30       	cpi	r18, 0x0F	; 15
    547e:	31 05       	cpc	r19, r1
    5480:	79 f1       	breq	.+94     	; 0x54e0 <KEYPAD_adjustKeyNumber+0x12e>
    5482:	8b 81       	ldd	r24, Y+3	; 0x03
    5484:	9c 81       	ldd	r25, Y+4	; 0x04
    5486:	80 31       	cpi	r24, 0x10	; 16
    5488:	91 05       	cpc	r25, r1
    548a:	69 f1       	breq	.+90     	; 0x54e6 <KEYPAD_adjustKeyNumber+0x134>
    548c:	2e c0       	rjmp	.+92     	; 0x54ea <KEYPAD_adjustKeyNumber+0x138>
{
case 1 :
	a_keyPad=1;
    548e:	81 e0       	ldi	r24, 0x01	; 1
    5490:	89 83       	std	Y+1, r24	; 0x01
    5492:	2b c0       	rjmp	.+86     	; 0x54ea <KEYPAD_adjustKeyNumber+0x138>
	break;
case 2 :
	a_keyPad=2;
    5494:	82 e0       	ldi	r24, 0x02	; 2
    5496:	89 83       	std	Y+1, r24	; 0x01
    5498:	28 c0       	rjmp	.+80     	; 0x54ea <KEYPAD_adjustKeyNumber+0x138>
		break;
case 3 :
	a_keyPad=3;
    549a:	83 e0       	ldi	r24, 0x03	; 3
    549c:	89 83       	std	Y+1, r24	; 0x01
    549e:	25 c0       	rjmp	.+74     	; 0x54ea <KEYPAD_adjustKeyNumber+0x138>
		break;
case 4 :
	a_keyPad='A';
    54a0:	81 e4       	ldi	r24, 0x41	; 65
    54a2:	89 83       	std	Y+1, r24	; 0x01
    54a4:	22 c0       	rjmp	.+68     	; 0x54ea <KEYPAD_adjustKeyNumber+0x138>
		break;
case 5 :
	a_keyPad=4;
    54a6:	84 e0       	ldi	r24, 0x04	; 4
    54a8:	89 83       	std	Y+1, r24	; 0x01
    54aa:	1f c0       	rjmp	.+62     	; 0x54ea <KEYPAD_adjustKeyNumber+0x138>
		break;
case 6 :
	a_keyPad=5;
    54ac:	85 e0       	ldi	r24, 0x05	; 5
    54ae:	89 83       	std	Y+1, r24	; 0x01
    54b0:	1c c0       	rjmp	.+56     	; 0x54ea <KEYPAD_adjustKeyNumber+0x138>
		break;
case 7 :
	a_keyPad=6;
    54b2:	86 e0       	ldi	r24, 0x06	; 6
    54b4:	89 83       	std	Y+1, r24	; 0x01
    54b6:	19 c0       	rjmp	.+50     	; 0x54ea <KEYPAD_adjustKeyNumber+0x138>
		break;
case 8 :
	a_keyPad='B';
    54b8:	82 e4       	ldi	r24, 0x42	; 66
    54ba:	89 83       	std	Y+1, r24	; 0x01
    54bc:	16 c0       	rjmp	.+44     	; 0x54ea <KEYPAD_adjustKeyNumber+0x138>
		break;
case 9 :
	a_keyPad=7;
    54be:	87 e0       	ldi	r24, 0x07	; 7
    54c0:	89 83       	std	Y+1, r24	; 0x01
    54c2:	13 c0       	rjmp	.+38     	; 0x54ea <KEYPAD_adjustKeyNumber+0x138>
		break;
case 10 :
	a_keyPad=8;
    54c4:	88 e0       	ldi	r24, 0x08	; 8
    54c6:	89 83       	std	Y+1, r24	; 0x01
    54c8:	10 c0       	rjmp	.+32     	; 0x54ea <KEYPAD_adjustKeyNumber+0x138>
		break;
case 11 :
	a_keyPad=9;
    54ca:	89 e0       	ldi	r24, 0x09	; 9
    54cc:	89 83       	std	Y+1, r24	; 0x01
    54ce:	0d c0       	rjmp	.+26     	; 0x54ea <KEYPAD_adjustKeyNumber+0x138>
		break;
case 12 :
	a_keyPad='C';
    54d0:	83 e4       	ldi	r24, 0x43	; 67
    54d2:	89 83       	std	Y+1, r24	; 0x01
    54d4:	0a c0       	rjmp	.+20     	; 0x54ea <KEYPAD_adjustKeyNumber+0x138>
		break;
case 13 :
	a_keyPad='*';
    54d6:	8a e2       	ldi	r24, 0x2A	; 42
    54d8:	89 83       	std	Y+1, r24	; 0x01
    54da:	07 c0       	rjmp	.+14     	; 0x54ea <KEYPAD_adjustKeyNumber+0x138>
		break;
case 14 :
	a_keyPad=0;
    54dc:	19 82       	std	Y+1, r1	; 0x01
    54de:	05 c0       	rjmp	.+10     	; 0x54ea <KEYPAD_adjustKeyNumber+0x138>
		break;
case 15 :
	a_keyPad='#';
    54e0:	83 e2       	ldi	r24, 0x23	; 35
    54e2:	89 83       	std	Y+1, r24	; 0x01
    54e4:	02 c0       	rjmp	.+4      	; 0x54ea <KEYPAD_adjustKeyNumber+0x138>
		break;
case 16 :
	a_keyPad='D';
    54e6:	84 e4       	ldi	r24, 0x44	; 68
    54e8:	89 83       	std	Y+1, r24	; 0x01
	;
}

#endif

return a_keyPad;
    54ea:	89 81       	ldd	r24, Y+1	; 0x01
}
    54ec:	0f 90       	pop	r0
    54ee:	0f 90       	pop	r0
    54f0:	0f 90       	pop	r0
    54f2:	0f 90       	pop	r0
    54f4:	cf 91       	pop	r28
    54f6:	df 91       	pop	r29
    54f8:	08 95       	ret

000054fa <LCD_init>:
static void LCD_modifyFloat(uint8 * string_Ptr,float32 a_num);
static void LCD_rearrange(uint8 * string_Ptr);
static void LCD_decToString(uint8*string_Ptr ,float32 a_decimalValue );
static void LCD_concatWith(uint8* a_mainStr,uint8 * string_Ptr,uint8 * string_Ptr2,uint8 a_symb);
void LCD_init(void)
{
    54fa:	df 93       	push	r29
    54fc:	cf 93       	push	r28
    54fe:	cd b7       	in	r28, 0x3d	; 61
    5500:	de b7       	in	r29, 0x3e	; 62
    5502:	2e 97       	sbiw	r28, 0x0e	; 14
    5504:	0f b6       	in	r0, 0x3f	; 63
    5506:	f8 94       	cli
    5508:	de bf       	out	0x3e, r29	; 62
    550a:	0f be       	out	0x3f, r0	; 63
    550c:	cd bf       	out	0x3d, r28	; 61
	GPIO_setupPinDirection(LCD_RS_PORTID, LCD_RS_PINID, PIN_OUTPUT);
    550e:	83 e0       	ldi	r24, 0x03	; 3
    5510:	60 e0       	ldi	r22, 0x00	; 0
    5512:	41 e0       	ldi	r20, 0x01	; 1
    5514:	0e 94 6b 24 	call	0x48d6	; 0x48d6 <GPIO_setupPinDirection>
GPIO_setupPinDirection(LCD_EN_PORTID, LCD_EN_PINID, PIN_OUTPUT);
    5518:	83 e0       	ldi	r24, 0x03	; 3
    551a:	61 e0       	ldi	r22, 0x01	; 1
    551c:	41 e0       	ldi	r20, 0x01	; 1
    551e:	0e 94 6b 24 	call	0x48d6	; 0x48d6 <GPIO_setupPinDirection>
#if(LCD_8BITSMODE==1)
GPIO_setupPortDirection(LCD_DATA_PORTID, PORT_OUTPUT);


#elif(LCD_4BITSMODE ==1 )
GPIO_setupPinDirection(LCD_DATA_PORTID, LCD_PIN0ID, PIN_OUTPUT);
    5522:	83 e0       	ldi	r24, 0x03	; 3
    5524:	64 e0       	ldi	r22, 0x04	; 4
    5526:	41 e0       	ldi	r20, 0x01	; 1
    5528:	0e 94 6b 24 	call	0x48d6	; 0x48d6 <GPIO_setupPinDirection>
GPIO_setupPinDirection(LCD_DATA_PORTID, LCD_PIN1ID, PIN_OUTPUT);
    552c:	83 e0       	ldi	r24, 0x03	; 3
    552e:	65 e0       	ldi	r22, 0x05	; 5
    5530:	41 e0       	ldi	r20, 0x01	; 1
    5532:	0e 94 6b 24 	call	0x48d6	; 0x48d6 <GPIO_setupPinDirection>
GPIO_setupPinDirection(LCD_DATA_PORTID, LCD_PIN2ID, PIN_OUTPUT);
    5536:	83 e0       	ldi	r24, 0x03	; 3
    5538:	66 e0       	ldi	r22, 0x06	; 6
    553a:	41 e0       	ldi	r20, 0x01	; 1
    553c:	0e 94 6b 24 	call	0x48d6	; 0x48d6 <GPIO_setupPinDirection>
GPIO_setupPinDirection(LCD_DATA_PORTID, LCD_PIN3ID, PIN_OUTPUT);
    5540:	83 e0       	ldi	r24, 0x03	; 3
    5542:	67 e0       	ldi	r22, 0x07	; 7
    5544:	41 e0       	ldi	r20, 0x01	; 1
    5546:	0e 94 6b 24 	call	0x48d6	; 0x48d6 <GPIO_setupPinDirection>
    554a:	80 e0       	ldi	r24, 0x00	; 0
    554c:	90 e0       	ldi	r25, 0x00	; 0
    554e:	a0 ea       	ldi	r26, 0xA0	; 160
    5550:	b1 e4       	ldi	r27, 0x41	; 65
    5552:	8b 87       	std	Y+11, r24	; 0x0b
    5554:	9c 87       	std	Y+12, r25	; 0x0c
    5556:	ad 87       	std	Y+13, r26	; 0x0d
    5558:	be 87       	std	Y+14, r27	; 0x0e
 */
void
_delay_ms(double __ms)
{
	uint16_t __ticks;
	double __tmp = ((F_CPU) / 4e3) * __ms;
    555a:	6b 85       	ldd	r22, Y+11	; 0x0b
    555c:	7c 85       	ldd	r23, Y+12	; 0x0c
    555e:	8d 85       	ldd	r24, Y+13	; 0x0d
    5560:	9e 85       	ldd	r25, Y+14	; 0x0e
    5562:	20 e0       	ldi	r18, 0x00	; 0
    5564:	30 e0       	ldi	r19, 0x00	; 0
    5566:	4a e7       	ldi	r20, 0x7A	; 122
    5568:	53 e4       	ldi	r21, 0x43	; 67
    556a:	0e 94 1f 02 	call	0x43e	; 0x43e <__mulsf3>
    556e:	dc 01       	movw	r26, r24
    5570:	cb 01       	movw	r24, r22
    5572:	8f 83       	std	Y+7, r24	; 0x07
    5574:	98 87       	std	Y+8, r25	; 0x08
    5576:	a9 87       	std	Y+9, r26	; 0x09
    5578:	ba 87       	std	Y+10, r27	; 0x0a
	if (__tmp < 1.0)
    557a:	6f 81       	ldd	r22, Y+7	; 0x07
    557c:	78 85       	ldd	r23, Y+8	; 0x08
    557e:	89 85       	ldd	r24, Y+9	; 0x09
    5580:	9a 85       	ldd	r25, Y+10	; 0x0a
    5582:	20 e0       	ldi	r18, 0x00	; 0
    5584:	30 e0       	ldi	r19, 0x00	; 0
    5586:	40 e8       	ldi	r20, 0x80	; 128
    5588:	5f e3       	ldi	r21, 0x3F	; 63
    558a:	0e 94 25 04 	call	0x84a	; 0x84a <__ltsf2>
    558e:	88 23       	and	r24, r24
    5590:	2c f4       	brge	.+10     	; 0x559c <LCD_init+0xa2>
		__ticks = 1;
    5592:	81 e0       	ldi	r24, 0x01	; 1
    5594:	90 e0       	ldi	r25, 0x00	; 0
    5596:	9e 83       	std	Y+6, r25	; 0x06
    5598:	8d 83       	std	Y+5, r24	; 0x05
    559a:	3f c0       	rjmp	.+126    	; 0x561a <LCD_init+0x120>
	else if (__tmp > 65535)
    559c:	6f 81       	ldd	r22, Y+7	; 0x07
    559e:	78 85       	ldd	r23, Y+8	; 0x08
    55a0:	89 85       	ldd	r24, Y+9	; 0x09
    55a2:	9a 85       	ldd	r25, Y+10	; 0x0a
    55a4:	20 e0       	ldi	r18, 0x00	; 0
    55a6:	3f ef       	ldi	r19, 0xFF	; 255
    55a8:	4f e7       	ldi	r20, 0x7F	; 127
    55aa:	57 e4       	ldi	r21, 0x47	; 71
    55ac:	0e 94 c5 03 	call	0x78a	; 0x78a <__gtsf2>
    55b0:	18 16       	cp	r1, r24
    55b2:	4c f5       	brge	.+82     	; 0x5606 <LCD_init+0x10c>
	{
		//	__ticks = requested delay in 1/10 ms
		__ticks = (uint16_t) (__ms * 10.0);
    55b4:	6b 85       	ldd	r22, Y+11	; 0x0b
    55b6:	7c 85       	ldd	r23, Y+12	; 0x0c
    55b8:	8d 85       	ldd	r24, Y+13	; 0x0d
    55ba:	9e 85       	ldd	r25, Y+14	; 0x0e
    55bc:	20 e0       	ldi	r18, 0x00	; 0
    55be:	30 e0       	ldi	r19, 0x00	; 0
    55c0:	40 e2       	ldi	r20, 0x20	; 32
    55c2:	51 e4       	ldi	r21, 0x41	; 65
    55c4:	0e 94 1f 02 	call	0x43e	; 0x43e <__mulsf3>
    55c8:	dc 01       	movw	r26, r24
    55ca:	cb 01       	movw	r24, r22
    55cc:	bc 01       	movw	r22, r24
    55ce:	cd 01       	movw	r24, r26
    55d0:	0e 94 49 00 	call	0x92	; 0x92 <__fixunssfsi>
    55d4:	dc 01       	movw	r26, r24
    55d6:	cb 01       	movw	r24, r22
    55d8:	9e 83       	std	Y+6, r25	; 0x06
    55da:	8d 83       	std	Y+5, r24	; 0x05
    55dc:	0f c0       	rjmp	.+30     	; 0x55fc <LCD_init+0x102>
    55de:	89 e1       	ldi	r24, 0x19	; 25
    55e0:	90 e0       	ldi	r25, 0x00	; 0
    55e2:	9c 83       	std	Y+4, r25	; 0x04
    55e4:	8b 83       	std	Y+3, r24	; 0x03
    55e6:	8b 81       	ldd	r24, Y+3	; 0x03
    55e8:	9c 81       	ldd	r25, Y+4	; 0x04
    55ea:	01 97       	sbiw	r24, 0x01	; 1
    55ec:	f1 f7       	brne	.-4      	; 0x55ea <LCD_init+0xf0>
    55ee:	9c 83       	std	Y+4, r25	; 0x04
    55f0:	8b 83       	std	Y+3, r24	; 0x03
		while(__ticks)
		{
			// wait 1/10 ms
			_delay_loop_2(((F_CPU) / 4e3) / 10);
			__ticks --;
    55f2:	8d 81       	ldd	r24, Y+5	; 0x05
    55f4:	9e 81       	ldd	r25, Y+6	; 0x06
    55f6:	01 97       	sbiw	r24, 0x01	; 1
    55f8:	9e 83       	std	Y+6, r25	; 0x06
    55fa:	8d 83       	std	Y+5, r24	; 0x05
		__ticks = 1;
	else if (__tmp > 65535)
	{
		//	__ticks = requested delay in 1/10 ms
		__ticks = (uint16_t) (__ms * 10.0);
		while(__ticks)
    55fc:	8d 81       	ldd	r24, Y+5	; 0x05
    55fe:	9e 81       	ldd	r25, Y+6	; 0x06
    5600:	00 97       	sbiw	r24, 0x00	; 0
    5602:	69 f7       	brne	.-38     	; 0x55de <LCD_init+0xe4>
    5604:	14 c0       	rjmp	.+40     	; 0x562e <LCD_init+0x134>
			__ticks --;
		}
		return;
	}
	else
		__ticks = (uint16_t)__tmp;
    5606:	6f 81       	ldd	r22, Y+7	; 0x07
    5608:	78 85       	ldd	r23, Y+8	; 0x08
    560a:	89 85       	ldd	r24, Y+9	; 0x09
    560c:	9a 85       	ldd	r25, Y+10	; 0x0a
    560e:	0e 94 49 00 	call	0x92	; 0x92 <__fixunssfsi>
    5612:	dc 01       	movw	r26, r24
    5614:	cb 01       	movw	r24, r22
    5616:	9e 83       	std	Y+6, r25	; 0x06
    5618:	8d 83       	std	Y+5, r24	; 0x05
    561a:	8d 81       	ldd	r24, Y+5	; 0x05
    561c:	9e 81       	ldd	r25, Y+6	; 0x06
    561e:	9a 83       	std	Y+2, r25	; 0x02
    5620:	89 83       	std	Y+1, r24	; 0x01
    5622:	89 81       	ldd	r24, Y+1	; 0x01
    5624:	9a 81       	ldd	r25, Y+2	; 0x02
    5626:	01 97       	sbiw	r24, 0x01	; 1
    5628:	f1 f7       	brne	.-4      	; 0x5626 <LCD_init+0x12c>
    562a:	9a 83       	std	Y+2, r25	; 0x02
    562c:	89 83       	std	Y+1, r24	; 0x01
/* as the LCD takes 15 millisecond to start up	*/
	_delay_ms(20);
#if(LCD_8BITSMODE==1)
LCD_sendCommand(LCD_EIGHTBIT_TWOLINE);
#elif(LCD_4BITSMODE ==1 )
LCD_sendCommand(LCD_TWO_LINES_FOUR_BITS_MODE_INIT1 );
    562e:	83 e3       	ldi	r24, 0x33	; 51
    5630:	0e 94 2f 2b 	call	0x565e	; 0x565e <LCD_sendCommand>
LCD_sendCommand(LCD_TWO_LINES_FOUR_BITS_MODE_INIT2 );
    5634:	82 e3       	ldi	r24, 0x32	; 50
    5636:	0e 94 2f 2b 	call	0x565e	; 0x565e <LCD_sendCommand>
LCD_sendCommand(LCD_FOURBIT_TWOLINE);
    563a:	88 e2       	ldi	r24, 0x28	; 40
    563c:	0e 94 2f 2b 	call	0x565e	; 0x565e <LCD_sendCommand>
#endif

	LCD_sendCommand(LCD_DISPLAYON_CURSOROFF	);
    5640:	8c e0       	ldi	r24, 0x0C	; 12
    5642:	0e 94 2f 2b 	call	0x565e	; 0x565e <LCD_sendCommand>
	LCD_sendCommand(LCD_CLEAR_DISPLAY);
    5646:	81 e0       	ldi	r24, 0x01	; 1
    5648:	0e 94 2f 2b 	call	0x565e	; 0x565e <LCD_sendCommand>
}
    564c:	2e 96       	adiw	r28, 0x0e	; 14
    564e:	0f b6       	in	r0, 0x3f	; 63
    5650:	f8 94       	cli
    5652:	de bf       	out	0x3e, r29	; 62
    5654:	0f be       	out	0x3f, r0	; 63
    5656:	cd bf       	out	0x3d, r28	; 61
    5658:	cf 91       	pop	r28
    565a:	df 91       	pop	r29
    565c:	08 95       	ret

0000565e <LCD_sendCommand>:

void LCD_sendCommand(uint8 a_LCD_commands)
{
    565e:	0f 93       	push	r16
    5660:	1f 93       	push	r17
    5662:	df 93       	push	r29
    5664:	cf 93       	push	r28
    5666:	cd b7       	in	r28, 0x3d	; 61
    5668:	de b7       	in	r29, 0x3e	; 62
    566a:	c5 55       	subi	r28, 0x55	; 85
    566c:	d0 40       	sbci	r29, 0x00	; 0
    566e:	0f b6       	in	r0, 0x3f	; 63
    5670:	f8 94       	cli
    5672:	de bf       	out	0x3e, r29	; 62
    5674:	0f be       	out	0x3f, r0	; 63
    5676:	cd bf       	out	0x3d, r28	; 61
    5678:	fe 01       	movw	r30, r28
    567a:	eb 5a       	subi	r30, 0xAB	; 171
    567c:	ff 4f       	sbci	r31, 0xFF	; 255
    567e:	80 83       	st	Z, r24
	/* RS bit is responsible for register select for each of data and
	 *  commands to adjust settings*/
	GPIO_writePin(LCD_RS_PORTID,LCD_RS_PINID, LCD_SELECT_COMMAND_REGISTER);
    5680:	83 e0       	ldi	r24, 0x03	; 3
    5682:	60 e0       	ldi	r22, 0x00	; 0
    5684:	40 e0       	ldi	r20, 0x00	; 0
    5686:	0e 94 65 25 	call	0x4aca	; 0x4aca <GPIO_writePin>
    568a:	fe 01       	movw	r30, r28
    568c:	ef 5a       	subi	r30, 0xAF	; 175
    568e:	ff 4f       	sbci	r31, 0xFF	; 255
    5690:	80 e0       	ldi	r24, 0x00	; 0
    5692:	90 e0       	ldi	r25, 0x00	; 0
    5694:	a0 e8       	ldi	r26, 0x80	; 128
    5696:	bf e3       	ldi	r27, 0x3F	; 63
    5698:	80 83       	st	Z, r24
    569a:	91 83       	std	Z+1, r25	; 0x01
    569c:	a2 83       	std	Z+2, r26	; 0x02
    569e:	b3 83       	std	Z+3, r27	; 0x03
 */
void
_delay_ms(double __ms)
{
	uint16_t __ticks;
	double __tmp = ((F_CPU) / 4e3) * __ms;
    56a0:	8e 01       	movw	r16, r28
    56a2:	03 5b       	subi	r16, 0xB3	; 179
    56a4:	1f 4f       	sbci	r17, 0xFF	; 255
    56a6:	fe 01       	movw	r30, r28
    56a8:	ef 5a       	subi	r30, 0xAF	; 175
    56aa:	ff 4f       	sbci	r31, 0xFF	; 255
    56ac:	60 81       	ld	r22, Z
    56ae:	71 81       	ldd	r23, Z+1	; 0x01
    56b0:	82 81       	ldd	r24, Z+2	; 0x02
    56b2:	93 81       	ldd	r25, Z+3	; 0x03
    56b4:	20 e0       	ldi	r18, 0x00	; 0
    56b6:	30 e0       	ldi	r19, 0x00	; 0
    56b8:	4a e7       	ldi	r20, 0x7A	; 122
    56ba:	53 e4       	ldi	r21, 0x43	; 67
    56bc:	0e 94 1f 02 	call	0x43e	; 0x43e <__mulsf3>
    56c0:	dc 01       	movw	r26, r24
    56c2:	cb 01       	movw	r24, r22
    56c4:	f8 01       	movw	r30, r16
    56c6:	80 83       	st	Z, r24
    56c8:	91 83       	std	Z+1, r25	; 0x01
    56ca:	a2 83       	std	Z+2, r26	; 0x02
    56cc:	b3 83       	std	Z+3, r27	; 0x03
	if (__tmp < 1.0)
    56ce:	fe 01       	movw	r30, r28
    56d0:	e3 5b       	subi	r30, 0xB3	; 179
    56d2:	ff 4f       	sbci	r31, 0xFF	; 255
    56d4:	60 81       	ld	r22, Z
    56d6:	71 81       	ldd	r23, Z+1	; 0x01
    56d8:	82 81       	ldd	r24, Z+2	; 0x02
    56da:	93 81       	ldd	r25, Z+3	; 0x03
    56dc:	20 e0       	ldi	r18, 0x00	; 0
    56de:	30 e0       	ldi	r19, 0x00	; 0
    56e0:	40 e8       	ldi	r20, 0x80	; 128
    56e2:	5f e3       	ldi	r21, 0x3F	; 63
    56e4:	0e 94 25 04 	call	0x84a	; 0x84a <__ltsf2>
    56e8:	88 23       	and	r24, r24
    56ea:	44 f4       	brge	.+16     	; 0x56fc <LCD_sendCommand+0x9e>
		__ticks = 1;
    56ec:	fe 01       	movw	r30, r28
    56ee:	e5 5b       	subi	r30, 0xB5	; 181
    56f0:	ff 4f       	sbci	r31, 0xFF	; 255
    56f2:	81 e0       	ldi	r24, 0x01	; 1
    56f4:	90 e0       	ldi	r25, 0x00	; 0
    56f6:	91 83       	std	Z+1, r25	; 0x01
    56f8:	80 83       	st	Z, r24
    56fa:	64 c0       	rjmp	.+200    	; 0x57c4 <LCD_sendCommand+0x166>
	else if (__tmp > 65535)
    56fc:	fe 01       	movw	r30, r28
    56fe:	e3 5b       	subi	r30, 0xB3	; 179
    5700:	ff 4f       	sbci	r31, 0xFF	; 255
    5702:	60 81       	ld	r22, Z
    5704:	71 81       	ldd	r23, Z+1	; 0x01
    5706:	82 81       	ldd	r24, Z+2	; 0x02
    5708:	93 81       	ldd	r25, Z+3	; 0x03
    570a:	20 e0       	ldi	r18, 0x00	; 0
    570c:	3f ef       	ldi	r19, 0xFF	; 255
    570e:	4f e7       	ldi	r20, 0x7F	; 127
    5710:	57 e4       	ldi	r21, 0x47	; 71
    5712:	0e 94 c5 03 	call	0x78a	; 0x78a <__gtsf2>
    5716:	18 16       	cp	r1, r24
    5718:	0c f0       	brlt	.+2      	; 0x571c <LCD_sendCommand+0xbe>
    571a:	43 c0       	rjmp	.+134    	; 0x57a2 <LCD_sendCommand+0x144>
	{
		//	__ticks = requested delay in 1/10 ms
		__ticks = (uint16_t) (__ms * 10.0);
    571c:	fe 01       	movw	r30, r28
    571e:	ef 5a       	subi	r30, 0xAF	; 175
    5720:	ff 4f       	sbci	r31, 0xFF	; 255
    5722:	60 81       	ld	r22, Z
    5724:	71 81       	ldd	r23, Z+1	; 0x01
    5726:	82 81       	ldd	r24, Z+2	; 0x02
    5728:	93 81       	ldd	r25, Z+3	; 0x03
    572a:	20 e0       	ldi	r18, 0x00	; 0
    572c:	30 e0       	ldi	r19, 0x00	; 0
    572e:	40 e2       	ldi	r20, 0x20	; 32
    5730:	51 e4       	ldi	r21, 0x41	; 65
    5732:	0e 94 1f 02 	call	0x43e	; 0x43e <__mulsf3>
    5736:	dc 01       	movw	r26, r24
    5738:	cb 01       	movw	r24, r22
    573a:	8e 01       	movw	r16, r28
    573c:	05 5b       	subi	r16, 0xB5	; 181
    573e:	1f 4f       	sbci	r17, 0xFF	; 255
    5740:	bc 01       	movw	r22, r24
    5742:	cd 01       	movw	r24, r26
    5744:	0e 94 49 00 	call	0x92	; 0x92 <__fixunssfsi>
    5748:	dc 01       	movw	r26, r24
    574a:	cb 01       	movw	r24, r22
    574c:	f8 01       	movw	r30, r16
    574e:	91 83       	std	Z+1, r25	; 0x01
    5750:	80 83       	st	Z, r24
    5752:	1f c0       	rjmp	.+62     	; 0x5792 <LCD_sendCommand+0x134>
    5754:	fe 01       	movw	r30, r28
    5756:	e7 5b       	subi	r30, 0xB7	; 183
    5758:	ff 4f       	sbci	r31, 0xFF	; 255
    575a:	89 e1       	ldi	r24, 0x19	; 25
    575c:	90 e0       	ldi	r25, 0x00	; 0
    575e:	91 83       	std	Z+1, r25	; 0x01
    5760:	80 83       	st	Z, r24
    5762:	fe 01       	movw	r30, r28
    5764:	e7 5b       	subi	r30, 0xB7	; 183
    5766:	ff 4f       	sbci	r31, 0xFF	; 255
    5768:	80 81       	ld	r24, Z
    576a:	91 81       	ldd	r25, Z+1	; 0x01
    576c:	01 97       	sbiw	r24, 0x01	; 1
    576e:	f1 f7       	brne	.-4      	; 0x576c <LCD_sendCommand+0x10e>
    5770:	fe 01       	movw	r30, r28
    5772:	e7 5b       	subi	r30, 0xB7	; 183
    5774:	ff 4f       	sbci	r31, 0xFF	; 255
    5776:	91 83       	std	Z+1, r25	; 0x01
    5778:	80 83       	st	Z, r24
		while(__ticks)
		{
			// wait 1/10 ms
			_delay_loop_2(((F_CPU) / 4e3) / 10);
			__ticks --;
    577a:	de 01       	movw	r26, r28
    577c:	a5 5b       	subi	r26, 0xB5	; 181
    577e:	bf 4f       	sbci	r27, 0xFF	; 255
    5780:	fe 01       	movw	r30, r28
    5782:	e5 5b       	subi	r30, 0xB5	; 181
    5784:	ff 4f       	sbci	r31, 0xFF	; 255
    5786:	80 81       	ld	r24, Z
    5788:	91 81       	ldd	r25, Z+1	; 0x01
    578a:	01 97       	sbiw	r24, 0x01	; 1
    578c:	11 96       	adiw	r26, 0x01	; 1
    578e:	9c 93       	st	X, r25
    5790:	8e 93       	st	-X, r24
		__ticks = 1;
	else if (__tmp > 65535)
	{
		//	__ticks = requested delay in 1/10 ms
		__ticks = (uint16_t) (__ms * 10.0);
		while(__ticks)
    5792:	fe 01       	movw	r30, r28
    5794:	e5 5b       	subi	r30, 0xB5	; 181
    5796:	ff 4f       	sbci	r31, 0xFF	; 255
    5798:	80 81       	ld	r24, Z
    579a:	91 81       	ldd	r25, Z+1	; 0x01
    579c:	00 97       	sbiw	r24, 0x00	; 0
    579e:	d1 f6       	brne	.-76     	; 0x5754 <LCD_sendCommand+0xf6>
    57a0:	27 c0       	rjmp	.+78     	; 0x57f0 <LCD_sendCommand+0x192>
			__ticks --;
		}
		return;
	}
	else
		__ticks = (uint16_t)__tmp;
    57a2:	8e 01       	movw	r16, r28
    57a4:	05 5b       	subi	r16, 0xB5	; 181
    57a6:	1f 4f       	sbci	r17, 0xFF	; 255
    57a8:	fe 01       	movw	r30, r28
    57aa:	e3 5b       	subi	r30, 0xB3	; 179
    57ac:	ff 4f       	sbci	r31, 0xFF	; 255
    57ae:	60 81       	ld	r22, Z
    57b0:	71 81       	ldd	r23, Z+1	; 0x01
    57b2:	82 81       	ldd	r24, Z+2	; 0x02
    57b4:	93 81       	ldd	r25, Z+3	; 0x03
    57b6:	0e 94 49 00 	call	0x92	; 0x92 <__fixunssfsi>
    57ba:	dc 01       	movw	r26, r24
    57bc:	cb 01       	movw	r24, r22
    57be:	f8 01       	movw	r30, r16
    57c0:	91 83       	std	Z+1, r25	; 0x01
    57c2:	80 83       	st	Z, r24
    57c4:	de 01       	movw	r26, r28
    57c6:	a9 5b       	subi	r26, 0xB9	; 185
    57c8:	bf 4f       	sbci	r27, 0xFF	; 255
    57ca:	fe 01       	movw	r30, r28
    57cc:	e5 5b       	subi	r30, 0xB5	; 181
    57ce:	ff 4f       	sbci	r31, 0xFF	; 255
    57d0:	80 81       	ld	r24, Z
    57d2:	91 81       	ldd	r25, Z+1	; 0x01
    57d4:	8d 93       	st	X+, r24
    57d6:	9c 93       	st	X, r25
    57d8:	fe 01       	movw	r30, r28
    57da:	e9 5b       	subi	r30, 0xB9	; 185
    57dc:	ff 4f       	sbci	r31, 0xFF	; 255
    57de:	80 81       	ld	r24, Z
    57e0:	91 81       	ldd	r25, Z+1	; 0x01
    57e2:	01 97       	sbiw	r24, 0x01	; 1
    57e4:	f1 f7       	brne	.-4      	; 0x57e2 <LCD_sendCommand+0x184>
    57e6:	fe 01       	movw	r30, r28
    57e8:	e9 5b       	subi	r30, 0xB9	; 185
    57ea:	ff 4f       	sbci	r31, 0xFF	; 255
    57ec:	91 83       	std	Z+1, r25	; 0x01
    57ee:	80 83       	st	Z, r24
		_delay_ms(1);
	/* EN bit is used to turn on the screen*/
	GPIO_writePin(LCD_EN_PORTID,LCD_EN_PINID,LOGIC_HIGH);
    57f0:	83 e0       	ldi	r24, 0x03	; 3
    57f2:	61 e0       	ldi	r22, 0x01	; 1
    57f4:	41 e0       	ldi	r20, 0x01	; 1
    57f6:	0e 94 65 25 	call	0x4aca	; 0x4aca <GPIO_writePin>
    57fa:	fe 01       	movw	r30, r28
    57fc:	ed 5b       	subi	r30, 0xBD	; 189
    57fe:	ff 4f       	sbci	r31, 0xFF	; 255
    5800:	80 e0       	ldi	r24, 0x00	; 0
    5802:	90 e0       	ldi	r25, 0x00	; 0
    5804:	a0 e8       	ldi	r26, 0x80	; 128
    5806:	bf e3       	ldi	r27, 0x3F	; 63
    5808:	80 83       	st	Z, r24
    580a:	91 83       	std	Z+1, r25	; 0x01
    580c:	a2 83       	std	Z+2, r26	; 0x02
    580e:	b3 83       	std	Z+3, r27	; 0x03
 */
void
_delay_ms(double __ms)
{
	uint16_t __ticks;
	double __tmp = ((F_CPU) / 4e3) * __ms;
    5810:	8e 01       	movw	r16, r28
    5812:	01 5c       	subi	r16, 0xC1	; 193
    5814:	1f 4f       	sbci	r17, 0xFF	; 255
    5816:	fe 01       	movw	r30, r28
    5818:	ed 5b       	subi	r30, 0xBD	; 189
    581a:	ff 4f       	sbci	r31, 0xFF	; 255
    581c:	60 81       	ld	r22, Z
    581e:	71 81       	ldd	r23, Z+1	; 0x01
    5820:	82 81       	ldd	r24, Z+2	; 0x02
    5822:	93 81       	ldd	r25, Z+3	; 0x03
    5824:	20 e0       	ldi	r18, 0x00	; 0
    5826:	30 e0       	ldi	r19, 0x00	; 0
    5828:	4a e7       	ldi	r20, 0x7A	; 122
    582a:	53 e4       	ldi	r21, 0x43	; 67
    582c:	0e 94 1f 02 	call	0x43e	; 0x43e <__mulsf3>
    5830:	dc 01       	movw	r26, r24
    5832:	cb 01       	movw	r24, r22
    5834:	f8 01       	movw	r30, r16
    5836:	80 83       	st	Z, r24
    5838:	91 83       	std	Z+1, r25	; 0x01
    583a:	a2 83       	std	Z+2, r26	; 0x02
    583c:	b3 83       	std	Z+3, r27	; 0x03
	if (__tmp < 1.0)
    583e:	fe 01       	movw	r30, r28
    5840:	ff 96       	adiw	r30, 0x3f	; 63
    5842:	60 81       	ld	r22, Z
    5844:	71 81       	ldd	r23, Z+1	; 0x01
    5846:	82 81       	ldd	r24, Z+2	; 0x02
    5848:	93 81       	ldd	r25, Z+3	; 0x03
    584a:	20 e0       	ldi	r18, 0x00	; 0
    584c:	30 e0       	ldi	r19, 0x00	; 0
    584e:	40 e8       	ldi	r20, 0x80	; 128
    5850:	5f e3       	ldi	r21, 0x3F	; 63
    5852:	0e 94 25 04 	call	0x84a	; 0x84a <__ltsf2>
    5856:	88 23       	and	r24, r24
    5858:	2c f4       	brge	.+10     	; 0x5864 <LCD_sendCommand+0x206>
		__ticks = 1;
    585a:	81 e0       	ldi	r24, 0x01	; 1
    585c:	90 e0       	ldi	r25, 0x00	; 0
    585e:	9e af       	std	Y+62, r25	; 0x3e
    5860:	8d af       	std	Y+61, r24	; 0x3d
    5862:	46 c0       	rjmp	.+140    	; 0x58f0 <LCD_sendCommand+0x292>
	else if (__tmp > 65535)
    5864:	fe 01       	movw	r30, r28
    5866:	ff 96       	adiw	r30, 0x3f	; 63
    5868:	60 81       	ld	r22, Z
    586a:	71 81       	ldd	r23, Z+1	; 0x01
    586c:	82 81       	ldd	r24, Z+2	; 0x02
    586e:	93 81       	ldd	r25, Z+3	; 0x03
    5870:	20 e0       	ldi	r18, 0x00	; 0
    5872:	3f ef       	ldi	r19, 0xFF	; 255
    5874:	4f e7       	ldi	r20, 0x7F	; 127
    5876:	57 e4       	ldi	r21, 0x47	; 71
    5878:	0e 94 c5 03 	call	0x78a	; 0x78a <__gtsf2>
    587c:	18 16       	cp	r1, r24
    587e:	64 f5       	brge	.+88     	; 0x58d8 <LCD_sendCommand+0x27a>
	{
		//	__ticks = requested delay in 1/10 ms
		__ticks = (uint16_t) (__ms * 10.0);
    5880:	fe 01       	movw	r30, r28
    5882:	ed 5b       	subi	r30, 0xBD	; 189
    5884:	ff 4f       	sbci	r31, 0xFF	; 255
    5886:	60 81       	ld	r22, Z
    5888:	71 81       	ldd	r23, Z+1	; 0x01
    588a:	82 81       	ldd	r24, Z+2	; 0x02
    588c:	93 81       	ldd	r25, Z+3	; 0x03
    588e:	20 e0       	ldi	r18, 0x00	; 0
    5890:	30 e0       	ldi	r19, 0x00	; 0
    5892:	40 e2       	ldi	r20, 0x20	; 32
    5894:	51 e4       	ldi	r21, 0x41	; 65
    5896:	0e 94 1f 02 	call	0x43e	; 0x43e <__mulsf3>
    589a:	dc 01       	movw	r26, r24
    589c:	cb 01       	movw	r24, r22
    589e:	bc 01       	movw	r22, r24
    58a0:	cd 01       	movw	r24, r26
    58a2:	0e 94 49 00 	call	0x92	; 0x92 <__fixunssfsi>
    58a6:	dc 01       	movw	r26, r24
    58a8:	cb 01       	movw	r24, r22
    58aa:	9e af       	std	Y+62, r25	; 0x3e
    58ac:	8d af       	std	Y+61, r24	; 0x3d
    58ae:	0f c0       	rjmp	.+30     	; 0x58ce <LCD_sendCommand+0x270>
    58b0:	89 e1       	ldi	r24, 0x19	; 25
    58b2:	90 e0       	ldi	r25, 0x00	; 0
    58b4:	9c af       	std	Y+60, r25	; 0x3c
    58b6:	8b af       	std	Y+59, r24	; 0x3b
    58b8:	8b ad       	ldd	r24, Y+59	; 0x3b
    58ba:	9c ad       	ldd	r25, Y+60	; 0x3c
    58bc:	01 97       	sbiw	r24, 0x01	; 1
    58be:	f1 f7       	brne	.-4      	; 0x58bc <LCD_sendCommand+0x25e>
    58c0:	9c af       	std	Y+60, r25	; 0x3c
    58c2:	8b af       	std	Y+59, r24	; 0x3b
		while(__ticks)
		{
			// wait 1/10 ms
			_delay_loop_2(((F_CPU) / 4e3) / 10);
			__ticks --;
    58c4:	8d ad       	ldd	r24, Y+61	; 0x3d
    58c6:	9e ad       	ldd	r25, Y+62	; 0x3e
    58c8:	01 97       	sbiw	r24, 0x01	; 1
    58ca:	9e af       	std	Y+62, r25	; 0x3e
    58cc:	8d af       	std	Y+61, r24	; 0x3d
		__ticks = 1;
	else if (__tmp > 65535)
	{
		//	__ticks = requested delay in 1/10 ms
		__ticks = (uint16_t) (__ms * 10.0);
		while(__ticks)
    58ce:	8d ad       	ldd	r24, Y+61	; 0x3d
    58d0:	9e ad       	ldd	r25, Y+62	; 0x3e
    58d2:	00 97       	sbiw	r24, 0x00	; 0
    58d4:	69 f7       	brne	.-38     	; 0x58b0 <LCD_sendCommand+0x252>
    58d6:	16 c0       	rjmp	.+44     	; 0x5904 <LCD_sendCommand+0x2a6>
			__ticks --;
		}
		return;
	}
	else
		__ticks = (uint16_t)__tmp;
    58d8:	fe 01       	movw	r30, r28
    58da:	ff 96       	adiw	r30, 0x3f	; 63
    58dc:	60 81       	ld	r22, Z
    58de:	71 81       	ldd	r23, Z+1	; 0x01
    58e0:	82 81       	ldd	r24, Z+2	; 0x02
    58e2:	93 81       	ldd	r25, Z+3	; 0x03
    58e4:	0e 94 49 00 	call	0x92	; 0x92 <__fixunssfsi>
    58e8:	dc 01       	movw	r26, r24
    58ea:	cb 01       	movw	r24, r22
    58ec:	9e af       	std	Y+62, r25	; 0x3e
    58ee:	8d af       	std	Y+61, r24	; 0x3d
    58f0:	8d ad       	ldd	r24, Y+61	; 0x3d
    58f2:	9e ad       	ldd	r25, Y+62	; 0x3e
    58f4:	9a af       	std	Y+58, r25	; 0x3a
    58f6:	89 af       	std	Y+57, r24	; 0x39
    58f8:	89 ad       	ldd	r24, Y+57	; 0x39
    58fa:	9a ad       	ldd	r25, Y+58	; 0x3a
    58fc:	01 97       	sbiw	r24, 0x01	; 1
    58fe:	f1 f7       	brne	.-4      	; 0x58fc <LCD_sendCommand+0x29e>
    5900:	9a af       	std	Y+58, r25	; 0x3a
    5902:	89 af       	std	Y+57, r24	; 0x39
		_delay_ms(1);
#if(LCD_8BITSMODE==1)
		GPIO_writePort(LCD_DATA_PORTID,a_LCD_commands);
#elif(LCD_4BITSMODE ==1 )
		GPIO_writePin(LCD_DATA_PORTID,LCD_PIN0ID,GET_BIT(a_LCD_commands,4));
    5904:	fe 01       	movw	r30, r28
    5906:	eb 5a       	subi	r30, 0xAB	; 171
    5908:	ff 4f       	sbci	r31, 0xFF	; 255
    590a:	80 81       	ld	r24, Z
    590c:	88 2f       	mov	r24, r24
    590e:	90 e0       	ldi	r25, 0x00	; 0
    5910:	80 71       	andi	r24, 0x10	; 16
    5912:	90 70       	andi	r25, 0x00	; 0
    5914:	95 95       	asr	r25
    5916:	87 95       	ror	r24
    5918:	95 95       	asr	r25
    591a:	87 95       	ror	r24
    591c:	95 95       	asr	r25
    591e:	87 95       	ror	r24
    5920:	95 95       	asr	r25
    5922:	87 95       	ror	r24
    5924:	98 2f       	mov	r25, r24
    5926:	83 e0       	ldi	r24, 0x03	; 3
    5928:	64 e0       	ldi	r22, 0x04	; 4
    592a:	49 2f       	mov	r20, r25
    592c:	0e 94 65 25 	call	0x4aca	; 0x4aca <GPIO_writePin>
		GPIO_writePin(LCD_DATA_PORTID,LCD_PIN1ID,GET_BIT(a_LCD_commands,5));
    5930:	fe 01       	movw	r30, r28
    5932:	eb 5a       	subi	r30, 0xAB	; 171
    5934:	ff 4f       	sbci	r31, 0xFF	; 255
    5936:	80 81       	ld	r24, Z
    5938:	88 2f       	mov	r24, r24
    593a:	90 e0       	ldi	r25, 0x00	; 0
    593c:	80 72       	andi	r24, 0x20	; 32
    593e:	90 70       	andi	r25, 0x00	; 0
    5940:	95 95       	asr	r25
    5942:	87 95       	ror	r24
    5944:	95 95       	asr	r25
    5946:	87 95       	ror	r24
    5948:	95 95       	asr	r25
    594a:	87 95       	ror	r24
    594c:	95 95       	asr	r25
    594e:	87 95       	ror	r24
    5950:	95 95       	asr	r25
    5952:	87 95       	ror	r24
    5954:	98 2f       	mov	r25, r24
    5956:	83 e0       	ldi	r24, 0x03	; 3
    5958:	65 e0       	ldi	r22, 0x05	; 5
    595a:	49 2f       	mov	r20, r25
    595c:	0e 94 65 25 	call	0x4aca	; 0x4aca <GPIO_writePin>
		GPIO_writePin(LCD_DATA_PORTID,LCD_PIN2ID,GET_BIT(a_LCD_commands,6));
    5960:	fe 01       	movw	r30, r28
    5962:	eb 5a       	subi	r30, 0xAB	; 171
    5964:	ff 4f       	sbci	r31, 0xFF	; 255
    5966:	80 81       	ld	r24, Z
    5968:	88 2f       	mov	r24, r24
    596a:	90 e0       	ldi	r25, 0x00	; 0
    596c:	80 74       	andi	r24, 0x40	; 64
    596e:	90 70       	andi	r25, 0x00	; 0
    5970:	08 2e       	mov	r0, r24
    5972:	89 2f       	mov	r24, r25
    5974:	00 0c       	add	r0, r0
    5976:	88 1f       	adc	r24, r24
    5978:	99 0b       	sbc	r25, r25
    597a:	00 0c       	add	r0, r0
    597c:	88 1f       	adc	r24, r24
    597e:	99 1f       	adc	r25, r25
    5980:	98 2f       	mov	r25, r24
    5982:	83 e0       	ldi	r24, 0x03	; 3
    5984:	66 e0       	ldi	r22, 0x06	; 6
    5986:	49 2f       	mov	r20, r25
    5988:	0e 94 65 25 	call	0x4aca	; 0x4aca <GPIO_writePin>
		GPIO_writePin(LCD_DATA_PORTID,LCD_PIN3ID,GET_BIT(a_LCD_commands,7));
    598c:	fe 01       	movw	r30, r28
    598e:	eb 5a       	subi	r30, 0xAB	; 171
    5990:	ff 4f       	sbci	r31, 0xFF	; 255
    5992:	80 81       	ld	r24, Z
    5994:	98 2f       	mov	r25, r24
    5996:	99 1f       	adc	r25, r25
    5998:	99 27       	eor	r25, r25
    599a:	99 1f       	adc	r25, r25
    599c:	83 e0       	ldi	r24, 0x03	; 3
    599e:	67 e0       	ldi	r22, 0x07	; 7
    59a0:	49 2f       	mov	r20, r25
    59a2:	0e 94 65 25 	call	0x4aca	; 0x4aca <GPIO_writePin>
    59a6:	80 e0       	ldi	r24, 0x00	; 0
    59a8:	90 e0       	ldi	r25, 0x00	; 0
    59aa:	a0 e8       	ldi	r26, 0x80	; 128
    59ac:	bf e3       	ldi	r27, 0x3F	; 63
    59ae:	8d ab       	std	Y+53, r24	; 0x35
    59b0:	9e ab       	std	Y+54, r25	; 0x36
    59b2:	af ab       	std	Y+55, r26	; 0x37
    59b4:	b8 af       	std	Y+56, r27	; 0x38
 */
void
_delay_ms(double __ms)
{
	uint16_t __ticks;
	double __tmp = ((F_CPU) / 4e3) * __ms;
    59b6:	6d a9       	ldd	r22, Y+53	; 0x35
    59b8:	7e a9       	ldd	r23, Y+54	; 0x36
    59ba:	8f a9       	ldd	r24, Y+55	; 0x37
    59bc:	98 ad       	ldd	r25, Y+56	; 0x38
    59be:	20 e0       	ldi	r18, 0x00	; 0
    59c0:	30 e0       	ldi	r19, 0x00	; 0
    59c2:	4a e7       	ldi	r20, 0x7A	; 122
    59c4:	53 e4       	ldi	r21, 0x43	; 67
    59c6:	0e 94 1f 02 	call	0x43e	; 0x43e <__mulsf3>
    59ca:	dc 01       	movw	r26, r24
    59cc:	cb 01       	movw	r24, r22
    59ce:	89 ab       	std	Y+49, r24	; 0x31
    59d0:	9a ab       	std	Y+50, r25	; 0x32
    59d2:	ab ab       	std	Y+51, r26	; 0x33
    59d4:	bc ab       	std	Y+52, r27	; 0x34
	if (__tmp < 1.0)
    59d6:	69 a9       	ldd	r22, Y+49	; 0x31
    59d8:	7a a9       	ldd	r23, Y+50	; 0x32
    59da:	8b a9       	ldd	r24, Y+51	; 0x33
    59dc:	9c a9       	ldd	r25, Y+52	; 0x34
    59de:	20 e0       	ldi	r18, 0x00	; 0
    59e0:	30 e0       	ldi	r19, 0x00	; 0
    59e2:	40 e8       	ldi	r20, 0x80	; 128
    59e4:	5f e3       	ldi	r21, 0x3F	; 63
    59e6:	0e 94 25 04 	call	0x84a	; 0x84a <__ltsf2>
    59ea:	88 23       	and	r24, r24
    59ec:	2c f4       	brge	.+10     	; 0x59f8 <LCD_sendCommand+0x39a>
		__ticks = 1;
    59ee:	81 e0       	ldi	r24, 0x01	; 1
    59f0:	90 e0       	ldi	r25, 0x00	; 0
    59f2:	98 ab       	std	Y+48, r25	; 0x30
    59f4:	8f a7       	std	Y+47, r24	; 0x2f
    59f6:	3f c0       	rjmp	.+126    	; 0x5a76 <LCD_sendCommand+0x418>
	else if (__tmp > 65535)
    59f8:	69 a9       	ldd	r22, Y+49	; 0x31
    59fa:	7a a9       	ldd	r23, Y+50	; 0x32
    59fc:	8b a9       	ldd	r24, Y+51	; 0x33
    59fe:	9c a9       	ldd	r25, Y+52	; 0x34
    5a00:	20 e0       	ldi	r18, 0x00	; 0
    5a02:	3f ef       	ldi	r19, 0xFF	; 255
    5a04:	4f e7       	ldi	r20, 0x7F	; 127
    5a06:	57 e4       	ldi	r21, 0x47	; 71
    5a08:	0e 94 c5 03 	call	0x78a	; 0x78a <__gtsf2>
    5a0c:	18 16       	cp	r1, r24
    5a0e:	4c f5       	brge	.+82     	; 0x5a62 <LCD_sendCommand+0x404>
	{
		//	__ticks = requested delay in 1/10 ms
		__ticks = (uint16_t) (__ms * 10.0);
    5a10:	6d a9       	ldd	r22, Y+53	; 0x35
    5a12:	7e a9       	ldd	r23, Y+54	; 0x36
    5a14:	8f a9       	ldd	r24, Y+55	; 0x37
    5a16:	98 ad       	ldd	r25, Y+56	; 0x38
    5a18:	20 e0       	ldi	r18, 0x00	; 0
    5a1a:	30 e0       	ldi	r19, 0x00	; 0
    5a1c:	40 e2       	ldi	r20, 0x20	; 32
    5a1e:	51 e4       	ldi	r21, 0x41	; 65
    5a20:	0e 94 1f 02 	call	0x43e	; 0x43e <__mulsf3>
    5a24:	dc 01       	movw	r26, r24
    5a26:	cb 01       	movw	r24, r22
    5a28:	bc 01       	movw	r22, r24
    5a2a:	cd 01       	movw	r24, r26
    5a2c:	0e 94 49 00 	call	0x92	; 0x92 <__fixunssfsi>
    5a30:	dc 01       	movw	r26, r24
    5a32:	cb 01       	movw	r24, r22
    5a34:	98 ab       	std	Y+48, r25	; 0x30
    5a36:	8f a7       	std	Y+47, r24	; 0x2f
    5a38:	0f c0       	rjmp	.+30     	; 0x5a58 <LCD_sendCommand+0x3fa>
    5a3a:	89 e1       	ldi	r24, 0x19	; 25
    5a3c:	90 e0       	ldi	r25, 0x00	; 0
    5a3e:	9e a7       	std	Y+46, r25	; 0x2e
    5a40:	8d a7       	std	Y+45, r24	; 0x2d
    5a42:	8d a5       	ldd	r24, Y+45	; 0x2d
    5a44:	9e a5       	ldd	r25, Y+46	; 0x2e
    5a46:	01 97       	sbiw	r24, 0x01	; 1
    5a48:	f1 f7       	brne	.-4      	; 0x5a46 <LCD_sendCommand+0x3e8>
    5a4a:	9e a7       	std	Y+46, r25	; 0x2e
    5a4c:	8d a7       	std	Y+45, r24	; 0x2d
		while(__ticks)
		{
			// wait 1/10 ms
			_delay_loop_2(((F_CPU) / 4e3) / 10);
			__ticks --;
    5a4e:	8f a5       	ldd	r24, Y+47	; 0x2f
    5a50:	98 a9       	ldd	r25, Y+48	; 0x30
    5a52:	01 97       	sbiw	r24, 0x01	; 1
    5a54:	98 ab       	std	Y+48, r25	; 0x30
    5a56:	8f a7       	std	Y+47, r24	; 0x2f
		__ticks = 1;
	else if (__tmp > 65535)
	{
		//	__ticks = requested delay in 1/10 ms
		__ticks = (uint16_t) (__ms * 10.0);
		while(__ticks)
    5a58:	8f a5       	ldd	r24, Y+47	; 0x2f
    5a5a:	98 a9       	ldd	r25, Y+48	; 0x30
    5a5c:	00 97       	sbiw	r24, 0x00	; 0
    5a5e:	69 f7       	brne	.-38     	; 0x5a3a <LCD_sendCommand+0x3dc>
    5a60:	14 c0       	rjmp	.+40     	; 0x5a8a <LCD_sendCommand+0x42c>
			__ticks --;
		}
		return;
	}
	else
		__ticks = (uint16_t)__tmp;
    5a62:	69 a9       	ldd	r22, Y+49	; 0x31
    5a64:	7a a9       	ldd	r23, Y+50	; 0x32
    5a66:	8b a9       	ldd	r24, Y+51	; 0x33
    5a68:	9c a9       	ldd	r25, Y+52	; 0x34
    5a6a:	0e 94 49 00 	call	0x92	; 0x92 <__fixunssfsi>
    5a6e:	dc 01       	movw	r26, r24
    5a70:	cb 01       	movw	r24, r22
    5a72:	98 ab       	std	Y+48, r25	; 0x30
    5a74:	8f a7       	std	Y+47, r24	; 0x2f
    5a76:	8f a5       	ldd	r24, Y+47	; 0x2f
    5a78:	98 a9       	ldd	r25, Y+48	; 0x30
    5a7a:	9c a7       	std	Y+44, r25	; 0x2c
    5a7c:	8b a7       	std	Y+43, r24	; 0x2b
    5a7e:	8b a5       	ldd	r24, Y+43	; 0x2b
    5a80:	9c a5       	ldd	r25, Y+44	; 0x2c
    5a82:	01 97       	sbiw	r24, 0x01	; 1
    5a84:	f1 f7       	brne	.-4      	; 0x5a82 <LCD_sendCommand+0x424>
    5a86:	9c a7       	std	Y+44, r25	; 0x2c
    5a88:	8b a7       	std	Y+43, r24	; 0x2b
		_delay_ms(1);
		GPIO_writePin(LCD_EN_PORTID,LCD_EN_PINID,LOGIC_LOW);
    5a8a:	83 e0       	ldi	r24, 0x03	; 3
    5a8c:	61 e0       	ldi	r22, 0x01	; 1
    5a8e:	40 e0       	ldi	r20, 0x00	; 0
    5a90:	0e 94 65 25 	call	0x4aca	; 0x4aca <GPIO_writePin>
    5a94:	80 e0       	ldi	r24, 0x00	; 0
    5a96:	90 e0       	ldi	r25, 0x00	; 0
    5a98:	a0 e8       	ldi	r26, 0x80	; 128
    5a9a:	bf e3       	ldi	r27, 0x3F	; 63
    5a9c:	8f a3       	std	Y+39, r24	; 0x27
    5a9e:	98 a7       	std	Y+40, r25	; 0x28
    5aa0:	a9 a7       	std	Y+41, r26	; 0x29
    5aa2:	ba a7       	std	Y+42, r27	; 0x2a
 */
void
_delay_ms(double __ms)
{
	uint16_t __ticks;
	double __tmp = ((F_CPU) / 4e3) * __ms;
    5aa4:	6f a1       	ldd	r22, Y+39	; 0x27
    5aa6:	78 a5       	ldd	r23, Y+40	; 0x28
    5aa8:	89 a5       	ldd	r24, Y+41	; 0x29
    5aaa:	9a a5       	ldd	r25, Y+42	; 0x2a
    5aac:	20 e0       	ldi	r18, 0x00	; 0
    5aae:	30 e0       	ldi	r19, 0x00	; 0
    5ab0:	4a e7       	ldi	r20, 0x7A	; 122
    5ab2:	53 e4       	ldi	r21, 0x43	; 67
    5ab4:	0e 94 1f 02 	call	0x43e	; 0x43e <__mulsf3>
    5ab8:	dc 01       	movw	r26, r24
    5aba:	cb 01       	movw	r24, r22
    5abc:	8b a3       	std	Y+35, r24	; 0x23
    5abe:	9c a3       	std	Y+36, r25	; 0x24
    5ac0:	ad a3       	std	Y+37, r26	; 0x25
    5ac2:	be a3       	std	Y+38, r27	; 0x26
	if (__tmp < 1.0)
    5ac4:	6b a1       	ldd	r22, Y+35	; 0x23
    5ac6:	7c a1       	ldd	r23, Y+36	; 0x24
    5ac8:	8d a1       	ldd	r24, Y+37	; 0x25
    5aca:	9e a1       	ldd	r25, Y+38	; 0x26
    5acc:	20 e0       	ldi	r18, 0x00	; 0
    5ace:	30 e0       	ldi	r19, 0x00	; 0
    5ad0:	40 e8       	ldi	r20, 0x80	; 128
    5ad2:	5f e3       	ldi	r21, 0x3F	; 63
    5ad4:	0e 94 25 04 	call	0x84a	; 0x84a <__ltsf2>
    5ad8:	88 23       	and	r24, r24
    5ada:	2c f4       	brge	.+10     	; 0x5ae6 <LCD_sendCommand+0x488>
		__ticks = 1;
    5adc:	81 e0       	ldi	r24, 0x01	; 1
    5ade:	90 e0       	ldi	r25, 0x00	; 0
    5ae0:	9a a3       	std	Y+34, r25	; 0x22
    5ae2:	89 a3       	std	Y+33, r24	; 0x21
    5ae4:	3f c0       	rjmp	.+126    	; 0x5b64 <LCD_sendCommand+0x506>
	else if (__tmp > 65535)
    5ae6:	6b a1       	ldd	r22, Y+35	; 0x23
    5ae8:	7c a1       	ldd	r23, Y+36	; 0x24
    5aea:	8d a1       	ldd	r24, Y+37	; 0x25
    5aec:	9e a1       	ldd	r25, Y+38	; 0x26
    5aee:	20 e0       	ldi	r18, 0x00	; 0
    5af0:	3f ef       	ldi	r19, 0xFF	; 255
    5af2:	4f e7       	ldi	r20, 0x7F	; 127
    5af4:	57 e4       	ldi	r21, 0x47	; 71
    5af6:	0e 94 c5 03 	call	0x78a	; 0x78a <__gtsf2>
    5afa:	18 16       	cp	r1, r24
    5afc:	4c f5       	brge	.+82     	; 0x5b50 <LCD_sendCommand+0x4f2>
	{
		//	__ticks = requested delay in 1/10 ms
		__ticks = (uint16_t) (__ms * 10.0);
    5afe:	6f a1       	ldd	r22, Y+39	; 0x27
    5b00:	78 a5       	ldd	r23, Y+40	; 0x28
    5b02:	89 a5       	ldd	r24, Y+41	; 0x29
    5b04:	9a a5       	ldd	r25, Y+42	; 0x2a
    5b06:	20 e0       	ldi	r18, 0x00	; 0
    5b08:	30 e0       	ldi	r19, 0x00	; 0
    5b0a:	40 e2       	ldi	r20, 0x20	; 32
    5b0c:	51 e4       	ldi	r21, 0x41	; 65
    5b0e:	0e 94 1f 02 	call	0x43e	; 0x43e <__mulsf3>
    5b12:	dc 01       	movw	r26, r24
    5b14:	cb 01       	movw	r24, r22
    5b16:	bc 01       	movw	r22, r24
    5b18:	cd 01       	movw	r24, r26
    5b1a:	0e 94 49 00 	call	0x92	; 0x92 <__fixunssfsi>
    5b1e:	dc 01       	movw	r26, r24
    5b20:	cb 01       	movw	r24, r22
    5b22:	9a a3       	std	Y+34, r25	; 0x22
    5b24:	89 a3       	std	Y+33, r24	; 0x21
    5b26:	0f c0       	rjmp	.+30     	; 0x5b46 <LCD_sendCommand+0x4e8>
    5b28:	89 e1       	ldi	r24, 0x19	; 25
    5b2a:	90 e0       	ldi	r25, 0x00	; 0
    5b2c:	98 a3       	std	Y+32, r25	; 0x20
    5b2e:	8f 8f       	std	Y+31, r24	; 0x1f
    5b30:	8f 8d       	ldd	r24, Y+31	; 0x1f
    5b32:	98 a1       	ldd	r25, Y+32	; 0x20
    5b34:	01 97       	sbiw	r24, 0x01	; 1
    5b36:	f1 f7       	brne	.-4      	; 0x5b34 <LCD_sendCommand+0x4d6>
    5b38:	98 a3       	std	Y+32, r25	; 0x20
    5b3a:	8f 8f       	std	Y+31, r24	; 0x1f
		while(__ticks)
		{
			// wait 1/10 ms
			_delay_loop_2(((F_CPU) / 4e3) / 10);
			__ticks --;
    5b3c:	89 a1       	ldd	r24, Y+33	; 0x21
    5b3e:	9a a1       	ldd	r25, Y+34	; 0x22
    5b40:	01 97       	sbiw	r24, 0x01	; 1
    5b42:	9a a3       	std	Y+34, r25	; 0x22
    5b44:	89 a3       	std	Y+33, r24	; 0x21
		__ticks = 1;
	else if (__tmp > 65535)
	{
		//	__ticks = requested delay in 1/10 ms
		__ticks = (uint16_t) (__ms * 10.0);
		while(__ticks)
    5b46:	89 a1       	ldd	r24, Y+33	; 0x21
    5b48:	9a a1       	ldd	r25, Y+34	; 0x22
    5b4a:	00 97       	sbiw	r24, 0x00	; 0
    5b4c:	69 f7       	brne	.-38     	; 0x5b28 <LCD_sendCommand+0x4ca>
    5b4e:	14 c0       	rjmp	.+40     	; 0x5b78 <LCD_sendCommand+0x51a>
			__ticks --;
		}
		return;
	}
	else
		__ticks = (uint16_t)__tmp;
    5b50:	6b a1       	ldd	r22, Y+35	; 0x23
    5b52:	7c a1       	ldd	r23, Y+36	; 0x24
    5b54:	8d a1       	ldd	r24, Y+37	; 0x25
    5b56:	9e a1       	ldd	r25, Y+38	; 0x26
    5b58:	0e 94 49 00 	call	0x92	; 0x92 <__fixunssfsi>
    5b5c:	dc 01       	movw	r26, r24
    5b5e:	cb 01       	movw	r24, r22
    5b60:	9a a3       	std	Y+34, r25	; 0x22
    5b62:	89 a3       	std	Y+33, r24	; 0x21
    5b64:	89 a1       	ldd	r24, Y+33	; 0x21
    5b66:	9a a1       	ldd	r25, Y+34	; 0x22
    5b68:	9e 8f       	std	Y+30, r25	; 0x1e
    5b6a:	8d 8f       	std	Y+29, r24	; 0x1d
    5b6c:	8d 8d       	ldd	r24, Y+29	; 0x1d
    5b6e:	9e 8d       	ldd	r25, Y+30	; 0x1e
    5b70:	01 97       	sbiw	r24, 0x01	; 1
    5b72:	f1 f7       	brne	.-4      	; 0x5b70 <LCD_sendCommand+0x512>
    5b74:	9e 8f       	std	Y+30, r25	; 0x1e
    5b76:	8d 8f       	std	Y+29, r24	; 0x1d
		_delay_ms(1);
		GPIO_writePin(LCD_EN_PORTID,LCD_EN_PINID,LOGIC_HIGH);
    5b78:	83 e0       	ldi	r24, 0x03	; 3
    5b7a:	61 e0       	ldi	r22, 0x01	; 1
    5b7c:	41 e0       	ldi	r20, 0x01	; 1
    5b7e:	0e 94 65 25 	call	0x4aca	; 0x4aca <GPIO_writePin>

		GPIO_writePin(LCD_DATA_PORTID,LCD_PIN0ID,GET_BIT(a_LCD_commands,0));
    5b82:	fe 01       	movw	r30, r28
    5b84:	eb 5a       	subi	r30, 0xAB	; 171
    5b86:	ff 4f       	sbci	r31, 0xFF	; 255
    5b88:	80 81       	ld	r24, Z
    5b8a:	98 2f       	mov	r25, r24
    5b8c:	91 70       	andi	r25, 0x01	; 1
    5b8e:	83 e0       	ldi	r24, 0x03	; 3
    5b90:	64 e0       	ldi	r22, 0x04	; 4
    5b92:	49 2f       	mov	r20, r25
    5b94:	0e 94 65 25 	call	0x4aca	; 0x4aca <GPIO_writePin>
		GPIO_writePin(LCD_DATA_PORTID,LCD_PIN1ID,GET_BIT(a_LCD_commands,1));
    5b98:	fe 01       	movw	r30, r28
    5b9a:	eb 5a       	subi	r30, 0xAB	; 171
    5b9c:	ff 4f       	sbci	r31, 0xFF	; 255
    5b9e:	80 81       	ld	r24, Z
    5ba0:	88 2f       	mov	r24, r24
    5ba2:	90 e0       	ldi	r25, 0x00	; 0
    5ba4:	82 70       	andi	r24, 0x02	; 2
    5ba6:	90 70       	andi	r25, 0x00	; 0
    5ba8:	95 95       	asr	r25
    5baa:	87 95       	ror	r24
    5bac:	98 2f       	mov	r25, r24
    5bae:	83 e0       	ldi	r24, 0x03	; 3
    5bb0:	65 e0       	ldi	r22, 0x05	; 5
    5bb2:	49 2f       	mov	r20, r25
    5bb4:	0e 94 65 25 	call	0x4aca	; 0x4aca <GPIO_writePin>
		GPIO_writePin(LCD_DATA_PORTID,LCD_PIN2ID,GET_BIT(a_LCD_commands,2));
    5bb8:	fe 01       	movw	r30, r28
    5bba:	eb 5a       	subi	r30, 0xAB	; 171
    5bbc:	ff 4f       	sbci	r31, 0xFF	; 255
    5bbe:	80 81       	ld	r24, Z
    5bc0:	88 2f       	mov	r24, r24
    5bc2:	90 e0       	ldi	r25, 0x00	; 0
    5bc4:	84 70       	andi	r24, 0x04	; 4
    5bc6:	90 70       	andi	r25, 0x00	; 0
    5bc8:	95 95       	asr	r25
    5bca:	87 95       	ror	r24
    5bcc:	95 95       	asr	r25
    5bce:	87 95       	ror	r24
    5bd0:	98 2f       	mov	r25, r24
    5bd2:	83 e0       	ldi	r24, 0x03	; 3
    5bd4:	66 e0       	ldi	r22, 0x06	; 6
    5bd6:	49 2f       	mov	r20, r25
    5bd8:	0e 94 65 25 	call	0x4aca	; 0x4aca <GPIO_writePin>
		GPIO_writePin(LCD_DATA_PORTID,LCD_PIN3ID,GET_BIT(a_LCD_commands,3));
    5bdc:	fe 01       	movw	r30, r28
    5bde:	eb 5a       	subi	r30, 0xAB	; 171
    5be0:	ff 4f       	sbci	r31, 0xFF	; 255
    5be2:	80 81       	ld	r24, Z
    5be4:	88 2f       	mov	r24, r24
    5be6:	90 e0       	ldi	r25, 0x00	; 0
    5be8:	88 70       	andi	r24, 0x08	; 8
    5bea:	90 70       	andi	r25, 0x00	; 0
    5bec:	95 95       	asr	r25
    5bee:	87 95       	ror	r24
    5bf0:	95 95       	asr	r25
    5bf2:	87 95       	ror	r24
    5bf4:	95 95       	asr	r25
    5bf6:	87 95       	ror	r24
    5bf8:	98 2f       	mov	r25, r24
    5bfa:	83 e0       	ldi	r24, 0x03	; 3
    5bfc:	67 e0       	ldi	r22, 0x07	; 7
    5bfe:	49 2f       	mov	r20, r25
    5c00:	0e 94 65 25 	call	0x4aca	; 0x4aca <GPIO_writePin>
    5c04:	80 e0       	ldi	r24, 0x00	; 0
    5c06:	90 e0       	ldi	r25, 0x00	; 0
    5c08:	a0 e8       	ldi	r26, 0x80	; 128
    5c0a:	bf e3       	ldi	r27, 0x3F	; 63
    5c0c:	89 8f       	std	Y+25, r24	; 0x19
    5c0e:	9a 8f       	std	Y+26, r25	; 0x1a
    5c10:	ab 8f       	std	Y+27, r26	; 0x1b
    5c12:	bc 8f       	std	Y+28, r27	; 0x1c
 */
void
_delay_ms(double __ms)
{
	uint16_t __ticks;
	double __tmp = ((F_CPU) / 4e3) * __ms;
    5c14:	69 8d       	ldd	r22, Y+25	; 0x19
    5c16:	7a 8d       	ldd	r23, Y+26	; 0x1a
    5c18:	8b 8d       	ldd	r24, Y+27	; 0x1b
    5c1a:	9c 8d       	ldd	r25, Y+28	; 0x1c
    5c1c:	20 e0       	ldi	r18, 0x00	; 0
    5c1e:	30 e0       	ldi	r19, 0x00	; 0
    5c20:	4a e7       	ldi	r20, 0x7A	; 122
    5c22:	53 e4       	ldi	r21, 0x43	; 67
    5c24:	0e 94 1f 02 	call	0x43e	; 0x43e <__mulsf3>
    5c28:	dc 01       	movw	r26, r24
    5c2a:	cb 01       	movw	r24, r22
    5c2c:	8d 8b       	std	Y+21, r24	; 0x15
    5c2e:	9e 8b       	std	Y+22, r25	; 0x16
    5c30:	af 8b       	std	Y+23, r26	; 0x17
    5c32:	b8 8f       	std	Y+24, r27	; 0x18
	if (__tmp < 1.0)
    5c34:	6d 89       	ldd	r22, Y+21	; 0x15
    5c36:	7e 89       	ldd	r23, Y+22	; 0x16
    5c38:	8f 89       	ldd	r24, Y+23	; 0x17
    5c3a:	98 8d       	ldd	r25, Y+24	; 0x18
    5c3c:	20 e0       	ldi	r18, 0x00	; 0
    5c3e:	30 e0       	ldi	r19, 0x00	; 0
    5c40:	40 e8       	ldi	r20, 0x80	; 128
    5c42:	5f e3       	ldi	r21, 0x3F	; 63
    5c44:	0e 94 25 04 	call	0x84a	; 0x84a <__ltsf2>
    5c48:	88 23       	and	r24, r24
    5c4a:	2c f4       	brge	.+10     	; 0x5c56 <LCD_sendCommand+0x5f8>
		__ticks = 1;
    5c4c:	81 e0       	ldi	r24, 0x01	; 1
    5c4e:	90 e0       	ldi	r25, 0x00	; 0
    5c50:	9c 8b       	std	Y+20, r25	; 0x14
    5c52:	8b 8b       	std	Y+19, r24	; 0x13
    5c54:	3f c0       	rjmp	.+126    	; 0x5cd4 <LCD_sendCommand+0x676>
	else if (__tmp > 65535)
    5c56:	6d 89       	ldd	r22, Y+21	; 0x15
    5c58:	7e 89       	ldd	r23, Y+22	; 0x16
    5c5a:	8f 89       	ldd	r24, Y+23	; 0x17
    5c5c:	98 8d       	ldd	r25, Y+24	; 0x18
    5c5e:	20 e0       	ldi	r18, 0x00	; 0
    5c60:	3f ef       	ldi	r19, 0xFF	; 255
    5c62:	4f e7       	ldi	r20, 0x7F	; 127
    5c64:	57 e4       	ldi	r21, 0x47	; 71
    5c66:	0e 94 c5 03 	call	0x78a	; 0x78a <__gtsf2>
    5c6a:	18 16       	cp	r1, r24
    5c6c:	4c f5       	brge	.+82     	; 0x5cc0 <LCD_sendCommand+0x662>
	{
		//	__ticks = requested delay in 1/10 ms
		__ticks = (uint16_t) (__ms * 10.0);
    5c6e:	69 8d       	ldd	r22, Y+25	; 0x19
    5c70:	7a 8d       	ldd	r23, Y+26	; 0x1a
    5c72:	8b 8d       	ldd	r24, Y+27	; 0x1b
    5c74:	9c 8d       	ldd	r25, Y+28	; 0x1c
    5c76:	20 e0       	ldi	r18, 0x00	; 0
    5c78:	30 e0       	ldi	r19, 0x00	; 0
    5c7a:	40 e2       	ldi	r20, 0x20	; 32
    5c7c:	51 e4       	ldi	r21, 0x41	; 65
    5c7e:	0e 94 1f 02 	call	0x43e	; 0x43e <__mulsf3>
    5c82:	dc 01       	movw	r26, r24
    5c84:	cb 01       	movw	r24, r22
    5c86:	bc 01       	movw	r22, r24
    5c88:	cd 01       	movw	r24, r26
    5c8a:	0e 94 49 00 	call	0x92	; 0x92 <__fixunssfsi>
    5c8e:	dc 01       	movw	r26, r24
    5c90:	cb 01       	movw	r24, r22
    5c92:	9c 8b       	std	Y+20, r25	; 0x14
    5c94:	8b 8b       	std	Y+19, r24	; 0x13
    5c96:	0f c0       	rjmp	.+30     	; 0x5cb6 <LCD_sendCommand+0x658>
    5c98:	89 e1       	ldi	r24, 0x19	; 25
    5c9a:	90 e0       	ldi	r25, 0x00	; 0
    5c9c:	9a 8b       	std	Y+18, r25	; 0x12
    5c9e:	89 8b       	std	Y+17, r24	; 0x11
    5ca0:	89 89       	ldd	r24, Y+17	; 0x11
    5ca2:	9a 89       	ldd	r25, Y+18	; 0x12
    5ca4:	01 97       	sbiw	r24, 0x01	; 1
    5ca6:	f1 f7       	brne	.-4      	; 0x5ca4 <LCD_sendCommand+0x646>
    5ca8:	9a 8b       	std	Y+18, r25	; 0x12
    5caa:	89 8b       	std	Y+17, r24	; 0x11
		while(__ticks)
		{
			// wait 1/10 ms
			_delay_loop_2(((F_CPU) / 4e3) / 10);
			__ticks --;
    5cac:	8b 89       	ldd	r24, Y+19	; 0x13
    5cae:	9c 89       	ldd	r25, Y+20	; 0x14
    5cb0:	01 97       	sbiw	r24, 0x01	; 1
    5cb2:	9c 8b       	std	Y+20, r25	; 0x14
    5cb4:	8b 8b       	std	Y+19, r24	; 0x13
		__ticks = 1;
	else if (__tmp > 65535)
	{
		//	__ticks = requested delay in 1/10 ms
		__ticks = (uint16_t) (__ms * 10.0);
		while(__ticks)
    5cb6:	8b 89       	ldd	r24, Y+19	; 0x13
    5cb8:	9c 89       	ldd	r25, Y+20	; 0x14
    5cba:	00 97       	sbiw	r24, 0x00	; 0
    5cbc:	69 f7       	brne	.-38     	; 0x5c98 <LCD_sendCommand+0x63a>
    5cbe:	14 c0       	rjmp	.+40     	; 0x5ce8 <LCD_sendCommand+0x68a>
			__ticks --;
		}
		return;
	}
	else
		__ticks = (uint16_t)__tmp;
    5cc0:	6d 89       	ldd	r22, Y+21	; 0x15
    5cc2:	7e 89       	ldd	r23, Y+22	; 0x16
    5cc4:	8f 89       	ldd	r24, Y+23	; 0x17
    5cc6:	98 8d       	ldd	r25, Y+24	; 0x18
    5cc8:	0e 94 49 00 	call	0x92	; 0x92 <__fixunssfsi>
    5ccc:	dc 01       	movw	r26, r24
    5cce:	cb 01       	movw	r24, r22
    5cd0:	9c 8b       	std	Y+20, r25	; 0x14
    5cd2:	8b 8b       	std	Y+19, r24	; 0x13
    5cd4:	8b 89       	ldd	r24, Y+19	; 0x13
    5cd6:	9c 89       	ldd	r25, Y+20	; 0x14
    5cd8:	98 8b       	std	Y+16, r25	; 0x10
    5cda:	8f 87       	std	Y+15, r24	; 0x0f
    5cdc:	8f 85       	ldd	r24, Y+15	; 0x0f
    5cde:	98 89       	ldd	r25, Y+16	; 0x10
    5ce0:	01 97       	sbiw	r24, 0x01	; 1
    5ce2:	f1 f7       	brne	.-4      	; 0x5ce0 <LCD_sendCommand+0x682>
    5ce4:	98 8b       	std	Y+16, r25	; 0x10
    5ce6:	8f 87       	std	Y+15, r24	; 0x0f
#endif
		_delay_ms(1);
		GPIO_writePin(LCD_EN_PORTID,LCD_EN_PINID,LOGIC_LOW);
    5ce8:	83 e0       	ldi	r24, 0x03	; 3
    5cea:	61 e0       	ldi	r22, 0x01	; 1
    5cec:	40 e0       	ldi	r20, 0x00	; 0
    5cee:	0e 94 65 25 	call	0x4aca	; 0x4aca <GPIO_writePin>
    5cf2:	80 e0       	ldi	r24, 0x00	; 0
    5cf4:	90 e0       	ldi	r25, 0x00	; 0
    5cf6:	a0 e8       	ldi	r26, 0x80	; 128
    5cf8:	bf e3       	ldi	r27, 0x3F	; 63
    5cfa:	8b 87       	std	Y+11, r24	; 0x0b
    5cfc:	9c 87       	std	Y+12, r25	; 0x0c
    5cfe:	ad 87       	std	Y+13, r26	; 0x0d
    5d00:	be 87       	std	Y+14, r27	; 0x0e
 */
void
_delay_ms(double __ms)
{
	uint16_t __ticks;
	double __tmp = ((F_CPU) / 4e3) * __ms;
    5d02:	6b 85       	ldd	r22, Y+11	; 0x0b
    5d04:	7c 85       	ldd	r23, Y+12	; 0x0c
    5d06:	8d 85       	ldd	r24, Y+13	; 0x0d
    5d08:	9e 85       	ldd	r25, Y+14	; 0x0e
    5d0a:	20 e0       	ldi	r18, 0x00	; 0
    5d0c:	30 e0       	ldi	r19, 0x00	; 0
    5d0e:	4a e7       	ldi	r20, 0x7A	; 122
    5d10:	53 e4       	ldi	r21, 0x43	; 67
    5d12:	0e 94 1f 02 	call	0x43e	; 0x43e <__mulsf3>
    5d16:	dc 01       	movw	r26, r24
    5d18:	cb 01       	movw	r24, r22
    5d1a:	8f 83       	std	Y+7, r24	; 0x07
    5d1c:	98 87       	std	Y+8, r25	; 0x08
    5d1e:	a9 87       	std	Y+9, r26	; 0x09
    5d20:	ba 87       	std	Y+10, r27	; 0x0a
	if (__tmp < 1.0)
    5d22:	6f 81       	ldd	r22, Y+7	; 0x07
    5d24:	78 85       	ldd	r23, Y+8	; 0x08
    5d26:	89 85       	ldd	r24, Y+9	; 0x09
    5d28:	9a 85       	ldd	r25, Y+10	; 0x0a
    5d2a:	20 e0       	ldi	r18, 0x00	; 0
    5d2c:	30 e0       	ldi	r19, 0x00	; 0
    5d2e:	40 e8       	ldi	r20, 0x80	; 128
    5d30:	5f e3       	ldi	r21, 0x3F	; 63
    5d32:	0e 94 25 04 	call	0x84a	; 0x84a <__ltsf2>
    5d36:	88 23       	and	r24, r24
    5d38:	2c f4       	brge	.+10     	; 0x5d44 <LCD_sendCommand+0x6e6>
		__ticks = 1;
    5d3a:	81 e0       	ldi	r24, 0x01	; 1
    5d3c:	90 e0       	ldi	r25, 0x00	; 0
    5d3e:	9e 83       	std	Y+6, r25	; 0x06
    5d40:	8d 83       	std	Y+5, r24	; 0x05
    5d42:	3f c0       	rjmp	.+126    	; 0x5dc2 <LCD_sendCommand+0x764>
	else if (__tmp > 65535)
    5d44:	6f 81       	ldd	r22, Y+7	; 0x07
    5d46:	78 85       	ldd	r23, Y+8	; 0x08
    5d48:	89 85       	ldd	r24, Y+9	; 0x09
    5d4a:	9a 85       	ldd	r25, Y+10	; 0x0a
    5d4c:	20 e0       	ldi	r18, 0x00	; 0
    5d4e:	3f ef       	ldi	r19, 0xFF	; 255
    5d50:	4f e7       	ldi	r20, 0x7F	; 127
    5d52:	57 e4       	ldi	r21, 0x47	; 71
    5d54:	0e 94 c5 03 	call	0x78a	; 0x78a <__gtsf2>
    5d58:	18 16       	cp	r1, r24
    5d5a:	4c f5       	brge	.+82     	; 0x5dae <LCD_sendCommand+0x750>
	{
		//	__ticks = requested delay in 1/10 ms
		__ticks = (uint16_t) (__ms * 10.0);
    5d5c:	6b 85       	ldd	r22, Y+11	; 0x0b
    5d5e:	7c 85       	ldd	r23, Y+12	; 0x0c
    5d60:	8d 85       	ldd	r24, Y+13	; 0x0d
    5d62:	9e 85       	ldd	r25, Y+14	; 0x0e
    5d64:	20 e0       	ldi	r18, 0x00	; 0
    5d66:	30 e0       	ldi	r19, 0x00	; 0
    5d68:	40 e2       	ldi	r20, 0x20	; 32
    5d6a:	51 e4       	ldi	r21, 0x41	; 65
    5d6c:	0e 94 1f 02 	call	0x43e	; 0x43e <__mulsf3>
    5d70:	dc 01       	movw	r26, r24
    5d72:	cb 01       	movw	r24, r22
    5d74:	bc 01       	movw	r22, r24
    5d76:	cd 01       	movw	r24, r26
    5d78:	0e 94 49 00 	call	0x92	; 0x92 <__fixunssfsi>
    5d7c:	dc 01       	movw	r26, r24
    5d7e:	cb 01       	movw	r24, r22
    5d80:	9e 83       	std	Y+6, r25	; 0x06
    5d82:	8d 83       	std	Y+5, r24	; 0x05
    5d84:	0f c0       	rjmp	.+30     	; 0x5da4 <LCD_sendCommand+0x746>
    5d86:	89 e1       	ldi	r24, 0x19	; 25
    5d88:	90 e0       	ldi	r25, 0x00	; 0
    5d8a:	9c 83       	std	Y+4, r25	; 0x04
    5d8c:	8b 83       	std	Y+3, r24	; 0x03
    5d8e:	8b 81       	ldd	r24, Y+3	; 0x03
    5d90:	9c 81       	ldd	r25, Y+4	; 0x04
    5d92:	01 97       	sbiw	r24, 0x01	; 1
    5d94:	f1 f7       	brne	.-4      	; 0x5d92 <LCD_sendCommand+0x734>
    5d96:	9c 83       	std	Y+4, r25	; 0x04
    5d98:	8b 83       	std	Y+3, r24	; 0x03
		while(__ticks)
		{
			// wait 1/10 ms
			_delay_loop_2(((F_CPU) / 4e3) / 10);
			__ticks --;
    5d9a:	8d 81       	ldd	r24, Y+5	; 0x05
    5d9c:	9e 81       	ldd	r25, Y+6	; 0x06
    5d9e:	01 97       	sbiw	r24, 0x01	; 1
    5da0:	9e 83       	std	Y+6, r25	; 0x06
    5da2:	8d 83       	std	Y+5, r24	; 0x05
		__ticks = 1;
	else if (__tmp > 65535)
	{
		//	__ticks = requested delay in 1/10 ms
		__ticks = (uint16_t) (__ms * 10.0);
		while(__ticks)
    5da4:	8d 81       	ldd	r24, Y+5	; 0x05
    5da6:	9e 81       	ldd	r25, Y+6	; 0x06
    5da8:	00 97       	sbiw	r24, 0x00	; 0
    5daa:	69 f7       	brne	.-38     	; 0x5d86 <LCD_sendCommand+0x728>
    5dac:	14 c0       	rjmp	.+40     	; 0x5dd6 <LCD_sendCommand+0x778>
			__ticks --;
		}
		return;
	}
	else
		__ticks = (uint16_t)__tmp;
    5dae:	6f 81       	ldd	r22, Y+7	; 0x07
    5db0:	78 85       	ldd	r23, Y+8	; 0x08
    5db2:	89 85       	ldd	r24, Y+9	; 0x09
    5db4:	9a 85       	ldd	r25, Y+10	; 0x0a
    5db6:	0e 94 49 00 	call	0x92	; 0x92 <__fixunssfsi>
    5dba:	dc 01       	movw	r26, r24
    5dbc:	cb 01       	movw	r24, r22
    5dbe:	9e 83       	std	Y+6, r25	; 0x06
    5dc0:	8d 83       	std	Y+5, r24	; 0x05
    5dc2:	8d 81       	ldd	r24, Y+5	; 0x05
    5dc4:	9e 81       	ldd	r25, Y+6	; 0x06
    5dc6:	9a 83       	std	Y+2, r25	; 0x02
    5dc8:	89 83       	std	Y+1, r24	; 0x01
    5dca:	89 81       	ldd	r24, Y+1	; 0x01
    5dcc:	9a 81       	ldd	r25, Y+2	; 0x02
    5dce:	01 97       	sbiw	r24, 0x01	; 1
    5dd0:	f1 f7       	brne	.-4      	; 0x5dce <LCD_sendCommand+0x770>
    5dd2:	9a 83       	std	Y+2, r25	; 0x02
    5dd4:	89 83       	std	Y+1, r24	; 0x01
		_delay_ms(1);
}
    5dd6:	cb 5a       	subi	r28, 0xAB	; 171
    5dd8:	df 4f       	sbci	r29, 0xFF	; 255
    5dda:	0f b6       	in	r0, 0x3f	; 63
    5ddc:	f8 94       	cli
    5dde:	de bf       	out	0x3e, r29	; 62
    5de0:	0f be       	out	0x3f, r0	; 63
    5de2:	cd bf       	out	0x3d, r28	; 61
    5de4:	cf 91       	pop	r28
    5de6:	df 91       	pop	r29
    5de8:	1f 91       	pop	r17
    5dea:	0f 91       	pop	r16
    5dec:	08 95       	ret

00005dee <LCD_displayCharachter>:

void LCD_displayCharachter(uint8 a_char)
{
    5dee:	0f 93       	push	r16
    5df0:	1f 93       	push	r17
    5df2:	df 93       	push	r29
    5df4:	cf 93       	push	r28
    5df6:	cd b7       	in	r28, 0x3d	; 61
    5df8:	de b7       	in	r29, 0x3e	; 62
    5dfa:	c5 55       	subi	r28, 0x55	; 85
    5dfc:	d0 40       	sbci	r29, 0x00	; 0
    5dfe:	0f b6       	in	r0, 0x3f	; 63
    5e00:	f8 94       	cli
    5e02:	de bf       	out	0x3e, r29	; 62
    5e04:	0f be       	out	0x3f, r0	; 63
    5e06:	cd bf       	out	0x3d, r28	; 61
    5e08:	fe 01       	movw	r30, r28
    5e0a:	eb 5a       	subi	r30, 0xAB	; 171
    5e0c:	ff 4f       	sbci	r31, 0xFF	; 255
    5e0e:	80 83       	st	Z, r24
	/* RS bit is responsible for register select for each of data and
		 *  commands to adjust settings*/
		GPIO_writePin(LCD_RS_PORTID,LCD_RS_PINID,LCD_SELECT_DATA_REGISTER);
    5e10:	83 e0       	ldi	r24, 0x03	; 3
    5e12:	60 e0       	ldi	r22, 0x00	; 0
    5e14:	41 e0       	ldi	r20, 0x01	; 1
    5e16:	0e 94 65 25 	call	0x4aca	; 0x4aca <GPIO_writePin>
    5e1a:	fe 01       	movw	r30, r28
    5e1c:	ef 5a       	subi	r30, 0xAF	; 175
    5e1e:	ff 4f       	sbci	r31, 0xFF	; 255
    5e20:	80 e0       	ldi	r24, 0x00	; 0
    5e22:	90 e0       	ldi	r25, 0x00	; 0
    5e24:	a0 e8       	ldi	r26, 0x80	; 128
    5e26:	bf e3       	ldi	r27, 0x3F	; 63
    5e28:	80 83       	st	Z, r24
    5e2a:	91 83       	std	Z+1, r25	; 0x01
    5e2c:	a2 83       	std	Z+2, r26	; 0x02
    5e2e:	b3 83       	std	Z+3, r27	; 0x03
 */
void
_delay_ms(double __ms)
{
	uint16_t __ticks;
	double __tmp = ((F_CPU) / 4e3) * __ms;
    5e30:	8e 01       	movw	r16, r28
    5e32:	03 5b       	subi	r16, 0xB3	; 179
    5e34:	1f 4f       	sbci	r17, 0xFF	; 255
    5e36:	fe 01       	movw	r30, r28
    5e38:	ef 5a       	subi	r30, 0xAF	; 175
    5e3a:	ff 4f       	sbci	r31, 0xFF	; 255
    5e3c:	60 81       	ld	r22, Z
    5e3e:	71 81       	ldd	r23, Z+1	; 0x01
    5e40:	82 81       	ldd	r24, Z+2	; 0x02
    5e42:	93 81       	ldd	r25, Z+3	; 0x03
    5e44:	20 e0       	ldi	r18, 0x00	; 0
    5e46:	30 e0       	ldi	r19, 0x00	; 0
    5e48:	4a e7       	ldi	r20, 0x7A	; 122
    5e4a:	53 e4       	ldi	r21, 0x43	; 67
    5e4c:	0e 94 1f 02 	call	0x43e	; 0x43e <__mulsf3>
    5e50:	dc 01       	movw	r26, r24
    5e52:	cb 01       	movw	r24, r22
    5e54:	f8 01       	movw	r30, r16
    5e56:	80 83       	st	Z, r24
    5e58:	91 83       	std	Z+1, r25	; 0x01
    5e5a:	a2 83       	std	Z+2, r26	; 0x02
    5e5c:	b3 83       	std	Z+3, r27	; 0x03
	if (__tmp < 1.0)
    5e5e:	fe 01       	movw	r30, r28
    5e60:	e3 5b       	subi	r30, 0xB3	; 179
    5e62:	ff 4f       	sbci	r31, 0xFF	; 255
    5e64:	60 81       	ld	r22, Z
    5e66:	71 81       	ldd	r23, Z+1	; 0x01
    5e68:	82 81       	ldd	r24, Z+2	; 0x02
    5e6a:	93 81       	ldd	r25, Z+3	; 0x03
    5e6c:	20 e0       	ldi	r18, 0x00	; 0
    5e6e:	30 e0       	ldi	r19, 0x00	; 0
    5e70:	40 e8       	ldi	r20, 0x80	; 128
    5e72:	5f e3       	ldi	r21, 0x3F	; 63
    5e74:	0e 94 25 04 	call	0x84a	; 0x84a <__ltsf2>
    5e78:	88 23       	and	r24, r24
    5e7a:	44 f4       	brge	.+16     	; 0x5e8c <LCD_displayCharachter+0x9e>
		__ticks = 1;
    5e7c:	fe 01       	movw	r30, r28
    5e7e:	e5 5b       	subi	r30, 0xB5	; 181
    5e80:	ff 4f       	sbci	r31, 0xFF	; 255
    5e82:	81 e0       	ldi	r24, 0x01	; 1
    5e84:	90 e0       	ldi	r25, 0x00	; 0
    5e86:	91 83       	std	Z+1, r25	; 0x01
    5e88:	80 83       	st	Z, r24
    5e8a:	64 c0       	rjmp	.+200    	; 0x5f54 <LCD_displayCharachter+0x166>
	else if (__tmp > 65535)
    5e8c:	fe 01       	movw	r30, r28
    5e8e:	e3 5b       	subi	r30, 0xB3	; 179
    5e90:	ff 4f       	sbci	r31, 0xFF	; 255
    5e92:	60 81       	ld	r22, Z
    5e94:	71 81       	ldd	r23, Z+1	; 0x01
    5e96:	82 81       	ldd	r24, Z+2	; 0x02
    5e98:	93 81       	ldd	r25, Z+3	; 0x03
    5e9a:	20 e0       	ldi	r18, 0x00	; 0
    5e9c:	3f ef       	ldi	r19, 0xFF	; 255
    5e9e:	4f e7       	ldi	r20, 0x7F	; 127
    5ea0:	57 e4       	ldi	r21, 0x47	; 71
    5ea2:	0e 94 c5 03 	call	0x78a	; 0x78a <__gtsf2>
    5ea6:	18 16       	cp	r1, r24
    5ea8:	0c f0       	brlt	.+2      	; 0x5eac <LCD_displayCharachter+0xbe>
    5eaa:	43 c0       	rjmp	.+134    	; 0x5f32 <LCD_displayCharachter+0x144>
	{
		//	__ticks = requested delay in 1/10 ms
		__ticks = (uint16_t) (__ms * 10.0);
    5eac:	fe 01       	movw	r30, r28
    5eae:	ef 5a       	subi	r30, 0xAF	; 175
    5eb0:	ff 4f       	sbci	r31, 0xFF	; 255
    5eb2:	60 81       	ld	r22, Z
    5eb4:	71 81       	ldd	r23, Z+1	; 0x01
    5eb6:	82 81       	ldd	r24, Z+2	; 0x02
    5eb8:	93 81       	ldd	r25, Z+3	; 0x03
    5eba:	20 e0       	ldi	r18, 0x00	; 0
    5ebc:	30 e0       	ldi	r19, 0x00	; 0
    5ebe:	40 e2       	ldi	r20, 0x20	; 32
    5ec0:	51 e4       	ldi	r21, 0x41	; 65
    5ec2:	0e 94 1f 02 	call	0x43e	; 0x43e <__mulsf3>
    5ec6:	dc 01       	movw	r26, r24
    5ec8:	cb 01       	movw	r24, r22
    5eca:	8e 01       	movw	r16, r28
    5ecc:	05 5b       	subi	r16, 0xB5	; 181
    5ece:	1f 4f       	sbci	r17, 0xFF	; 255
    5ed0:	bc 01       	movw	r22, r24
    5ed2:	cd 01       	movw	r24, r26
    5ed4:	0e 94 49 00 	call	0x92	; 0x92 <__fixunssfsi>
    5ed8:	dc 01       	movw	r26, r24
    5eda:	cb 01       	movw	r24, r22
    5edc:	f8 01       	movw	r30, r16
    5ede:	91 83       	std	Z+1, r25	; 0x01
    5ee0:	80 83       	st	Z, r24
    5ee2:	1f c0       	rjmp	.+62     	; 0x5f22 <LCD_displayCharachter+0x134>
    5ee4:	fe 01       	movw	r30, r28
    5ee6:	e7 5b       	subi	r30, 0xB7	; 183
    5ee8:	ff 4f       	sbci	r31, 0xFF	; 255
    5eea:	89 e1       	ldi	r24, 0x19	; 25
    5eec:	90 e0       	ldi	r25, 0x00	; 0
    5eee:	91 83       	std	Z+1, r25	; 0x01
    5ef0:	80 83       	st	Z, r24
    5ef2:	fe 01       	movw	r30, r28
    5ef4:	e7 5b       	subi	r30, 0xB7	; 183
    5ef6:	ff 4f       	sbci	r31, 0xFF	; 255
    5ef8:	80 81       	ld	r24, Z
    5efa:	91 81       	ldd	r25, Z+1	; 0x01
    5efc:	01 97       	sbiw	r24, 0x01	; 1
    5efe:	f1 f7       	brne	.-4      	; 0x5efc <LCD_displayCharachter+0x10e>
    5f00:	fe 01       	movw	r30, r28
    5f02:	e7 5b       	subi	r30, 0xB7	; 183
    5f04:	ff 4f       	sbci	r31, 0xFF	; 255
    5f06:	91 83       	std	Z+1, r25	; 0x01
    5f08:	80 83       	st	Z, r24
		while(__ticks)
		{
			// wait 1/10 ms
			_delay_loop_2(((F_CPU) / 4e3) / 10);
			__ticks --;
    5f0a:	de 01       	movw	r26, r28
    5f0c:	a5 5b       	subi	r26, 0xB5	; 181
    5f0e:	bf 4f       	sbci	r27, 0xFF	; 255
    5f10:	fe 01       	movw	r30, r28
    5f12:	e5 5b       	subi	r30, 0xB5	; 181
    5f14:	ff 4f       	sbci	r31, 0xFF	; 255
    5f16:	80 81       	ld	r24, Z
    5f18:	91 81       	ldd	r25, Z+1	; 0x01
    5f1a:	01 97       	sbiw	r24, 0x01	; 1
    5f1c:	11 96       	adiw	r26, 0x01	; 1
    5f1e:	9c 93       	st	X, r25
    5f20:	8e 93       	st	-X, r24
		__ticks = 1;
	else if (__tmp > 65535)
	{
		//	__ticks = requested delay in 1/10 ms
		__ticks = (uint16_t) (__ms * 10.0);
		while(__ticks)
    5f22:	fe 01       	movw	r30, r28
    5f24:	e5 5b       	subi	r30, 0xB5	; 181
    5f26:	ff 4f       	sbci	r31, 0xFF	; 255
    5f28:	80 81       	ld	r24, Z
    5f2a:	91 81       	ldd	r25, Z+1	; 0x01
    5f2c:	00 97       	sbiw	r24, 0x00	; 0
    5f2e:	d1 f6       	brne	.-76     	; 0x5ee4 <LCD_displayCharachter+0xf6>
    5f30:	27 c0       	rjmp	.+78     	; 0x5f80 <LCD_displayCharachter+0x192>
			__ticks --;
		}
		return;
	}
	else
		__ticks = (uint16_t)__tmp;
    5f32:	8e 01       	movw	r16, r28
    5f34:	05 5b       	subi	r16, 0xB5	; 181
    5f36:	1f 4f       	sbci	r17, 0xFF	; 255
    5f38:	fe 01       	movw	r30, r28
    5f3a:	e3 5b       	subi	r30, 0xB3	; 179
    5f3c:	ff 4f       	sbci	r31, 0xFF	; 255
    5f3e:	60 81       	ld	r22, Z
    5f40:	71 81       	ldd	r23, Z+1	; 0x01
    5f42:	82 81       	ldd	r24, Z+2	; 0x02
    5f44:	93 81       	ldd	r25, Z+3	; 0x03
    5f46:	0e 94 49 00 	call	0x92	; 0x92 <__fixunssfsi>
    5f4a:	dc 01       	movw	r26, r24
    5f4c:	cb 01       	movw	r24, r22
    5f4e:	f8 01       	movw	r30, r16
    5f50:	91 83       	std	Z+1, r25	; 0x01
    5f52:	80 83       	st	Z, r24
    5f54:	de 01       	movw	r26, r28
    5f56:	a9 5b       	subi	r26, 0xB9	; 185
    5f58:	bf 4f       	sbci	r27, 0xFF	; 255
    5f5a:	fe 01       	movw	r30, r28
    5f5c:	e5 5b       	subi	r30, 0xB5	; 181
    5f5e:	ff 4f       	sbci	r31, 0xFF	; 255
    5f60:	80 81       	ld	r24, Z
    5f62:	91 81       	ldd	r25, Z+1	; 0x01
    5f64:	8d 93       	st	X+, r24
    5f66:	9c 93       	st	X, r25
    5f68:	fe 01       	movw	r30, r28
    5f6a:	e9 5b       	subi	r30, 0xB9	; 185
    5f6c:	ff 4f       	sbci	r31, 0xFF	; 255
    5f6e:	80 81       	ld	r24, Z
    5f70:	91 81       	ldd	r25, Z+1	; 0x01
    5f72:	01 97       	sbiw	r24, 0x01	; 1
    5f74:	f1 f7       	brne	.-4      	; 0x5f72 <LCD_displayCharachter+0x184>
    5f76:	fe 01       	movw	r30, r28
    5f78:	e9 5b       	subi	r30, 0xB9	; 185
    5f7a:	ff 4f       	sbci	r31, 0xFF	; 255
    5f7c:	91 83       	std	Z+1, r25	; 0x01
    5f7e:	80 83       	st	Z, r24
			_delay_ms(1);
		/* EN bit is used to turn on the screen*/

		GPIO_writePin(LCD_EN_PORTID,LCD_EN_PINID,LOGIC_HIGH);
    5f80:	83 e0       	ldi	r24, 0x03	; 3
    5f82:	61 e0       	ldi	r22, 0x01	; 1
    5f84:	41 e0       	ldi	r20, 0x01	; 1
    5f86:	0e 94 65 25 	call	0x4aca	; 0x4aca <GPIO_writePin>
    5f8a:	fe 01       	movw	r30, r28
    5f8c:	ed 5b       	subi	r30, 0xBD	; 189
    5f8e:	ff 4f       	sbci	r31, 0xFF	; 255
    5f90:	80 e0       	ldi	r24, 0x00	; 0
    5f92:	90 e0       	ldi	r25, 0x00	; 0
    5f94:	a0 e8       	ldi	r26, 0x80	; 128
    5f96:	bf e3       	ldi	r27, 0x3F	; 63
    5f98:	80 83       	st	Z, r24
    5f9a:	91 83       	std	Z+1, r25	; 0x01
    5f9c:	a2 83       	std	Z+2, r26	; 0x02
    5f9e:	b3 83       	std	Z+3, r27	; 0x03
 */
void
_delay_ms(double __ms)
{
	uint16_t __ticks;
	double __tmp = ((F_CPU) / 4e3) * __ms;
    5fa0:	8e 01       	movw	r16, r28
    5fa2:	01 5c       	subi	r16, 0xC1	; 193
    5fa4:	1f 4f       	sbci	r17, 0xFF	; 255
    5fa6:	fe 01       	movw	r30, r28
    5fa8:	ed 5b       	subi	r30, 0xBD	; 189
    5faa:	ff 4f       	sbci	r31, 0xFF	; 255
    5fac:	60 81       	ld	r22, Z
    5fae:	71 81       	ldd	r23, Z+1	; 0x01
    5fb0:	82 81       	ldd	r24, Z+2	; 0x02
    5fb2:	93 81       	ldd	r25, Z+3	; 0x03
    5fb4:	20 e0       	ldi	r18, 0x00	; 0
    5fb6:	30 e0       	ldi	r19, 0x00	; 0
    5fb8:	4a e7       	ldi	r20, 0x7A	; 122
    5fba:	53 e4       	ldi	r21, 0x43	; 67
    5fbc:	0e 94 1f 02 	call	0x43e	; 0x43e <__mulsf3>
    5fc0:	dc 01       	movw	r26, r24
    5fc2:	cb 01       	movw	r24, r22
    5fc4:	f8 01       	movw	r30, r16
    5fc6:	80 83       	st	Z, r24
    5fc8:	91 83       	std	Z+1, r25	; 0x01
    5fca:	a2 83       	std	Z+2, r26	; 0x02
    5fcc:	b3 83       	std	Z+3, r27	; 0x03
	if (__tmp < 1.0)
    5fce:	fe 01       	movw	r30, r28
    5fd0:	ff 96       	adiw	r30, 0x3f	; 63
    5fd2:	60 81       	ld	r22, Z
    5fd4:	71 81       	ldd	r23, Z+1	; 0x01
    5fd6:	82 81       	ldd	r24, Z+2	; 0x02
    5fd8:	93 81       	ldd	r25, Z+3	; 0x03
    5fda:	20 e0       	ldi	r18, 0x00	; 0
    5fdc:	30 e0       	ldi	r19, 0x00	; 0
    5fde:	40 e8       	ldi	r20, 0x80	; 128
    5fe0:	5f e3       	ldi	r21, 0x3F	; 63
    5fe2:	0e 94 25 04 	call	0x84a	; 0x84a <__ltsf2>
    5fe6:	88 23       	and	r24, r24
    5fe8:	2c f4       	brge	.+10     	; 0x5ff4 <LCD_displayCharachter+0x206>
		__ticks = 1;
    5fea:	81 e0       	ldi	r24, 0x01	; 1
    5fec:	90 e0       	ldi	r25, 0x00	; 0
    5fee:	9e af       	std	Y+62, r25	; 0x3e
    5ff0:	8d af       	std	Y+61, r24	; 0x3d
    5ff2:	46 c0       	rjmp	.+140    	; 0x6080 <LCD_displayCharachter+0x292>
	else if (__tmp > 65535)
    5ff4:	fe 01       	movw	r30, r28
    5ff6:	ff 96       	adiw	r30, 0x3f	; 63
    5ff8:	60 81       	ld	r22, Z
    5ffa:	71 81       	ldd	r23, Z+1	; 0x01
    5ffc:	82 81       	ldd	r24, Z+2	; 0x02
    5ffe:	93 81       	ldd	r25, Z+3	; 0x03
    6000:	20 e0       	ldi	r18, 0x00	; 0
    6002:	3f ef       	ldi	r19, 0xFF	; 255
    6004:	4f e7       	ldi	r20, 0x7F	; 127
    6006:	57 e4       	ldi	r21, 0x47	; 71
    6008:	0e 94 c5 03 	call	0x78a	; 0x78a <__gtsf2>
    600c:	18 16       	cp	r1, r24
    600e:	64 f5       	brge	.+88     	; 0x6068 <LCD_displayCharachter+0x27a>
	{
		//	__ticks = requested delay in 1/10 ms
		__ticks = (uint16_t) (__ms * 10.0);
    6010:	fe 01       	movw	r30, r28
    6012:	ed 5b       	subi	r30, 0xBD	; 189
    6014:	ff 4f       	sbci	r31, 0xFF	; 255
    6016:	60 81       	ld	r22, Z
    6018:	71 81       	ldd	r23, Z+1	; 0x01
    601a:	82 81       	ldd	r24, Z+2	; 0x02
    601c:	93 81       	ldd	r25, Z+3	; 0x03
    601e:	20 e0       	ldi	r18, 0x00	; 0
    6020:	30 e0       	ldi	r19, 0x00	; 0
    6022:	40 e2       	ldi	r20, 0x20	; 32
    6024:	51 e4       	ldi	r21, 0x41	; 65
    6026:	0e 94 1f 02 	call	0x43e	; 0x43e <__mulsf3>
    602a:	dc 01       	movw	r26, r24
    602c:	cb 01       	movw	r24, r22
    602e:	bc 01       	movw	r22, r24
    6030:	cd 01       	movw	r24, r26
    6032:	0e 94 49 00 	call	0x92	; 0x92 <__fixunssfsi>
    6036:	dc 01       	movw	r26, r24
    6038:	cb 01       	movw	r24, r22
    603a:	9e af       	std	Y+62, r25	; 0x3e
    603c:	8d af       	std	Y+61, r24	; 0x3d
    603e:	0f c0       	rjmp	.+30     	; 0x605e <LCD_displayCharachter+0x270>
    6040:	89 e1       	ldi	r24, 0x19	; 25
    6042:	90 e0       	ldi	r25, 0x00	; 0
    6044:	9c af       	std	Y+60, r25	; 0x3c
    6046:	8b af       	std	Y+59, r24	; 0x3b
    6048:	8b ad       	ldd	r24, Y+59	; 0x3b
    604a:	9c ad       	ldd	r25, Y+60	; 0x3c
    604c:	01 97       	sbiw	r24, 0x01	; 1
    604e:	f1 f7       	brne	.-4      	; 0x604c <LCD_displayCharachter+0x25e>
    6050:	9c af       	std	Y+60, r25	; 0x3c
    6052:	8b af       	std	Y+59, r24	; 0x3b
		while(__ticks)
		{
			// wait 1/10 ms
			_delay_loop_2(((F_CPU) / 4e3) / 10);
			__ticks --;
    6054:	8d ad       	ldd	r24, Y+61	; 0x3d
    6056:	9e ad       	ldd	r25, Y+62	; 0x3e
    6058:	01 97       	sbiw	r24, 0x01	; 1
    605a:	9e af       	std	Y+62, r25	; 0x3e
    605c:	8d af       	std	Y+61, r24	; 0x3d
		__ticks = 1;
	else if (__tmp > 65535)
	{
		//	__ticks = requested delay in 1/10 ms
		__ticks = (uint16_t) (__ms * 10.0);
		while(__ticks)
    605e:	8d ad       	ldd	r24, Y+61	; 0x3d
    6060:	9e ad       	ldd	r25, Y+62	; 0x3e
    6062:	00 97       	sbiw	r24, 0x00	; 0
    6064:	69 f7       	brne	.-38     	; 0x6040 <LCD_displayCharachter+0x252>
    6066:	16 c0       	rjmp	.+44     	; 0x6094 <LCD_displayCharachter+0x2a6>
			__ticks --;
		}
		return;
	}
	else
		__ticks = (uint16_t)__tmp;
    6068:	fe 01       	movw	r30, r28
    606a:	ff 96       	adiw	r30, 0x3f	; 63
    606c:	60 81       	ld	r22, Z
    606e:	71 81       	ldd	r23, Z+1	; 0x01
    6070:	82 81       	ldd	r24, Z+2	; 0x02
    6072:	93 81       	ldd	r25, Z+3	; 0x03
    6074:	0e 94 49 00 	call	0x92	; 0x92 <__fixunssfsi>
    6078:	dc 01       	movw	r26, r24
    607a:	cb 01       	movw	r24, r22
    607c:	9e af       	std	Y+62, r25	; 0x3e
    607e:	8d af       	std	Y+61, r24	; 0x3d
    6080:	8d ad       	ldd	r24, Y+61	; 0x3d
    6082:	9e ad       	ldd	r25, Y+62	; 0x3e
    6084:	9a af       	std	Y+58, r25	; 0x3a
    6086:	89 af       	std	Y+57, r24	; 0x39
    6088:	89 ad       	ldd	r24, Y+57	; 0x39
    608a:	9a ad       	ldd	r25, Y+58	; 0x3a
    608c:	01 97       	sbiw	r24, 0x01	; 1
    608e:	f1 f7       	brne	.-4      	; 0x608c <LCD_displayCharachter+0x29e>
    6090:	9a af       	std	Y+58, r25	; 0x3a
    6092:	89 af       	std	Y+57, r24	; 0x39
			_delay_ms(1);
#if(LCD_8BITSMODE==1)
		GPIO_writePort(LCD_DATA_PORTID,a_char);
#elif(LCD_4BITSMODE ==1 )
		GPIO_writePin(LCD_DATA_PORTID,LCD_PIN0ID,GET_BIT(a_char,4));
    6094:	fe 01       	movw	r30, r28
    6096:	eb 5a       	subi	r30, 0xAB	; 171
    6098:	ff 4f       	sbci	r31, 0xFF	; 255
    609a:	80 81       	ld	r24, Z
    609c:	88 2f       	mov	r24, r24
    609e:	90 e0       	ldi	r25, 0x00	; 0
    60a0:	80 71       	andi	r24, 0x10	; 16
    60a2:	90 70       	andi	r25, 0x00	; 0
    60a4:	95 95       	asr	r25
    60a6:	87 95       	ror	r24
    60a8:	95 95       	asr	r25
    60aa:	87 95       	ror	r24
    60ac:	95 95       	asr	r25
    60ae:	87 95       	ror	r24
    60b0:	95 95       	asr	r25
    60b2:	87 95       	ror	r24
    60b4:	98 2f       	mov	r25, r24
    60b6:	83 e0       	ldi	r24, 0x03	; 3
    60b8:	64 e0       	ldi	r22, 0x04	; 4
    60ba:	49 2f       	mov	r20, r25
    60bc:	0e 94 65 25 	call	0x4aca	; 0x4aca <GPIO_writePin>
		GPIO_writePin(LCD_DATA_PORTID,LCD_PIN1ID,GET_BIT(a_char,5));
    60c0:	fe 01       	movw	r30, r28
    60c2:	eb 5a       	subi	r30, 0xAB	; 171
    60c4:	ff 4f       	sbci	r31, 0xFF	; 255
    60c6:	80 81       	ld	r24, Z
    60c8:	88 2f       	mov	r24, r24
    60ca:	90 e0       	ldi	r25, 0x00	; 0
    60cc:	80 72       	andi	r24, 0x20	; 32
    60ce:	90 70       	andi	r25, 0x00	; 0
    60d0:	95 95       	asr	r25
    60d2:	87 95       	ror	r24
    60d4:	95 95       	asr	r25
    60d6:	87 95       	ror	r24
    60d8:	95 95       	asr	r25
    60da:	87 95       	ror	r24
    60dc:	95 95       	asr	r25
    60de:	87 95       	ror	r24
    60e0:	95 95       	asr	r25
    60e2:	87 95       	ror	r24
    60e4:	98 2f       	mov	r25, r24
    60e6:	83 e0       	ldi	r24, 0x03	; 3
    60e8:	65 e0       	ldi	r22, 0x05	; 5
    60ea:	49 2f       	mov	r20, r25
    60ec:	0e 94 65 25 	call	0x4aca	; 0x4aca <GPIO_writePin>
		GPIO_writePin(LCD_DATA_PORTID,LCD_PIN2ID,GET_BIT(a_char,6));
    60f0:	fe 01       	movw	r30, r28
    60f2:	eb 5a       	subi	r30, 0xAB	; 171
    60f4:	ff 4f       	sbci	r31, 0xFF	; 255
    60f6:	80 81       	ld	r24, Z
    60f8:	88 2f       	mov	r24, r24
    60fa:	90 e0       	ldi	r25, 0x00	; 0
    60fc:	80 74       	andi	r24, 0x40	; 64
    60fe:	90 70       	andi	r25, 0x00	; 0
    6100:	08 2e       	mov	r0, r24
    6102:	89 2f       	mov	r24, r25
    6104:	00 0c       	add	r0, r0
    6106:	88 1f       	adc	r24, r24
    6108:	99 0b       	sbc	r25, r25
    610a:	00 0c       	add	r0, r0
    610c:	88 1f       	adc	r24, r24
    610e:	99 1f       	adc	r25, r25
    6110:	98 2f       	mov	r25, r24
    6112:	83 e0       	ldi	r24, 0x03	; 3
    6114:	66 e0       	ldi	r22, 0x06	; 6
    6116:	49 2f       	mov	r20, r25
    6118:	0e 94 65 25 	call	0x4aca	; 0x4aca <GPIO_writePin>
		GPIO_writePin(LCD_DATA_PORTID,LCD_PIN3ID,GET_BIT(a_char,7));
    611c:	fe 01       	movw	r30, r28
    611e:	eb 5a       	subi	r30, 0xAB	; 171
    6120:	ff 4f       	sbci	r31, 0xFF	; 255
    6122:	80 81       	ld	r24, Z
    6124:	98 2f       	mov	r25, r24
    6126:	99 1f       	adc	r25, r25
    6128:	99 27       	eor	r25, r25
    612a:	99 1f       	adc	r25, r25
    612c:	83 e0       	ldi	r24, 0x03	; 3
    612e:	67 e0       	ldi	r22, 0x07	; 7
    6130:	49 2f       	mov	r20, r25
    6132:	0e 94 65 25 	call	0x4aca	; 0x4aca <GPIO_writePin>
    6136:	80 e0       	ldi	r24, 0x00	; 0
    6138:	90 e0       	ldi	r25, 0x00	; 0
    613a:	a0 e8       	ldi	r26, 0x80	; 128
    613c:	bf e3       	ldi	r27, 0x3F	; 63
    613e:	8d ab       	std	Y+53, r24	; 0x35
    6140:	9e ab       	std	Y+54, r25	; 0x36
    6142:	af ab       	std	Y+55, r26	; 0x37
    6144:	b8 af       	std	Y+56, r27	; 0x38
 */
void
_delay_ms(double __ms)
{
	uint16_t __ticks;
	double __tmp = ((F_CPU) / 4e3) * __ms;
    6146:	6d a9       	ldd	r22, Y+53	; 0x35
    6148:	7e a9       	ldd	r23, Y+54	; 0x36
    614a:	8f a9       	ldd	r24, Y+55	; 0x37
    614c:	98 ad       	ldd	r25, Y+56	; 0x38
    614e:	20 e0       	ldi	r18, 0x00	; 0
    6150:	30 e0       	ldi	r19, 0x00	; 0
    6152:	4a e7       	ldi	r20, 0x7A	; 122
    6154:	53 e4       	ldi	r21, 0x43	; 67
    6156:	0e 94 1f 02 	call	0x43e	; 0x43e <__mulsf3>
    615a:	dc 01       	movw	r26, r24
    615c:	cb 01       	movw	r24, r22
    615e:	89 ab       	std	Y+49, r24	; 0x31
    6160:	9a ab       	std	Y+50, r25	; 0x32
    6162:	ab ab       	std	Y+51, r26	; 0x33
    6164:	bc ab       	std	Y+52, r27	; 0x34
	if (__tmp < 1.0)
    6166:	69 a9       	ldd	r22, Y+49	; 0x31
    6168:	7a a9       	ldd	r23, Y+50	; 0x32
    616a:	8b a9       	ldd	r24, Y+51	; 0x33
    616c:	9c a9       	ldd	r25, Y+52	; 0x34
    616e:	20 e0       	ldi	r18, 0x00	; 0
    6170:	30 e0       	ldi	r19, 0x00	; 0
    6172:	40 e8       	ldi	r20, 0x80	; 128
    6174:	5f e3       	ldi	r21, 0x3F	; 63
    6176:	0e 94 25 04 	call	0x84a	; 0x84a <__ltsf2>
    617a:	88 23       	and	r24, r24
    617c:	2c f4       	brge	.+10     	; 0x6188 <LCD_displayCharachter+0x39a>
		__ticks = 1;
    617e:	81 e0       	ldi	r24, 0x01	; 1
    6180:	90 e0       	ldi	r25, 0x00	; 0
    6182:	98 ab       	std	Y+48, r25	; 0x30
    6184:	8f a7       	std	Y+47, r24	; 0x2f
    6186:	3f c0       	rjmp	.+126    	; 0x6206 <LCD_displayCharachter+0x418>
	else if (__tmp > 65535)
    6188:	69 a9       	ldd	r22, Y+49	; 0x31
    618a:	7a a9       	ldd	r23, Y+50	; 0x32
    618c:	8b a9       	ldd	r24, Y+51	; 0x33
    618e:	9c a9       	ldd	r25, Y+52	; 0x34
    6190:	20 e0       	ldi	r18, 0x00	; 0
    6192:	3f ef       	ldi	r19, 0xFF	; 255
    6194:	4f e7       	ldi	r20, 0x7F	; 127
    6196:	57 e4       	ldi	r21, 0x47	; 71
    6198:	0e 94 c5 03 	call	0x78a	; 0x78a <__gtsf2>
    619c:	18 16       	cp	r1, r24
    619e:	4c f5       	brge	.+82     	; 0x61f2 <LCD_displayCharachter+0x404>
	{
		//	__ticks = requested delay in 1/10 ms
		__ticks = (uint16_t) (__ms * 10.0);
    61a0:	6d a9       	ldd	r22, Y+53	; 0x35
    61a2:	7e a9       	ldd	r23, Y+54	; 0x36
    61a4:	8f a9       	ldd	r24, Y+55	; 0x37
    61a6:	98 ad       	ldd	r25, Y+56	; 0x38
    61a8:	20 e0       	ldi	r18, 0x00	; 0
    61aa:	30 e0       	ldi	r19, 0x00	; 0
    61ac:	40 e2       	ldi	r20, 0x20	; 32
    61ae:	51 e4       	ldi	r21, 0x41	; 65
    61b0:	0e 94 1f 02 	call	0x43e	; 0x43e <__mulsf3>
    61b4:	dc 01       	movw	r26, r24
    61b6:	cb 01       	movw	r24, r22
    61b8:	bc 01       	movw	r22, r24
    61ba:	cd 01       	movw	r24, r26
    61bc:	0e 94 49 00 	call	0x92	; 0x92 <__fixunssfsi>
    61c0:	dc 01       	movw	r26, r24
    61c2:	cb 01       	movw	r24, r22
    61c4:	98 ab       	std	Y+48, r25	; 0x30
    61c6:	8f a7       	std	Y+47, r24	; 0x2f
    61c8:	0f c0       	rjmp	.+30     	; 0x61e8 <LCD_displayCharachter+0x3fa>
    61ca:	89 e1       	ldi	r24, 0x19	; 25
    61cc:	90 e0       	ldi	r25, 0x00	; 0
    61ce:	9e a7       	std	Y+46, r25	; 0x2e
    61d0:	8d a7       	std	Y+45, r24	; 0x2d
    61d2:	8d a5       	ldd	r24, Y+45	; 0x2d
    61d4:	9e a5       	ldd	r25, Y+46	; 0x2e
    61d6:	01 97       	sbiw	r24, 0x01	; 1
    61d8:	f1 f7       	brne	.-4      	; 0x61d6 <LCD_displayCharachter+0x3e8>
    61da:	9e a7       	std	Y+46, r25	; 0x2e
    61dc:	8d a7       	std	Y+45, r24	; 0x2d
		while(__ticks)
		{
			// wait 1/10 ms
			_delay_loop_2(((F_CPU) / 4e3) / 10);
			__ticks --;
    61de:	8f a5       	ldd	r24, Y+47	; 0x2f
    61e0:	98 a9       	ldd	r25, Y+48	; 0x30
    61e2:	01 97       	sbiw	r24, 0x01	; 1
    61e4:	98 ab       	std	Y+48, r25	; 0x30
    61e6:	8f a7       	std	Y+47, r24	; 0x2f
		__ticks = 1;
	else if (__tmp > 65535)
	{
		//	__ticks = requested delay in 1/10 ms
		__ticks = (uint16_t) (__ms * 10.0);
		while(__ticks)
    61e8:	8f a5       	ldd	r24, Y+47	; 0x2f
    61ea:	98 a9       	ldd	r25, Y+48	; 0x30
    61ec:	00 97       	sbiw	r24, 0x00	; 0
    61ee:	69 f7       	brne	.-38     	; 0x61ca <LCD_displayCharachter+0x3dc>
    61f0:	14 c0       	rjmp	.+40     	; 0x621a <LCD_displayCharachter+0x42c>
			__ticks --;
		}
		return;
	}
	else
		__ticks = (uint16_t)__tmp;
    61f2:	69 a9       	ldd	r22, Y+49	; 0x31
    61f4:	7a a9       	ldd	r23, Y+50	; 0x32
    61f6:	8b a9       	ldd	r24, Y+51	; 0x33
    61f8:	9c a9       	ldd	r25, Y+52	; 0x34
    61fa:	0e 94 49 00 	call	0x92	; 0x92 <__fixunssfsi>
    61fe:	dc 01       	movw	r26, r24
    6200:	cb 01       	movw	r24, r22
    6202:	98 ab       	std	Y+48, r25	; 0x30
    6204:	8f a7       	std	Y+47, r24	; 0x2f
    6206:	8f a5       	ldd	r24, Y+47	; 0x2f
    6208:	98 a9       	ldd	r25, Y+48	; 0x30
    620a:	9c a7       	std	Y+44, r25	; 0x2c
    620c:	8b a7       	std	Y+43, r24	; 0x2b
    620e:	8b a5       	ldd	r24, Y+43	; 0x2b
    6210:	9c a5       	ldd	r25, Y+44	; 0x2c
    6212:	01 97       	sbiw	r24, 0x01	; 1
    6214:	f1 f7       	brne	.-4      	; 0x6212 <LCD_displayCharachter+0x424>
    6216:	9c a7       	std	Y+44, r25	; 0x2c
    6218:	8b a7       	std	Y+43, r24	; 0x2b
		_delay_ms(1);
		GPIO_writePin(LCD_EN_PORTID,LCD_EN_PINID,LOGIC_LOW);
    621a:	83 e0       	ldi	r24, 0x03	; 3
    621c:	61 e0       	ldi	r22, 0x01	; 1
    621e:	40 e0       	ldi	r20, 0x00	; 0
    6220:	0e 94 65 25 	call	0x4aca	; 0x4aca <GPIO_writePin>
    6224:	80 e0       	ldi	r24, 0x00	; 0
    6226:	90 e0       	ldi	r25, 0x00	; 0
    6228:	a0 e8       	ldi	r26, 0x80	; 128
    622a:	bf e3       	ldi	r27, 0x3F	; 63
    622c:	8f a3       	std	Y+39, r24	; 0x27
    622e:	98 a7       	std	Y+40, r25	; 0x28
    6230:	a9 a7       	std	Y+41, r26	; 0x29
    6232:	ba a7       	std	Y+42, r27	; 0x2a
 */
void
_delay_ms(double __ms)
{
	uint16_t __ticks;
	double __tmp = ((F_CPU) / 4e3) * __ms;
    6234:	6f a1       	ldd	r22, Y+39	; 0x27
    6236:	78 a5       	ldd	r23, Y+40	; 0x28
    6238:	89 a5       	ldd	r24, Y+41	; 0x29
    623a:	9a a5       	ldd	r25, Y+42	; 0x2a
    623c:	20 e0       	ldi	r18, 0x00	; 0
    623e:	30 e0       	ldi	r19, 0x00	; 0
    6240:	4a e7       	ldi	r20, 0x7A	; 122
    6242:	53 e4       	ldi	r21, 0x43	; 67
    6244:	0e 94 1f 02 	call	0x43e	; 0x43e <__mulsf3>
    6248:	dc 01       	movw	r26, r24
    624a:	cb 01       	movw	r24, r22
    624c:	8b a3       	std	Y+35, r24	; 0x23
    624e:	9c a3       	std	Y+36, r25	; 0x24
    6250:	ad a3       	std	Y+37, r26	; 0x25
    6252:	be a3       	std	Y+38, r27	; 0x26
	if (__tmp < 1.0)
    6254:	6b a1       	ldd	r22, Y+35	; 0x23
    6256:	7c a1       	ldd	r23, Y+36	; 0x24
    6258:	8d a1       	ldd	r24, Y+37	; 0x25
    625a:	9e a1       	ldd	r25, Y+38	; 0x26
    625c:	20 e0       	ldi	r18, 0x00	; 0
    625e:	30 e0       	ldi	r19, 0x00	; 0
    6260:	40 e8       	ldi	r20, 0x80	; 128
    6262:	5f e3       	ldi	r21, 0x3F	; 63
    6264:	0e 94 25 04 	call	0x84a	; 0x84a <__ltsf2>
    6268:	88 23       	and	r24, r24
    626a:	2c f4       	brge	.+10     	; 0x6276 <LCD_displayCharachter+0x488>
		__ticks = 1;
    626c:	81 e0       	ldi	r24, 0x01	; 1
    626e:	90 e0       	ldi	r25, 0x00	; 0
    6270:	9a a3       	std	Y+34, r25	; 0x22
    6272:	89 a3       	std	Y+33, r24	; 0x21
    6274:	3f c0       	rjmp	.+126    	; 0x62f4 <LCD_displayCharachter+0x506>
	else if (__tmp > 65535)
    6276:	6b a1       	ldd	r22, Y+35	; 0x23
    6278:	7c a1       	ldd	r23, Y+36	; 0x24
    627a:	8d a1       	ldd	r24, Y+37	; 0x25
    627c:	9e a1       	ldd	r25, Y+38	; 0x26
    627e:	20 e0       	ldi	r18, 0x00	; 0
    6280:	3f ef       	ldi	r19, 0xFF	; 255
    6282:	4f e7       	ldi	r20, 0x7F	; 127
    6284:	57 e4       	ldi	r21, 0x47	; 71
    6286:	0e 94 c5 03 	call	0x78a	; 0x78a <__gtsf2>
    628a:	18 16       	cp	r1, r24
    628c:	4c f5       	brge	.+82     	; 0x62e0 <LCD_displayCharachter+0x4f2>
	{
		//	__ticks = requested delay in 1/10 ms
		__ticks = (uint16_t) (__ms * 10.0);
    628e:	6f a1       	ldd	r22, Y+39	; 0x27
    6290:	78 a5       	ldd	r23, Y+40	; 0x28
    6292:	89 a5       	ldd	r24, Y+41	; 0x29
    6294:	9a a5       	ldd	r25, Y+42	; 0x2a
    6296:	20 e0       	ldi	r18, 0x00	; 0
    6298:	30 e0       	ldi	r19, 0x00	; 0
    629a:	40 e2       	ldi	r20, 0x20	; 32
    629c:	51 e4       	ldi	r21, 0x41	; 65
    629e:	0e 94 1f 02 	call	0x43e	; 0x43e <__mulsf3>
    62a2:	dc 01       	movw	r26, r24
    62a4:	cb 01       	movw	r24, r22
    62a6:	bc 01       	movw	r22, r24
    62a8:	cd 01       	movw	r24, r26
    62aa:	0e 94 49 00 	call	0x92	; 0x92 <__fixunssfsi>
    62ae:	dc 01       	movw	r26, r24
    62b0:	cb 01       	movw	r24, r22
    62b2:	9a a3       	std	Y+34, r25	; 0x22
    62b4:	89 a3       	std	Y+33, r24	; 0x21
    62b6:	0f c0       	rjmp	.+30     	; 0x62d6 <LCD_displayCharachter+0x4e8>
    62b8:	89 e1       	ldi	r24, 0x19	; 25
    62ba:	90 e0       	ldi	r25, 0x00	; 0
    62bc:	98 a3       	std	Y+32, r25	; 0x20
    62be:	8f 8f       	std	Y+31, r24	; 0x1f
    62c0:	8f 8d       	ldd	r24, Y+31	; 0x1f
    62c2:	98 a1       	ldd	r25, Y+32	; 0x20
    62c4:	01 97       	sbiw	r24, 0x01	; 1
    62c6:	f1 f7       	brne	.-4      	; 0x62c4 <LCD_displayCharachter+0x4d6>
    62c8:	98 a3       	std	Y+32, r25	; 0x20
    62ca:	8f 8f       	std	Y+31, r24	; 0x1f
		while(__ticks)
		{
			// wait 1/10 ms
			_delay_loop_2(((F_CPU) / 4e3) / 10);
			__ticks --;
    62cc:	89 a1       	ldd	r24, Y+33	; 0x21
    62ce:	9a a1       	ldd	r25, Y+34	; 0x22
    62d0:	01 97       	sbiw	r24, 0x01	; 1
    62d2:	9a a3       	std	Y+34, r25	; 0x22
    62d4:	89 a3       	std	Y+33, r24	; 0x21
		__ticks = 1;
	else if (__tmp > 65535)
	{
		//	__ticks = requested delay in 1/10 ms
		__ticks = (uint16_t) (__ms * 10.0);
		while(__ticks)
    62d6:	89 a1       	ldd	r24, Y+33	; 0x21
    62d8:	9a a1       	ldd	r25, Y+34	; 0x22
    62da:	00 97       	sbiw	r24, 0x00	; 0
    62dc:	69 f7       	brne	.-38     	; 0x62b8 <LCD_displayCharachter+0x4ca>
    62de:	14 c0       	rjmp	.+40     	; 0x6308 <LCD_displayCharachter+0x51a>
			__ticks --;
		}
		return;
	}
	else
		__ticks = (uint16_t)__tmp;
    62e0:	6b a1       	ldd	r22, Y+35	; 0x23
    62e2:	7c a1       	ldd	r23, Y+36	; 0x24
    62e4:	8d a1       	ldd	r24, Y+37	; 0x25
    62e6:	9e a1       	ldd	r25, Y+38	; 0x26
    62e8:	0e 94 49 00 	call	0x92	; 0x92 <__fixunssfsi>
    62ec:	dc 01       	movw	r26, r24
    62ee:	cb 01       	movw	r24, r22
    62f0:	9a a3       	std	Y+34, r25	; 0x22
    62f2:	89 a3       	std	Y+33, r24	; 0x21
    62f4:	89 a1       	ldd	r24, Y+33	; 0x21
    62f6:	9a a1       	ldd	r25, Y+34	; 0x22
    62f8:	9e 8f       	std	Y+30, r25	; 0x1e
    62fa:	8d 8f       	std	Y+29, r24	; 0x1d
    62fc:	8d 8d       	ldd	r24, Y+29	; 0x1d
    62fe:	9e 8d       	ldd	r25, Y+30	; 0x1e
    6300:	01 97       	sbiw	r24, 0x01	; 1
    6302:	f1 f7       	brne	.-4      	; 0x6300 <LCD_displayCharachter+0x512>
    6304:	9e 8f       	std	Y+30, r25	; 0x1e
    6306:	8d 8f       	std	Y+29, r24	; 0x1d
		_delay_ms(1);
		GPIO_writePin(LCD_EN_PORTID,LCD_EN_PINID,LOGIC_HIGH);
    6308:	83 e0       	ldi	r24, 0x03	; 3
    630a:	61 e0       	ldi	r22, 0x01	; 1
    630c:	41 e0       	ldi	r20, 0x01	; 1
    630e:	0e 94 65 25 	call	0x4aca	; 0x4aca <GPIO_writePin>

		GPIO_writePin(LCD_DATA_PORTID,LCD_PIN0ID,GET_BIT(a_char,0));
    6312:	fe 01       	movw	r30, r28
    6314:	eb 5a       	subi	r30, 0xAB	; 171
    6316:	ff 4f       	sbci	r31, 0xFF	; 255
    6318:	80 81       	ld	r24, Z
    631a:	98 2f       	mov	r25, r24
    631c:	91 70       	andi	r25, 0x01	; 1
    631e:	83 e0       	ldi	r24, 0x03	; 3
    6320:	64 e0       	ldi	r22, 0x04	; 4
    6322:	49 2f       	mov	r20, r25
    6324:	0e 94 65 25 	call	0x4aca	; 0x4aca <GPIO_writePin>
		GPIO_writePin(LCD_DATA_PORTID,LCD_PIN1ID,GET_BIT(a_char,1));
    6328:	fe 01       	movw	r30, r28
    632a:	eb 5a       	subi	r30, 0xAB	; 171
    632c:	ff 4f       	sbci	r31, 0xFF	; 255
    632e:	80 81       	ld	r24, Z
    6330:	88 2f       	mov	r24, r24
    6332:	90 e0       	ldi	r25, 0x00	; 0
    6334:	82 70       	andi	r24, 0x02	; 2
    6336:	90 70       	andi	r25, 0x00	; 0
    6338:	95 95       	asr	r25
    633a:	87 95       	ror	r24
    633c:	98 2f       	mov	r25, r24
    633e:	83 e0       	ldi	r24, 0x03	; 3
    6340:	65 e0       	ldi	r22, 0x05	; 5
    6342:	49 2f       	mov	r20, r25
    6344:	0e 94 65 25 	call	0x4aca	; 0x4aca <GPIO_writePin>
		GPIO_writePin(LCD_DATA_PORTID,LCD_PIN2ID,GET_BIT(a_char,2));
    6348:	fe 01       	movw	r30, r28
    634a:	eb 5a       	subi	r30, 0xAB	; 171
    634c:	ff 4f       	sbci	r31, 0xFF	; 255
    634e:	80 81       	ld	r24, Z
    6350:	88 2f       	mov	r24, r24
    6352:	90 e0       	ldi	r25, 0x00	; 0
    6354:	84 70       	andi	r24, 0x04	; 4
    6356:	90 70       	andi	r25, 0x00	; 0
    6358:	95 95       	asr	r25
    635a:	87 95       	ror	r24
    635c:	95 95       	asr	r25
    635e:	87 95       	ror	r24
    6360:	98 2f       	mov	r25, r24
    6362:	83 e0       	ldi	r24, 0x03	; 3
    6364:	66 e0       	ldi	r22, 0x06	; 6
    6366:	49 2f       	mov	r20, r25
    6368:	0e 94 65 25 	call	0x4aca	; 0x4aca <GPIO_writePin>
		GPIO_writePin(LCD_DATA_PORTID,LCD_PIN3ID,GET_BIT(a_char,3));
    636c:	fe 01       	movw	r30, r28
    636e:	eb 5a       	subi	r30, 0xAB	; 171
    6370:	ff 4f       	sbci	r31, 0xFF	; 255
    6372:	80 81       	ld	r24, Z
    6374:	88 2f       	mov	r24, r24
    6376:	90 e0       	ldi	r25, 0x00	; 0
    6378:	88 70       	andi	r24, 0x08	; 8
    637a:	90 70       	andi	r25, 0x00	; 0
    637c:	95 95       	asr	r25
    637e:	87 95       	ror	r24
    6380:	95 95       	asr	r25
    6382:	87 95       	ror	r24
    6384:	95 95       	asr	r25
    6386:	87 95       	ror	r24
    6388:	98 2f       	mov	r25, r24
    638a:	83 e0       	ldi	r24, 0x03	; 3
    638c:	67 e0       	ldi	r22, 0x07	; 7
    638e:	49 2f       	mov	r20, r25
    6390:	0e 94 65 25 	call	0x4aca	; 0x4aca <GPIO_writePin>
    6394:	80 e0       	ldi	r24, 0x00	; 0
    6396:	90 e0       	ldi	r25, 0x00	; 0
    6398:	a0 e8       	ldi	r26, 0x80	; 128
    639a:	bf e3       	ldi	r27, 0x3F	; 63
    639c:	89 8f       	std	Y+25, r24	; 0x19
    639e:	9a 8f       	std	Y+26, r25	; 0x1a
    63a0:	ab 8f       	std	Y+27, r26	; 0x1b
    63a2:	bc 8f       	std	Y+28, r27	; 0x1c
 */
void
_delay_ms(double __ms)
{
	uint16_t __ticks;
	double __tmp = ((F_CPU) / 4e3) * __ms;
    63a4:	69 8d       	ldd	r22, Y+25	; 0x19
    63a6:	7a 8d       	ldd	r23, Y+26	; 0x1a
    63a8:	8b 8d       	ldd	r24, Y+27	; 0x1b
    63aa:	9c 8d       	ldd	r25, Y+28	; 0x1c
    63ac:	20 e0       	ldi	r18, 0x00	; 0
    63ae:	30 e0       	ldi	r19, 0x00	; 0
    63b0:	4a e7       	ldi	r20, 0x7A	; 122
    63b2:	53 e4       	ldi	r21, 0x43	; 67
    63b4:	0e 94 1f 02 	call	0x43e	; 0x43e <__mulsf3>
    63b8:	dc 01       	movw	r26, r24
    63ba:	cb 01       	movw	r24, r22
    63bc:	8d 8b       	std	Y+21, r24	; 0x15
    63be:	9e 8b       	std	Y+22, r25	; 0x16
    63c0:	af 8b       	std	Y+23, r26	; 0x17
    63c2:	b8 8f       	std	Y+24, r27	; 0x18
	if (__tmp < 1.0)
    63c4:	6d 89       	ldd	r22, Y+21	; 0x15
    63c6:	7e 89       	ldd	r23, Y+22	; 0x16
    63c8:	8f 89       	ldd	r24, Y+23	; 0x17
    63ca:	98 8d       	ldd	r25, Y+24	; 0x18
    63cc:	20 e0       	ldi	r18, 0x00	; 0
    63ce:	30 e0       	ldi	r19, 0x00	; 0
    63d0:	40 e8       	ldi	r20, 0x80	; 128
    63d2:	5f e3       	ldi	r21, 0x3F	; 63
    63d4:	0e 94 25 04 	call	0x84a	; 0x84a <__ltsf2>
    63d8:	88 23       	and	r24, r24
    63da:	2c f4       	brge	.+10     	; 0x63e6 <LCD_displayCharachter+0x5f8>
		__ticks = 1;
    63dc:	81 e0       	ldi	r24, 0x01	; 1
    63de:	90 e0       	ldi	r25, 0x00	; 0
    63e0:	9c 8b       	std	Y+20, r25	; 0x14
    63e2:	8b 8b       	std	Y+19, r24	; 0x13
    63e4:	3f c0       	rjmp	.+126    	; 0x6464 <LCD_displayCharachter+0x676>
	else if (__tmp > 65535)
    63e6:	6d 89       	ldd	r22, Y+21	; 0x15
    63e8:	7e 89       	ldd	r23, Y+22	; 0x16
    63ea:	8f 89       	ldd	r24, Y+23	; 0x17
    63ec:	98 8d       	ldd	r25, Y+24	; 0x18
    63ee:	20 e0       	ldi	r18, 0x00	; 0
    63f0:	3f ef       	ldi	r19, 0xFF	; 255
    63f2:	4f e7       	ldi	r20, 0x7F	; 127
    63f4:	57 e4       	ldi	r21, 0x47	; 71
    63f6:	0e 94 c5 03 	call	0x78a	; 0x78a <__gtsf2>
    63fa:	18 16       	cp	r1, r24
    63fc:	4c f5       	brge	.+82     	; 0x6450 <LCD_displayCharachter+0x662>
	{
		//	__ticks = requested delay in 1/10 ms
		__ticks = (uint16_t) (__ms * 10.0);
    63fe:	69 8d       	ldd	r22, Y+25	; 0x19
    6400:	7a 8d       	ldd	r23, Y+26	; 0x1a
    6402:	8b 8d       	ldd	r24, Y+27	; 0x1b
    6404:	9c 8d       	ldd	r25, Y+28	; 0x1c
    6406:	20 e0       	ldi	r18, 0x00	; 0
    6408:	30 e0       	ldi	r19, 0x00	; 0
    640a:	40 e2       	ldi	r20, 0x20	; 32
    640c:	51 e4       	ldi	r21, 0x41	; 65
    640e:	0e 94 1f 02 	call	0x43e	; 0x43e <__mulsf3>
    6412:	dc 01       	movw	r26, r24
    6414:	cb 01       	movw	r24, r22
    6416:	bc 01       	movw	r22, r24
    6418:	cd 01       	movw	r24, r26
    641a:	0e 94 49 00 	call	0x92	; 0x92 <__fixunssfsi>
    641e:	dc 01       	movw	r26, r24
    6420:	cb 01       	movw	r24, r22
    6422:	9c 8b       	std	Y+20, r25	; 0x14
    6424:	8b 8b       	std	Y+19, r24	; 0x13
    6426:	0f c0       	rjmp	.+30     	; 0x6446 <LCD_displayCharachter+0x658>
    6428:	89 e1       	ldi	r24, 0x19	; 25
    642a:	90 e0       	ldi	r25, 0x00	; 0
    642c:	9a 8b       	std	Y+18, r25	; 0x12
    642e:	89 8b       	std	Y+17, r24	; 0x11
    6430:	89 89       	ldd	r24, Y+17	; 0x11
    6432:	9a 89       	ldd	r25, Y+18	; 0x12
    6434:	01 97       	sbiw	r24, 0x01	; 1
    6436:	f1 f7       	brne	.-4      	; 0x6434 <LCD_displayCharachter+0x646>
    6438:	9a 8b       	std	Y+18, r25	; 0x12
    643a:	89 8b       	std	Y+17, r24	; 0x11
		while(__ticks)
		{
			// wait 1/10 ms
			_delay_loop_2(((F_CPU) / 4e3) / 10);
			__ticks --;
    643c:	8b 89       	ldd	r24, Y+19	; 0x13
    643e:	9c 89       	ldd	r25, Y+20	; 0x14
    6440:	01 97       	sbiw	r24, 0x01	; 1
    6442:	9c 8b       	std	Y+20, r25	; 0x14
    6444:	8b 8b       	std	Y+19, r24	; 0x13
		__ticks = 1;
	else if (__tmp > 65535)
	{
		//	__ticks = requested delay in 1/10 ms
		__ticks = (uint16_t) (__ms * 10.0);
		while(__ticks)
    6446:	8b 89       	ldd	r24, Y+19	; 0x13
    6448:	9c 89       	ldd	r25, Y+20	; 0x14
    644a:	00 97       	sbiw	r24, 0x00	; 0
    644c:	69 f7       	brne	.-38     	; 0x6428 <LCD_displayCharachter+0x63a>
    644e:	14 c0       	rjmp	.+40     	; 0x6478 <LCD_displayCharachter+0x68a>
			__ticks --;
		}
		return;
	}
	else
		__ticks = (uint16_t)__tmp;
    6450:	6d 89       	ldd	r22, Y+21	; 0x15
    6452:	7e 89       	ldd	r23, Y+22	; 0x16
    6454:	8f 89       	ldd	r24, Y+23	; 0x17
    6456:	98 8d       	ldd	r25, Y+24	; 0x18
    6458:	0e 94 49 00 	call	0x92	; 0x92 <__fixunssfsi>
    645c:	dc 01       	movw	r26, r24
    645e:	cb 01       	movw	r24, r22
    6460:	9c 8b       	std	Y+20, r25	; 0x14
    6462:	8b 8b       	std	Y+19, r24	; 0x13
    6464:	8b 89       	ldd	r24, Y+19	; 0x13
    6466:	9c 89       	ldd	r25, Y+20	; 0x14
    6468:	98 8b       	std	Y+16, r25	; 0x10
    646a:	8f 87       	std	Y+15, r24	; 0x0f
    646c:	8f 85       	ldd	r24, Y+15	; 0x0f
    646e:	98 89       	ldd	r25, Y+16	; 0x10
    6470:	01 97       	sbiw	r24, 0x01	; 1
    6472:	f1 f7       	brne	.-4      	; 0x6470 <LCD_displayCharachter+0x682>
    6474:	98 8b       	std	Y+16, r25	; 0x10
    6476:	8f 87       	std	Y+15, r24	; 0x0f
#endif
			_delay_ms(1);
			GPIO_writePin(LCD_EN_PORTID,LCD_EN_PINID,LOGIC_LOW);
    6478:	83 e0       	ldi	r24, 0x03	; 3
    647a:	61 e0       	ldi	r22, 0x01	; 1
    647c:	40 e0       	ldi	r20, 0x00	; 0
    647e:	0e 94 65 25 	call	0x4aca	; 0x4aca <GPIO_writePin>
    6482:	80 e0       	ldi	r24, 0x00	; 0
    6484:	90 e0       	ldi	r25, 0x00	; 0
    6486:	a0 e8       	ldi	r26, 0x80	; 128
    6488:	bf e3       	ldi	r27, 0x3F	; 63
    648a:	8b 87       	std	Y+11, r24	; 0x0b
    648c:	9c 87       	std	Y+12, r25	; 0x0c
    648e:	ad 87       	std	Y+13, r26	; 0x0d
    6490:	be 87       	std	Y+14, r27	; 0x0e
 */
void
_delay_ms(double __ms)
{
	uint16_t __ticks;
	double __tmp = ((F_CPU) / 4e3) * __ms;
    6492:	6b 85       	ldd	r22, Y+11	; 0x0b
    6494:	7c 85       	ldd	r23, Y+12	; 0x0c
    6496:	8d 85       	ldd	r24, Y+13	; 0x0d
    6498:	9e 85       	ldd	r25, Y+14	; 0x0e
    649a:	20 e0       	ldi	r18, 0x00	; 0
    649c:	30 e0       	ldi	r19, 0x00	; 0
    649e:	4a e7       	ldi	r20, 0x7A	; 122
    64a0:	53 e4       	ldi	r21, 0x43	; 67
    64a2:	0e 94 1f 02 	call	0x43e	; 0x43e <__mulsf3>
    64a6:	dc 01       	movw	r26, r24
    64a8:	cb 01       	movw	r24, r22
    64aa:	8f 83       	std	Y+7, r24	; 0x07
    64ac:	98 87       	std	Y+8, r25	; 0x08
    64ae:	a9 87       	std	Y+9, r26	; 0x09
    64b0:	ba 87       	std	Y+10, r27	; 0x0a
	if (__tmp < 1.0)
    64b2:	6f 81       	ldd	r22, Y+7	; 0x07
    64b4:	78 85       	ldd	r23, Y+8	; 0x08
    64b6:	89 85       	ldd	r24, Y+9	; 0x09
    64b8:	9a 85       	ldd	r25, Y+10	; 0x0a
    64ba:	20 e0       	ldi	r18, 0x00	; 0
    64bc:	30 e0       	ldi	r19, 0x00	; 0
    64be:	40 e8       	ldi	r20, 0x80	; 128
    64c0:	5f e3       	ldi	r21, 0x3F	; 63
    64c2:	0e 94 25 04 	call	0x84a	; 0x84a <__ltsf2>
    64c6:	88 23       	and	r24, r24
    64c8:	2c f4       	brge	.+10     	; 0x64d4 <LCD_displayCharachter+0x6e6>
		__ticks = 1;
    64ca:	81 e0       	ldi	r24, 0x01	; 1
    64cc:	90 e0       	ldi	r25, 0x00	; 0
    64ce:	9e 83       	std	Y+6, r25	; 0x06
    64d0:	8d 83       	std	Y+5, r24	; 0x05
    64d2:	3f c0       	rjmp	.+126    	; 0x6552 <LCD_displayCharachter+0x764>
	else if (__tmp > 65535)
    64d4:	6f 81       	ldd	r22, Y+7	; 0x07
    64d6:	78 85       	ldd	r23, Y+8	; 0x08
    64d8:	89 85       	ldd	r24, Y+9	; 0x09
    64da:	9a 85       	ldd	r25, Y+10	; 0x0a
    64dc:	20 e0       	ldi	r18, 0x00	; 0
    64de:	3f ef       	ldi	r19, 0xFF	; 255
    64e0:	4f e7       	ldi	r20, 0x7F	; 127
    64e2:	57 e4       	ldi	r21, 0x47	; 71
    64e4:	0e 94 c5 03 	call	0x78a	; 0x78a <__gtsf2>
    64e8:	18 16       	cp	r1, r24
    64ea:	4c f5       	brge	.+82     	; 0x653e <LCD_displayCharachter+0x750>
	{
		//	__ticks = requested delay in 1/10 ms
		__ticks = (uint16_t) (__ms * 10.0);
    64ec:	6b 85       	ldd	r22, Y+11	; 0x0b
    64ee:	7c 85       	ldd	r23, Y+12	; 0x0c
    64f0:	8d 85       	ldd	r24, Y+13	; 0x0d
    64f2:	9e 85       	ldd	r25, Y+14	; 0x0e
    64f4:	20 e0       	ldi	r18, 0x00	; 0
    64f6:	30 e0       	ldi	r19, 0x00	; 0
    64f8:	40 e2       	ldi	r20, 0x20	; 32
    64fa:	51 e4       	ldi	r21, 0x41	; 65
    64fc:	0e 94 1f 02 	call	0x43e	; 0x43e <__mulsf3>
    6500:	dc 01       	movw	r26, r24
    6502:	cb 01       	movw	r24, r22
    6504:	bc 01       	movw	r22, r24
    6506:	cd 01       	movw	r24, r26
    6508:	0e 94 49 00 	call	0x92	; 0x92 <__fixunssfsi>
    650c:	dc 01       	movw	r26, r24
    650e:	cb 01       	movw	r24, r22
    6510:	9e 83       	std	Y+6, r25	; 0x06
    6512:	8d 83       	std	Y+5, r24	; 0x05
    6514:	0f c0       	rjmp	.+30     	; 0x6534 <LCD_displayCharachter+0x746>
    6516:	89 e1       	ldi	r24, 0x19	; 25
    6518:	90 e0       	ldi	r25, 0x00	; 0
    651a:	9c 83       	std	Y+4, r25	; 0x04
    651c:	8b 83       	std	Y+3, r24	; 0x03
    651e:	8b 81       	ldd	r24, Y+3	; 0x03
    6520:	9c 81       	ldd	r25, Y+4	; 0x04
    6522:	01 97       	sbiw	r24, 0x01	; 1
    6524:	f1 f7       	brne	.-4      	; 0x6522 <LCD_displayCharachter+0x734>
    6526:	9c 83       	std	Y+4, r25	; 0x04
    6528:	8b 83       	std	Y+3, r24	; 0x03
		while(__ticks)
		{
			// wait 1/10 ms
			_delay_loop_2(((F_CPU) / 4e3) / 10);
			__ticks --;
    652a:	8d 81       	ldd	r24, Y+5	; 0x05
    652c:	9e 81       	ldd	r25, Y+6	; 0x06
    652e:	01 97       	sbiw	r24, 0x01	; 1
    6530:	9e 83       	std	Y+6, r25	; 0x06
    6532:	8d 83       	std	Y+5, r24	; 0x05
		__ticks = 1;
	else if (__tmp > 65535)
	{
		//	__ticks = requested delay in 1/10 ms
		__ticks = (uint16_t) (__ms * 10.0);
		while(__ticks)
    6534:	8d 81       	ldd	r24, Y+5	; 0x05
    6536:	9e 81       	ldd	r25, Y+6	; 0x06
    6538:	00 97       	sbiw	r24, 0x00	; 0
    653a:	69 f7       	brne	.-38     	; 0x6516 <LCD_displayCharachter+0x728>
    653c:	14 c0       	rjmp	.+40     	; 0x6566 <LCD_displayCharachter+0x778>
			__ticks --;
		}
		return;
	}
	else
		__ticks = (uint16_t)__tmp;
    653e:	6f 81       	ldd	r22, Y+7	; 0x07
    6540:	78 85       	ldd	r23, Y+8	; 0x08
    6542:	89 85       	ldd	r24, Y+9	; 0x09
    6544:	9a 85       	ldd	r25, Y+10	; 0x0a
    6546:	0e 94 49 00 	call	0x92	; 0x92 <__fixunssfsi>
    654a:	dc 01       	movw	r26, r24
    654c:	cb 01       	movw	r24, r22
    654e:	9e 83       	std	Y+6, r25	; 0x06
    6550:	8d 83       	std	Y+5, r24	; 0x05
    6552:	8d 81       	ldd	r24, Y+5	; 0x05
    6554:	9e 81       	ldd	r25, Y+6	; 0x06
    6556:	9a 83       	std	Y+2, r25	; 0x02
    6558:	89 83       	std	Y+1, r24	; 0x01
    655a:	89 81       	ldd	r24, Y+1	; 0x01
    655c:	9a 81       	ldd	r25, Y+2	; 0x02
    655e:	01 97       	sbiw	r24, 0x01	; 1
    6560:	f1 f7       	brne	.-4      	; 0x655e <LCD_displayCharachter+0x770>
    6562:	9a 83       	std	Y+2, r25	; 0x02
    6564:	89 83       	std	Y+1, r24	; 0x01
			_delay_ms(1);
}
    6566:	cb 5a       	subi	r28, 0xAB	; 171
    6568:	df 4f       	sbci	r29, 0xFF	; 255
    656a:	0f b6       	in	r0, 0x3f	; 63
    656c:	f8 94       	cli
    656e:	de bf       	out	0x3e, r29	; 62
    6570:	0f be       	out	0x3f, r0	; 63
    6572:	cd bf       	out	0x3d, r28	; 61
    6574:	cf 91       	pop	r28
    6576:	df 91       	pop	r29
    6578:	1f 91       	pop	r17
    657a:	0f 91       	pop	r16
    657c:	08 95       	ret

0000657e <LCD_displayString>:

void LCD_displayString(uint8 * a_char)
{
    657e:	df 93       	push	r29
    6580:	cf 93       	push	r28
    6582:	00 d0       	rcall	.+0      	; 0x6584 <LCD_displayString+0x6>
    6584:	00 d0       	rcall	.+0      	; 0x6586 <LCD_displayString+0x8>
    6586:	cd b7       	in	r28, 0x3d	; 61
    6588:	de b7       	in	r29, 0x3e	; 62
    658a:	9c 83       	std	Y+4, r25	; 0x04
    658c:	8b 83       	std	Y+3, r24	; 0x03
	uint8*a_charPTR=a_char;
    658e:	8b 81       	ldd	r24, Y+3	; 0x03
    6590:	9c 81       	ldd	r25, Y+4	; 0x04
    6592:	9a 83       	std	Y+2, r25	; 0x02
    6594:	89 83       	std	Y+1, r24	; 0x01
    6596:	0a c0       	rjmp	.+20     	; 0x65ac <LCD_displayString+0x2e>

		while( *(a_charPTR)!= '\0')
		{

			LCD_displayCharachter(*a_charPTR);
    6598:	e9 81       	ldd	r30, Y+1	; 0x01
    659a:	fa 81       	ldd	r31, Y+2	; 0x02
    659c:	80 81       	ld	r24, Z
    659e:	0e 94 f7 2e 	call	0x5dee	; 0x5dee <LCD_displayCharachter>
			a_charPTR++;
    65a2:	89 81       	ldd	r24, Y+1	; 0x01
    65a4:	9a 81       	ldd	r25, Y+2	; 0x02
    65a6:	01 96       	adiw	r24, 0x01	; 1
    65a8:	9a 83       	std	Y+2, r25	; 0x02
    65aa:	89 83       	std	Y+1, r24	; 0x01

void LCD_displayString(uint8 * a_char)
{
	uint8*a_charPTR=a_char;

		while( *(a_charPTR)!= '\0')
    65ac:	e9 81       	ldd	r30, Y+1	; 0x01
    65ae:	fa 81       	ldd	r31, Y+2	; 0x02
    65b0:	80 81       	ld	r24, Z
    65b2:	88 23       	and	r24, r24
    65b4:	89 f7       	brne	.-30     	; 0x6598 <LCD_displayString+0x1a>
		{

			LCD_displayCharachter(*a_charPTR);
			a_charPTR++;
		}
}
    65b6:	0f 90       	pop	r0
    65b8:	0f 90       	pop	r0
    65ba:	0f 90       	pop	r0
    65bc:	0f 90       	pop	r0
    65be:	cf 91       	pop	r28
    65c0:	df 91       	pop	r29
    65c2:	08 95       	ret

000065c4 <LCD_moveCursor>:

void LCD_moveCursor(uint8 a_row,uint8 a_col)
{
    65c4:	df 93       	push	r29
    65c6:	cf 93       	push	r28
    65c8:	cd b7       	in	r28, 0x3d	; 61
    65ca:	de b7       	in	r29, 0x3e	; 62
    65cc:	2f 97       	sbiw	r28, 0x0f	; 15
    65ce:	0f b6       	in	r0, 0x3f	; 63
    65d0:	f8 94       	cli
    65d2:	de bf       	out	0x3e, r29	; 62
    65d4:	0f be       	out	0x3f, r0	; 63
    65d6:	cd bf       	out	0x3d, r28	; 61
    65d8:	8a 83       	std	Y+2, r24	; 0x02
    65da:	6b 83       	std	Y+3, r22	; 0x03
	uint8 a_command=0;
    65dc:	19 82       	std	Y+1, r1	; 0x01
if((a_row>MAXROWPOS)|(a_row<MINROWPOS) | (a_col>MAXCOLPOS)|(a_col<MINCOLPOS) )
    65de:	1f 86       	std	Y+15, r1	; 0x0f
    65e0:	8a 81       	ldd	r24, Y+2	; 0x02
    65e2:	83 30       	cpi	r24, 0x03	; 3
    65e4:	10 f0       	brcs	.+4      	; 0x65ea <LCD_moveCursor+0x26>
    65e6:	21 e0       	ldi	r18, 0x01	; 1
    65e8:	2f 87       	std	Y+15, r18	; 0x0f
    65ea:	1e 86       	std	Y+14, r1	; 0x0e
    65ec:	8a 81       	ldd	r24, Y+2	; 0x02
    65ee:	88 23       	and	r24, r24
    65f0:	11 f4       	brne	.+4      	; 0x65f6 <LCD_moveCursor+0x32>
    65f2:	31 e0       	ldi	r19, 0x01	; 1
    65f4:	3e 87       	std	Y+14, r19	; 0x0e
    65f6:	8f 85       	ldd	r24, Y+15	; 0x0f
    65f8:	9e 85       	ldd	r25, Y+14	; 0x0e
    65fa:	89 2b       	or	r24, r25
    65fc:	28 2f       	mov	r18, r24
    65fe:	30 e0       	ldi	r19, 0x00	; 0
    6600:	3d 87       	std	Y+13, r19	; 0x0d
    6602:	2c 87       	std	Y+12, r18	; 0x0c
    6604:	1b 86       	std	Y+11, r1	; 0x0b
    6606:	1a 86       	std	Y+10, r1	; 0x0a
    6608:	8b 81       	ldd	r24, Y+3	; 0x03
    660a:	81 31       	cpi	r24, 0x11	; 17
    660c:	20 f0       	brcs	.+8      	; 0x6616 <LCD_moveCursor+0x52>
    660e:	81 e0       	ldi	r24, 0x01	; 1
    6610:	90 e0       	ldi	r25, 0x00	; 0
    6612:	9b 87       	std	Y+11, r25	; 0x0b
    6614:	8a 87       	std	Y+10, r24	; 0x0a
    6616:	2c 85       	ldd	r18, Y+12	; 0x0c
    6618:	3d 85       	ldd	r19, Y+13	; 0x0d
    661a:	8a 85       	ldd	r24, Y+10	; 0x0a
    661c:	9b 85       	ldd	r25, Y+11	; 0x0b
    661e:	28 2b       	or	r18, r24
    6620:	39 2b       	or	r19, r25
    6622:	39 87       	std	Y+9, r19	; 0x09
    6624:	28 87       	std	Y+8, r18	; 0x08
    6626:	1f 82       	std	Y+7, r1	; 0x07
    6628:	1e 82       	std	Y+6, r1	; 0x06
    662a:	8b 81       	ldd	r24, Y+3	; 0x03
    662c:	88 23       	and	r24, r24
    662e:	21 f4       	brne	.+8      	; 0x6638 <LCD_moveCursor+0x74>
    6630:	21 e0       	ldi	r18, 0x01	; 1
    6632:	30 e0       	ldi	r19, 0x00	; 0
    6634:	3f 83       	std	Y+7, r19	; 0x07
    6636:	2e 83       	std	Y+6, r18	; 0x06
    6638:	88 85       	ldd	r24, Y+8	; 0x08
    663a:	99 85       	ldd	r25, Y+9	; 0x09
    663c:	2e 81       	ldd	r18, Y+6	; 0x06
    663e:	3f 81       	ldd	r19, Y+7	; 0x07
    6640:	82 2b       	or	r24, r18
    6642:	93 2b       	or	r25, r19
    6644:	00 97       	sbiw	r24, 0x00	; 0
    6646:	e1 f4       	brne	.+56     	; 0x6680 <LCD_moveCursor+0xbc>
{
	/* Do nothing*/
}
else
{
		switch (a_row)
    6648:	8a 81       	ldd	r24, Y+2	; 0x02
    664a:	28 2f       	mov	r18, r24
    664c:	30 e0       	ldi	r19, 0x00	; 0
    664e:	3d 83       	std	Y+5, r19	; 0x05
    6650:	2c 83       	std	Y+4, r18	; 0x04
    6652:	8c 81       	ldd	r24, Y+4	; 0x04
    6654:	9d 81       	ldd	r25, Y+5	; 0x05
    6656:	81 30       	cpi	r24, 0x01	; 1
    6658:	91 05       	cpc	r25, r1
    665a:	31 f0       	breq	.+12     	; 0x6668 <LCD_moveCursor+0xa4>
    665c:	2c 81       	ldd	r18, Y+4	; 0x04
    665e:	3d 81       	ldd	r19, Y+5	; 0x05
    6660:	22 30       	cpi	r18, 0x02	; 2
    6662:	31 05       	cpc	r19, r1
    6664:	19 f0       	breq	.+6      	; 0x666c <LCD_moveCursor+0xa8>
    6666:	04 c0       	rjmp	.+8      	; 0x6670 <LCD_moveCursor+0xac>
		{
		case 1 :
			a_command=FIRSTROWADD;
    6668:	19 82       	std	Y+1, r1	; 0x01
    666a:	02 c0       	rjmp	.+4      	; 0x6670 <LCD_moveCursor+0xac>
			break;
		case 2 :
			a_command=SECROWADD;
    666c:	80 e4       	ldi	r24, 0x40	; 64
    666e:	89 83       	std	Y+1, r24	; 0x01
			break;
		}

LCD_sendCommand((a_command | (a_col-1)|(LCD_SET_CURSOR_LOCATION)));
    6670:	8b 81       	ldd	r24, Y+3	; 0x03
    6672:	81 50       	subi	r24, 0x01	; 1
    6674:	98 2f       	mov	r25, r24
    6676:	89 81       	ldd	r24, Y+1	; 0x01
    6678:	89 2b       	or	r24, r25
    667a:	80 68       	ori	r24, 0x80	; 128
    667c:	0e 94 2f 2b 	call	0x565e	; 0x565e <LCD_sendCommand>

}
}
    6680:	2f 96       	adiw	r28, 0x0f	; 15
    6682:	0f b6       	in	r0, 0x3f	; 63
    6684:	f8 94       	cli
    6686:	de bf       	out	0x3e, r29	; 62
    6688:	0f be       	out	0x3f, r0	; 63
    668a:	cd bf       	out	0x3d, r28	; 61
    668c:	cf 91       	pop	r28
    668e:	df 91       	pop	r29
    6690:	08 95       	ret

00006692 <LCD_displayStringRowColumn>:

void LCD_displayStringRowColumn(uint8 a_row,uint8 a_column,uint8  * a_char)
{
    6692:	df 93       	push	r29
    6694:	cf 93       	push	r28
    6696:	00 d0       	rcall	.+0      	; 0x6698 <LCD_displayStringRowColumn+0x6>
    6698:	00 d0       	rcall	.+0      	; 0x669a <LCD_displayStringRowColumn+0x8>
    669a:	cd b7       	in	r28, 0x3d	; 61
    669c:	de b7       	in	r29, 0x3e	; 62
    669e:	89 83       	std	Y+1, r24	; 0x01
    66a0:	6a 83       	std	Y+2, r22	; 0x02
    66a2:	5c 83       	std	Y+4, r21	; 0x04
    66a4:	4b 83       	std	Y+3, r20	; 0x03
	LCD_moveCursor(a_row,a_column);
    66a6:	89 81       	ldd	r24, Y+1	; 0x01
    66a8:	6a 81       	ldd	r22, Y+2	; 0x02
    66aa:	0e 94 e2 32 	call	0x65c4	; 0x65c4 <LCD_moveCursor>
	LCD_displayString(a_char);
    66ae:	8b 81       	ldd	r24, Y+3	; 0x03
    66b0:	9c 81       	ldd	r25, Y+4	; 0x04
    66b2:	0e 94 bf 32 	call	0x657e	; 0x657e <LCD_displayString>
}
    66b6:	0f 90       	pop	r0
    66b8:	0f 90       	pop	r0
    66ba:	0f 90       	pop	r0
    66bc:	0f 90       	pop	r0
    66be:	cf 91       	pop	r28
    66c0:	df 91       	pop	r29
    66c2:	08 95       	ret

000066c4 <LCD_clearScreen>:
void LCD_clearScreen()
{
    66c4:	df 93       	push	r29
    66c6:	cf 93       	push	r28
    66c8:	cd b7       	in	r28, 0x3d	; 61
    66ca:	de b7       	in	r29, 0x3e	; 62

	LCD_sendCommand(LCD_CLEAR_DISPLAY);
    66cc:	81 e0       	ldi	r24, 0x01	; 1
    66ce:	0e 94 2f 2b 	call	0x565e	; 0x565e <LCD_sendCommand>

}
    66d2:	cf 91       	pop	r28
    66d4:	df 91       	pop	r29
    66d6:	08 95       	ret

000066d8 <LCD_intgerToString>:

void LCD_intgerToString(uint32 a_num)
{
    66d8:	0f 93       	push	r16
    66da:	df 93       	push	r29
    66dc:	cf 93       	push	r28
    66de:	cd b7       	in	r28, 0x3d	; 61
    66e0:	de b7       	in	r29, 0x3e	; 62
    66e2:	64 97       	sbiw	r28, 0x14	; 20
    66e4:	0f b6       	in	r0, 0x3f	; 63
    66e6:	f8 94       	cli
    66e8:	de bf       	out	0x3e, r29	; 62
    66ea:	0f be       	out	0x3f, r0	; 63
    66ec:	cd bf       	out	0x3d, r28	; 61
    66ee:	69 8b       	std	Y+17, r22	; 0x11
    66f0:	7a 8b       	std	Y+18, r23	; 0x12
    66f2:	8b 8b       	std	Y+19, r24	; 0x13
    66f4:	9c 8b       	std	Y+20, r25	; 0x14
	uint8 buff[16];
	LCD_modifyString(buff,a_num,MAXDIGITS,INTEGERNUM);
    66f6:	29 89       	ldd	r18, Y+17	; 0x11
    66f8:	3a 89       	ldd	r19, Y+18	; 0x12
    66fa:	4b 89       	ldd	r20, Y+19	; 0x13
    66fc:	5c 89       	ldd	r21, Y+20	; 0x14
    66fe:	ce 01       	movw	r24, r28
    6700:	01 96       	adiw	r24, 0x01	; 1
    6702:	ba 01       	movw	r22, r20
    6704:	a9 01       	movw	r20, r18
    6706:	2f e0       	ldi	r18, 0x0F	; 15
    6708:	09 e6       	ldi	r16, 0x69	; 105
    670a:	0e 94 95 33 	call	0x672a	; 0x672a <LCD_modifyString>
	LCD_displayString(buff);
    670e:	ce 01       	movw	r24, r28
    6710:	01 96       	adiw	r24, 0x01	; 1
    6712:	0e 94 bf 32 	call	0x657e	; 0x657e <LCD_displayString>

}
    6716:	64 96       	adiw	r28, 0x14	; 20
    6718:	0f b6       	in	r0, 0x3f	; 63
    671a:	f8 94       	cli
    671c:	de bf       	out	0x3e, r29	; 62
    671e:	0f be       	out	0x3f, r0	; 63
    6720:	cd bf       	out	0x3d, r28	; 61
    6722:	cf 91       	pop	r28
    6724:	df 91       	pop	r29
    6726:	0f 91       	pop	r16
    6728:	08 95       	ret

0000672a <LCD_modifyString>:

static void LCD_modifyString(uint8 * string_Ptr,uint32 a_num,uint8 a_numOfdigits,uint8 a_type)
{ uint8 i=0;
    672a:	0f 93       	push	r16
    672c:	1f 93       	push	r17
    672e:	df 93       	push	r29
    6730:	cf 93       	push	r28
    6732:	cd b7       	in	r28, 0x3d	; 61
    6734:	de b7       	in	r29, 0x3e	; 62
    6736:	29 97       	sbiw	r28, 0x09	; 9
    6738:	0f b6       	in	r0, 0x3f	; 63
    673a:	f8 94       	cli
    673c:	de bf       	out	0x3e, r29	; 62
    673e:	0f be       	out	0x3f, r0	; 63
    6740:	cd bf       	out	0x3d, r28	; 61
    6742:	9b 83       	std	Y+3, r25	; 0x03
    6744:	8a 83       	std	Y+2, r24	; 0x02
    6746:	4c 83       	std	Y+4, r20	; 0x04
    6748:	5d 83       	std	Y+5, r21	; 0x05
    674a:	6e 83       	std	Y+6, r22	; 0x06
    674c:	7f 83       	std	Y+7, r23	; 0x07
    674e:	28 87       	std	Y+8, r18	; 0x08
    6750:	09 87       	std	Y+9, r16	; 0x09
    6752:	19 82       	std	Y+1, r1	; 0x01

if(a_type == INTEGERNUM)
    6754:	89 85       	ldd	r24, Y+9	; 0x09
    6756:	89 36       	cpi	r24, 0x69	; 105
    6758:	09 f0       	breq	.+2      	; 0x675c <LCD_modifyString+0x32>
    675a:	57 c0       	rjmp	.+174    	; 0x680a <LCD_modifyString+0xe0>
{
if(a_num==0)
    675c:	8c 81       	ldd	r24, Y+4	; 0x04
    675e:	9d 81       	ldd	r25, Y+5	; 0x05
    6760:	ae 81       	ldd	r26, Y+6	; 0x06
    6762:	bf 81       	ldd	r27, Y+7	; 0x07
    6764:	00 97       	sbiw	r24, 0x00	; 0
    6766:	a1 05       	cpc	r26, r1
    6768:	b1 05       	cpc	r27, r1
    676a:	c9 f5       	brne	.+114    	; 0x67de <LCD_modifyString+0xb4>
{
	*(string_Ptr)= ZEROASCII;
    676c:	ea 81       	ldd	r30, Y+2	; 0x02
    676e:	fb 81       	ldd	r31, Y+3	; 0x03
    6770:	80 e3       	ldi	r24, 0x30	; 48
    6772:	80 83       	st	Z, r24
	*(string_Ptr+1)= '\0';
    6774:	8a 81       	ldd	r24, Y+2	; 0x02
    6776:	9b 81       	ldd	r25, Y+3	; 0x03
    6778:	fc 01       	movw	r30, r24
    677a:	31 96       	adiw	r30, 0x01	; 1
    677c:	10 82       	st	Z, r1
    677e:	97 c0       	rjmp	.+302    	; 0x68ae <LCD_modifyString+0x184>
}
else
{
	while(a_num !=0 && i<a_numOfdigits)
	{
		*(string_Ptr +i)=  (((0x0F) & (a_num%10)) | ZEROASCII);
    6780:	89 81       	ldd	r24, Y+1	; 0x01
    6782:	28 2f       	mov	r18, r24
    6784:	30 e0       	ldi	r19, 0x00	; 0
    6786:	8a 81       	ldd	r24, Y+2	; 0x02
    6788:	9b 81       	ldd	r25, Y+3	; 0x03
    678a:	8c 01       	movw	r16, r24
    678c:	02 0f       	add	r16, r18
    678e:	13 1f       	adc	r17, r19
    6790:	8c 81       	ldd	r24, Y+4	; 0x04
    6792:	9d 81       	ldd	r25, Y+5	; 0x05
    6794:	ae 81       	ldd	r26, Y+6	; 0x06
    6796:	bf 81       	ldd	r27, Y+7	; 0x07
    6798:	2a e0       	ldi	r18, 0x0A	; 10
    679a:	30 e0       	ldi	r19, 0x00	; 0
    679c:	40 e0       	ldi	r20, 0x00	; 0
    679e:	50 e0       	ldi	r21, 0x00	; 0
    67a0:	bc 01       	movw	r22, r24
    67a2:	cd 01       	movw	r24, r26
    67a4:	0e 94 f8 35 	call	0x6bf0	; 0x6bf0 <__udivmodsi4>
    67a8:	dc 01       	movw	r26, r24
    67aa:	cb 01       	movw	r24, r22
    67ac:	8f 70       	andi	r24, 0x0F	; 15
    67ae:	80 63       	ori	r24, 0x30	; 48
    67b0:	f8 01       	movw	r30, r16
    67b2:	80 83       	st	Z, r24

		a_num/=10;
    67b4:	8c 81       	ldd	r24, Y+4	; 0x04
    67b6:	9d 81       	ldd	r25, Y+5	; 0x05
    67b8:	ae 81       	ldd	r26, Y+6	; 0x06
    67ba:	bf 81       	ldd	r27, Y+7	; 0x07
    67bc:	2a e0       	ldi	r18, 0x0A	; 10
    67be:	30 e0       	ldi	r19, 0x00	; 0
    67c0:	40 e0       	ldi	r20, 0x00	; 0
    67c2:	50 e0       	ldi	r21, 0x00	; 0
    67c4:	bc 01       	movw	r22, r24
    67c6:	cd 01       	movw	r24, r26
    67c8:	0e 94 f8 35 	call	0x6bf0	; 0x6bf0 <__udivmodsi4>
    67cc:	da 01       	movw	r26, r20
    67ce:	c9 01       	movw	r24, r18
    67d0:	8c 83       	std	Y+4, r24	; 0x04
    67d2:	9d 83       	std	Y+5, r25	; 0x05
    67d4:	ae 83       	std	Y+6, r26	; 0x06
    67d6:	bf 83       	std	Y+7, r27	; 0x07
		i++;
    67d8:	89 81       	ldd	r24, Y+1	; 0x01
    67da:	8f 5f       	subi	r24, 0xFF	; 255
    67dc:	89 83       	std	Y+1, r24	; 0x01
	*(string_Ptr)= ZEROASCII;
	*(string_Ptr+1)= '\0';
}
else
{
	while(a_num !=0 && i<a_numOfdigits)
    67de:	8c 81       	ldd	r24, Y+4	; 0x04
    67e0:	9d 81       	ldd	r25, Y+5	; 0x05
    67e2:	ae 81       	ldd	r26, Y+6	; 0x06
    67e4:	bf 81       	ldd	r27, Y+7	; 0x07
    67e6:	00 97       	sbiw	r24, 0x00	; 0
    67e8:	a1 05       	cpc	r26, r1
    67ea:	b1 05       	cpc	r27, r1
    67ec:	21 f0       	breq	.+8      	; 0x67f6 <LCD_modifyString+0xcc>
    67ee:	99 81       	ldd	r25, Y+1	; 0x01
    67f0:	88 85       	ldd	r24, Y+8	; 0x08
    67f2:	98 17       	cp	r25, r24
    67f4:	28 f2       	brcs	.-118    	; 0x6780 <LCD_modifyString+0x56>
		*(string_Ptr +i)=  (((0x0F) & (a_num%10)) | ZEROASCII);

		a_num/=10;
		i++;
	}
	*(string_Ptr +i)='\0';
    67f6:	89 81       	ldd	r24, Y+1	; 0x01
    67f8:	28 2f       	mov	r18, r24
    67fa:	30 e0       	ldi	r19, 0x00	; 0
    67fc:	8a 81       	ldd	r24, Y+2	; 0x02
    67fe:	9b 81       	ldd	r25, Y+3	; 0x03
    6800:	fc 01       	movw	r30, r24
    6802:	e2 0f       	add	r30, r18
    6804:	f3 1f       	adc	r31, r19
    6806:	10 82       	st	Z, r1
    6808:	52 c0       	rjmp	.+164    	; 0x68ae <LCD_modifyString+0x184>
}
}
else if (a_type == FLOATNUM)
    680a:	89 85       	ldd	r24, Y+9	; 0x09
    680c:	86 34       	cpi	r24, 0x46	; 70
    680e:	09 f0       	breq	.+2      	; 0x6812 <LCD_modifyString+0xe8>
    6810:	4e c0       	rjmp	.+156    	; 0x68ae <LCD_modifyString+0x184>
{
	if(a_num==0)
    6812:	8c 81       	ldd	r24, Y+4	; 0x04
    6814:	9d 81       	ldd	r25, Y+5	; 0x05
    6816:	ae 81       	ldd	r26, Y+6	; 0x06
    6818:	bf 81       	ldd	r27, Y+7	; 0x07
    681a:	00 97       	sbiw	r24, 0x00	; 0
    681c:	a1 05       	cpc	r26, r1
    681e:	b1 05       	cpc	r27, r1
    6820:	c9 f5       	brne	.+114    	; 0x6894 <LCD_modifyString+0x16a>
	{
		*(string_Ptr)= ZEROASCII;
    6822:	ea 81       	ldd	r30, Y+2	; 0x02
    6824:	fb 81       	ldd	r31, Y+3	; 0x03
    6826:	80 e3       	ldi	r24, 0x30	; 48
    6828:	80 83       	st	Z, r24
		*(string_Ptr+1)= '\0';
    682a:	8a 81       	ldd	r24, Y+2	; 0x02
    682c:	9b 81       	ldd	r25, Y+3	; 0x03
    682e:	fc 01       	movw	r30, r24
    6830:	31 96       	adiw	r30, 0x01	; 1
    6832:	10 82       	st	Z, r1
    6834:	3c c0       	rjmp	.+120    	; 0x68ae <LCD_modifyString+0x184>
	}
	else
	{
		while(i<a_numOfdigits)
		{
			*(string_Ptr +i)=  (((0x0F) & (a_num%10)) | ZEROASCII);
    6836:	89 81       	ldd	r24, Y+1	; 0x01
    6838:	28 2f       	mov	r18, r24
    683a:	30 e0       	ldi	r19, 0x00	; 0
    683c:	8a 81       	ldd	r24, Y+2	; 0x02
    683e:	9b 81       	ldd	r25, Y+3	; 0x03
    6840:	8c 01       	movw	r16, r24
    6842:	02 0f       	add	r16, r18
    6844:	13 1f       	adc	r17, r19
    6846:	8c 81       	ldd	r24, Y+4	; 0x04
    6848:	9d 81       	ldd	r25, Y+5	; 0x05
    684a:	ae 81       	ldd	r26, Y+6	; 0x06
    684c:	bf 81       	ldd	r27, Y+7	; 0x07
    684e:	2a e0       	ldi	r18, 0x0A	; 10
    6850:	30 e0       	ldi	r19, 0x00	; 0
    6852:	40 e0       	ldi	r20, 0x00	; 0
    6854:	50 e0       	ldi	r21, 0x00	; 0
    6856:	bc 01       	movw	r22, r24
    6858:	cd 01       	movw	r24, r26
    685a:	0e 94 f8 35 	call	0x6bf0	; 0x6bf0 <__udivmodsi4>
    685e:	dc 01       	movw	r26, r24
    6860:	cb 01       	movw	r24, r22
    6862:	8f 70       	andi	r24, 0x0F	; 15
    6864:	80 63       	ori	r24, 0x30	; 48
    6866:	f8 01       	movw	r30, r16
    6868:	80 83       	st	Z, r24

			a_num/=10;
    686a:	8c 81       	ldd	r24, Y+4	; 0x04
    686c:	9d 81       	ldd	r25, Y+5	; 0x05
    686e:	ae 81       	ldd	r26, Y+6	; 0x06
    6870:	bf 81       	ldd	r27, Y+7	; 0x07
    6872:	2a e0       	ldi	r18, 0x0A	; 10
    6874:	30 e0       	ldi	r19, 0x00	; 0
    6876:	40 e0       	ldi	r20, 0x00	; 0
    6878:	50 e0       	ldi	r21, 0x00	; 0
    687a:	bc 01       	movw	r22, r24
    687c:	cd 01       	movw	r24, r26
    687e:	0e 94 f8 35 	call	0x6bf0	; 0x6bf0 <__udivmodsi4>
    6882:	da 01       	movw	r26, r20
    6884:	c9 01       	movw	r24, r18
    6886:	8c 83       	std	Y+4, r24	; 0x04
    6888:	9d 83       	std	Y+5, r25	; 0x05
    688a:	ae 83       	std	Y+6, r26	; 0x06
    688c:	bf 83       	std	Y+7, r27	; 0x07
			i++;
    688e:	89 81       	ldd	r24, Y+1	; 0x01
    6890:	8f 5f       	subi	r24, 0xFF	; 255
    6892:	89 83       	std	Y+1, r24	; 0x01
		*(string_Ptr)= ZEROASCII;
		*(string_Ptr+1)= '\0';
	}
	else
	{
		while(i<a_numOfdigits)
    6894:	99 81       	ldd	r25, Y+1	; 0x01
    6896:	88 85       	ldd	r24, Y+8	; 0x08
    6898:	98 17       	cp	r25, r24
    689a:	68 f2       	brcs	.-102    	; 0x6836 <LCD_modifyString+0x10c>
			*(string_Ptr +i)=  (((0x0F) & (a_num%10)) | ZEROASCII);

			a_num/=10;
			i++;
		}
		*(string_Ptr +i)='\0';
    689c:	89 81       	ldd	r24, Y+1	; 0x01
    689e:	28 2f       	mov	r18, r24
    68a0:	30 e0       	ldi	r19, 0x00	; 0
    68a2:	8a 81       	ldd	r24, Y+2	; 0x02
    68a4:	9b 81       	ldd	r25, Y+3	; 0x03
    68a6:	fc 01       	movw	r30, r24
    68a8:	e2 0f       	add	r30, r18
    68aa:	f3 1f       	adc	r31, r19
    68ac:	10 82       	st	Z, r1
	}

}
	LCD_rearrange(string_Ptr);
    68ae:	8a 81       	ldd	r24, Y+2	; 0x02
    68b0:	9b 81       	ldd	r25, Y+3	; 0x03
    68b2:	0e 94 ee 34 	call	0x69dc	; 0x69dc <LCD_rearrange>



}
    68b6:	29 96       	adiw	r28, 0x09	; 9
    68b8:	0f b6       	in	r0, 0x3f	; 63
    68ba:	f8 94       	cli
    68bc:	de bf       	out	0x3e, r29	; 62
    68be:	0f be       	out	0x3f, r0	; 63
    68c0:	cd bf       	out	0x3d, r28	; 61
    68c2:	cf 91       	pop	r28
    68c4:	df 91       	pop	r29
    68c6:	1f 91       	pop	r17
    68c8:	0f 91       	pop	r16
    68ca:	08 95       	ret

000068cc <LCD_floatToString>:

void LCD_floatToString (float32 a_num)
{
    68cc:	df 93       	push	r29
    68ce:	cf 93       	push	r28
    68d0:	cd b7       	in	r28, 0x3d	; 61
    68d2:	de b7       	in	r29, 0x3e	; 62
    68d4:	64 97       	sbiw	r28, 0x14	; 20
    68d6:	0f b6       	in	r0, 0x3f	; 63
    68d8:	f8 94       	cli
    68da:	de bf       	out	0x3e, r29	; 62
    68dc:	0f be       	out	0x3f, r0	; 63
    68de:	cd bf       	out	0x3d, r28	; 61
    68e0:	69 8b       	std	Y+17, r22	; 0x11
    68e2:	7a 8b       	std	Y+18, r23	; 0x12
    68e4:	8b 8b       	std	Y+19, r24	; 0x13
    68e6:	9c 8b       	std	Y+20, r25	; 0x14
	uint8 buff[16];
	LCD_modifyFloat(buff,a_num);
    68e8:	29 89       	ldd	r18, Y+17	; 0x11
    68ea:	3a 89       	ldd	r19, Y+18	; 0x12
    68ec:	4b 89       	ldd	r20, Y+19	; 0x13
    68ee:	5c 89       	ldd	r21, Y+20	; 0x14
    68f0:	ce 01       	movw	r24, r28
    68f2:	01 96       	adiw	r24, 0x01	; 1
    68f4:	ba 01       	movw	r22, r20
    68f6:	a9 01       	movw	r20, r18
    68f8:	0e 94 8b 34 	call	0x6916	; 0x6916 <LCD_modifyFloat>
	LCD_displayString(buff);
    68fc:	ce 01       	movw	r24, r28
    68fe:	01 96       	adiw	r24, 0x01	; 1
    6900:	0e 94 bf 32 	call	0x657e	; 0x657e <LCD_displayString>
}
    6904:	64 96       	adiw	r28, 0x14	; 20
    6906:	0f b6       	in	r0, 0x3f	; 63
    6908:	f8 94       	cli
    690a:	de bf       	out	0x3e, r29	; 62
    690c:	0f be       	out	0x3f, r0	; 63
    690e:	cd bf       	out	0x3d, r28	; 61
    6910:	cf 91       	pop	r28
    6912:	df 91       	pop	r29
    6914:	08 95       	ret

00006916 <LCD_modifyFloat>:


static void LCD_modifyFloat(uint8 * string_Ptr,float32 a_num)
{
    6916:	0f 93       	push	r16
    6918:	df 93       	push	r29
    691a:	cf 93       	push	r28
    691c:	cd b7       	in	r28, 0x3d	; 61
    691e:	de b7       	in	r29, 0x3e	; 62
    6920:	6e 97       	sbiw	r28, 0x1e	; 30
    6922:	0f b6       	in	r0, 0x3f	; 63
    6924:	f8 94       	cli
    6926:	de bf       	out	0x3e, r29	; 62
    6928:	0f be       	out	0x3f, r0	; 63
    692a:	cd bf       	out	0x3d, r28	; 61
    692c:	9a 8f       	std	Y+26, r25	; 0x1a
    692e:	89 8f       	std	Y+25, r24	; 0x19
    6930:	4b 8f       	std	Y+27, r20	; 0x1b
    6932:	5c 8f       	std	Y+28, r21	; 0x1c
    6934:	6d 8f       	std	Y+29, r22	; 0x1d
    6936:	7e 8f       	std	Y+30, r23	; 0x1e
	uint8 LCD_intToStr[MAXFLOATDIG+1];
	float64 a_decimalValue;

	uint32 a_numWithoutDec;

	a_decimalValue = a_num -FLOOR(a_num);
    6938:	6b 8d       	ldd	r22, Y+27	; 0x1b
    693a:	7c 8d       	ldd	r23, Y+28	; 0x1c
    693c:	8d 8d       	ldd	r24, Y+29	; 0x1d
    693e:	9e 8d       	ldd	r25, Y+30	; 0x1e
    6940:	0e 94 49 00 	call	0x92	; 0x92 <__fixunssfsi>
    6944:	dc 01       	movw	r26, r24
    6946:	cb 01       	movw	r24, r22
    6948:	bc 01       	movw	r22, r24
    694a:	cd 01       	movw	r24, r26
    694c:	0e 94 a9 04 	call	0x952	; 0x952 <__floatunsisf>
    6950:	9b 01       	movw	r18, r22
    6952:	ac 01       	movw	r20, r24
    6954:	6b 8d       	ldd	r22, Y+27	; 0x1b
    6956:	7c 8d       	ldd	r23, Y+28	; 0x1c
    6958:	8d 8d       	ldd	r24, Y+29	; 0x1d
    695a:	9e 8d       	ldd	r25, Y+30	; 0x1e
    695c:	0e 94 c1 01 	call	0x382	; 0x382 <__subsf3>
    6960:	dc 01       	movw	r26, r24
    6962:	cb 01       	movw	r24, r22
    6964:	8d 83       	std	Y+5, r24	; 0x05
    6966:	9e 83       	std	Y+6, r25	; 0x06
    6968:	af 83       	std	Y+7, r26	; 0x07
    696a:	b8 87       	std	Y+8, r27	; 0x08

	a_numWithoutDec =FLOOR(a_num) ;
    696c:	6b 8d       	ldd	r22, Y+27	; 0x1b
    696e:	7c 8d       	ldd	r23, Y+28	; 0x1c
    6970:	8d 8d       	ldd	r24, Y+29	; 0x1d
    6972:	9e 8d       	ldd	r25, Y+30	; 0x1e
    6974:	0e 94 49 00 	call	0x92	; 0x92 <__fixunssfsi>
    6978:	dc 01       	movw	r26, r24
    697a:	cb 01       	movw	r24, r22
    697c:	89 83       	std	Y+1, r24	; 0x01
    697e:	9a 83       	std	Y+2, r25	; 0x02
    6980:	ab 83       	std	Y+3, r26	; 0x03
    6982:	bc 83       	std	Y+4, r27	; 0x04


	LCD_decToString(LCD_dectoInt,a_decimalValue);
    6984:	ce 01       	movw	r24, r28
    6986:	09 96       	adiw	r24, 0x09	; 9
    6988:	2d 81       	ldd	r18, Y+5	; 0x05
    698a:	3e 81       	ldd	r19, Y+6	; 0x06
    698c:	4f 81       	ldd	r20, Y+7	; 0x07
    698e:	58 85       	ldd	r21, Y+8	; 0x08
    6990:	ba 01       	movw	r22, r20
    6992:	a9 01       	movw	r20, r18
    6994:	0e 94 35 35 	call	0x6a6a	; 0x6a6a <LCD_decToString>
	LCD_modifyString(LCD_intToStr, a_numWithoutDec, MAXFLOATDIG,INTEGERNUM);
    6998:	ce 01       	movw	r24, r28
    699a:	0e 96       	adiw	r24, 0x0e	; 14
    699c:	29 81       	ldd	r18, Y+1	; 0x01
    699e:	3a 81       	ldd	r19, Y+2	; 0x02
    69a0:	4b 81       	ldd	r20, Y+3	; 0x03
    69a2:	5c 81       	ldd	r21, Y+4	; 0x04
    69a4:	ba 01       	movw	r22, r20
    69a6:	a9 01       	movw	r20, r18
    69a8:	2a e0       	ldi	r18, 0x0A	; 10
    69aa:	09 e6       	ldi	r16, 0x69	; 105
    69ac:	0e 94 95 33 	call	0x672a	; 0x672a <LCD_modifyString>
	LCD_concatWith(string_Ptr, LCD_intToStr, LCD_dectoInt,DOT);
    69b0:	89 8d       	ldd	r24, Y+25	; 0x19
    69b2:	9a 8d       	ldd	r25, Y+26	; 0x1a
    69b4:	9e 01       	movw	r18, r28
    69b6:	22 5f       	subi	r18, 0xF2	; 242
    69b8:	3f 4f       	sbci	r19, 0xFF	; 255
    69ba:	ae 01       	movw	r20, r28
    69bc:	47 5f       	subi	r20, 0xF7	; 247
    69be:	5f 4f       	sbci	r21, 0xFF	; 255
    69c0:	b9 01       	movw	r22, r18
    69c2:	2e e2       	ldi	r18, 0x2E	; 46
    69c4:	0e 94 7f 35 	call	0x6afe	; 0x6afe <LCD_concatWith>

}
    69c8:	6e 96       	adiw	r28, 0x1e	; 30
    69ca:	0f b6       	in	r0, 0x3f	; 63
    69cc:	f8 94       	cli
    69ce:	de bf       	out	0x3e, r29	; 62
    69d0:	0f be       	out	0x3f, r0	; 63
    69d2:	cd bf       	out	0x3d, r28	; 61
    69d4:	cf 91       	pop	r28
    69d6:	df 91       	pop	r29
    69d8:	0f 91       	pop	r16
    69da:	08 95       	ret

000069dc <LCD_rearrange>:
static void LCD_rearrange(uint8 * string_Ptr)
{
    69dc:	df 93       	push	r29
    69de:	cf 93       	push	r28
    69e0:	00 d0       	rcall	.+0      	; 0x69e2 <LCD_rearrange+0x6>
    69e2:	00 d0       	rcall	.+0      	; 0x69e4 <LCD_rearrange+0x8>
    69e4:	0f 92       	push	r0
    69e6:	cd b7       	in	r28, 0x3d	; 61
    69e8:	de b7       	in	r29, 0x3e	; 62
    69ea:	9d 83       	std	Y+5, r25	; 0x05
    69ec:	8c 83       	std	Y+4, r24	; 0x04
	uint8 temp;
	uint8*Ptr_endString =string_Ptr ;
    69ee:	8c 81       	ldd	r24, Y+4	; 0x04
    69f0:	9d 81       	ldd	r25, Y+5	; 0x05
    69f2:	9a 83       	std	Y+2, r25	; 0x02
    69f4:	89 83       	std	Y+1, r24	; 0x01
    69f6:	05 c0       	rjmp	.+10     	; 0x6a02 <LCD_rearrange+0x26>

	while(*(Ptr_endString) != '\0')
	{
		Ptr_endString++;
    69f8:	89 81       	ldd	r24, Y+1	; 0x01
    69fa:	9a 81       	ldd	r25, Y+2	; 0x02
    69fc:	01 96       	adiw	r24, 0x01	; 1
    69fe:	9a 83       	std	Y+2, r25	; 0x02
    6a00:	89 83       	std	Y+1, r24	; 0x01
static void LCD_rearrange(uint8 * string_Ptr)
{
	uint8 temp;
	uint8*Ptr_endString =string_Ptr ;

	while(*(Ptr_endString) != '\0')
    6a02:	e9 81       	ldd	r30, Y+1	; 0x01
    6a04:	fa 81       	ldd	r31, Y+2	; 0x02
    6a06:	80 81       	ld	r24, Z
    6a08:	88 23       	and	r24, r24
    6a0a:	b1 f7       	brne	.-20     	; 0x69f8 <LCD_rearrange+0x1c>
	{
		Ptr_endString++;
	}

	Ptr_endString--;
    6a0c:	89 81       	ldd	r24, Y+1	; 0x01
    6a0e:	9a 81       	ldd	r25, Y+2	; 0x02
    6a10:	01 97       	sbiw	r24, 0x01	; 1
    6a12:	9a 83       	std	Y+2, r25	; 0x02
    6a14:	89 83       	std	Y+1, r24	; 0x01
    6a16:	18 c0       	rjmp	.+48     	; 0x6a48 <LCD_rearrange+0x6c>

	while(Ptr_endString - string_Ptr > 0)
	{
		temp= *Ptr_endString ;
    6a18:	e9 81       	ldd	r30, Y+1	; 0x01
    6a1a:	fa 81       	ldd	r31, Y+2	; 0x02
    6a1c:	80 81       	ld	r24, Z
    6a1e:	8b 83       	std	Y+3, r24	; 0x03
		*Ptr_endString =*(string_Ptr);
    6a20:	ec 81       	ldd	r30, Y+4	; 0x04
    6a22:	fd 81       	ldd	r31, Y+5	; 0x05
    6a24:	80 81       	ld	r24, Z
    6a26:	e9 81       	ldd	r30, Y+1	; 0x01
    6a28:	fa 81       	ldd	r31, Y+2	; 0x02
    6a2a:	80 83       	st	Z, r24
		*(string_Ptr)=temp;
    6a2c:	ec 81       	ldd	r30, Y+4	; 0x04
    6a2e:	fd 81       	ldd	r31, Y+5	; 0x05
    6a30:	8b 81       	ldd	r24, Y+3	; 0x03
    6a32:	80 83       	st	Z, r24
		Ptr_endString --;
    6a34:	89 81       	ldd	r24, Y+1	; 0x01
    6a36:	9a 81       	ldd	r25, Y+2	; 0x02
    6a38:	01 97       	sbiw	r24, 0x01	; 1
    6a3a:	9a 83       	std	Y+2, r25	; 0x02
    6a3c:	89 83       	std	Y+1, r24	; 0x01
		  string_Ptr++;
    6a3e:	8c 81       	ldd	r24, Y+4	; 0x04
    6a40:	9d 81       	ldd	r25, Y+5	; 0x05
    6a42:	01 96       	adiw	r24, 0x01	; 1
    6a44:	9d 83       	std	Y+5, r25	; 0x05
    6a46:	8c 83       	std	Y+4, r24	; 0x04
		Ptr_endString++;
	}

	Ptr_endString--;

	while(Ptr_endString - string_Ptr > 0)
    6a48:	89 81       	ldd	r24, Y+1	; 0x01
    6a4a:	9a 81       	ldd	r25, Y+2	; 0x02
    6a4c:	2c 81       	ldd	r18, Y+4	; 0x04
    6a4e:	3d 81       	ldd	r19, Y+5	; 0x05
    6a50:	82 1b       	sub	r24, r18
    6a52:	93 0b       	sbc	r25, r19
    6a54:	18 16       	cp	r1, r24
    6a56:	19 06       	cpc	r1, r25
    6a58:	fc f2       	brlt	.-66     	; 0x6a18 <LCD_rearrange+0x3c>
		*(string_Ptr)=temp;
		Ptr_endString --;
		  string_Ptr++;
	}

}
    6a5a:	0f 90       	pop	r0
    6a5c:	0f 90       	pop	r0
    6a5e:	0f 90       	pop	r0
    6a60:	0f 90       	pop	r0
    6a62:	0f 90       	pop	r0
    6a64:	cf 91       	pop	r28
    6a66:	df 91       	pop	r29
    6a68:	08 95       	ret

00006a6a <LCD_decToString>:
static void LCD_decToString(uint8*string_Ptr ,float32 a_decimalValue )
{ uint8 a_numOfDigits=0 ;
    6a6a:	0f 93       	push	r16
    6a6c:	df 93       	push	r29
    6a6e:	cf 93       	push	r28
    6a70:	cd b7       	in	r28, 0x3d	; 61
    6a72:	de b7       	in	r29, 0x3e	; 62
    6a74:	29 97       	sbiw	r28, 0x09	; 9
    6a76:	0f b6       	in	r0, 0x3f	; 63
    6a78:	f8 94       	cli
    6a7a:	de bf       	out	0x3e, r29	; 62
    6a7c:	0f be       	out	0x3f, r0	; 63
    6a7e:	cd bf       	out	0x3d, r28	; 61
    6a80:	9d 83       	std	Y+5, r25	; 0x05
    6a82:	8c 83       	std	Y+4, r24	; 0x04
    6a84:	4e 83       	std	Y+6, r20	; 0x06
    6a86:	5f 83       	std	Y+7, r21	; 0x07
    6a88:	68 87       	std	Y+8, r22	; 0x08
    6a8a:	79 87       	std	Y+9, r23	; 0x09
    6a8c:	1b 82       	std	Y+3, r1	; 0x03
    6a8e:	13 c0       	rjmp	.+38     	; 0x6ab6 <LCD_decToString+0x4c>
	uint16 a_decimalTointeger ;

	 while( a_numOfDigits<ACCURACY )
		 {
			 a_decimalValue*=10;
    6a90:	6e 81       	ldd	r22, Y+6	; 0x06
    6a92:	7f 81       	ldd	r23, Y+7	; 0x07
    6a94:	88 85       	ldd	r24, Y+8	; 0x08
    6a96:	99 85       	ldd	r25, Y+9	; 0x09
    6a98:	20 e0       	ldi	r18, 0x00	; 0
    6a9a:	30 e0       	ldi	r19, 0x00	; 0
    6a9c:	40 e2       	ldi	r20, 0x20	; 32
    6a9e:	51 e4       	ldi	r21, 0x41	; 65
    6aa0:	0e 94 1f 02 	call	0x43e	; 0x43e <__mulsf3>
    6aa4:	dc 01       	movw	r26, r24
    6aa6:	cb 01       	movw	r24, r22
    6aa8:	8e 83       	std	Y+6, r24	; 0x06
    6aaa:	9f 83       	std	Y+7, r25	; 0x07
    6aac:	a8 87       	std	Y+8, r26	; 0x08
    6aae:	b9 87       	std	Y+9, r27	; 0x09
			 a_numOfDigits++;
    6ab0:	8b 81       	ldd	r24, Y+3	; 0x03
    6ab2:	8f 5f       	subi	r24, 0xFF	; 255
    6ab4:	8b 83       	std	Y+3, r24	; 0x03
}
static void LCD_decToString(uint8*string_Ptr ,float32 a_decimalValue )
{ uint8 a_numOfDigits=0 ;
	uint16 a_decimalTointeger ;

	 while( a_numOfDigits<ACCURACY )
    6ab6:	8b 81       	ldd	r24, Y+3	; 0x03
    6ab8:	84 30       	cpi	r24, 0x04	; 4
    6aba:	50 f3       	brcs	.-44     	; 0x6a90 <LCD_decToString+0x26>
		 {
			 a_decimalValue*=10;
			 a_numOfDigits++;
		 }

	 a_decimalTointeger =a_decimalValue;
    6abc:	6e 81       	ldd	r22, Y+6	; 0x06
    6abe:	7f 81       	ldd	r23, Y+7	; 0x07
    6ac0:	88 85       	ldd	r24, Y+8	; 0x08
    6ac2:	99 85       	ldd	r25, Y+9	; 0x09
    6ac4:	0e 94 49 00 	call	0x92	; 0x92 <__fixunssfsi>
    6ac8:	dc 01       	movw	r26, r24
    6aca:	cb 01       	movw	r24, r22
    6acc:	9a 83       	std	Y+2, r25	; 0x02
    6ace:	89 83       	std	Y+1, r24	; 0x01

	 LCD_modifyString( string_Ptr, a_decimalTointeger ,ACCURACY,FLOATNUM);
    6ad0:	89 81       	ldd	r24, Y+1	; 0x01
    6ad2:	9a 81       	ldd	r25, Y+2	; 0x02
    6ad4:	9c 01       	movw	r18, r24
    6ad6:	40 e0       	ldi	r20, 0x00	; 0
    6ad8:	50 e0       	ldi	r21, 0x00	; 0
    6ada:	8c 81       	ldd	r24, Y+4	; 0x04
    6adc:	9d 81       	ldd	r25, Y+5	; 0x05
    6ade:	ba 01       	movw	r22, r20
    6ae0:	a9 01       	movw	r20, r18
    6ae2:	24 e0       	ldi	r18, 0x04	; 4
    6ae4:	06 e4       	ldi	r16, 0x46	; 70
    6ae6:	0e 94 95 33 	call	0x672a	; 0x672a <LCD_modifyString>

}
    6aea:	29 96       	adiw	r28, 0x09	; 9
    6aec:	0f b6       	in	r0, 0x3f	; 63
    6aee:	f8 94       	cli
    6af0:	de bf       	out	0x3e, r29	; 62
    6af2:	0f be       	out	0x3f, r0	; 63
    6af4:	cd bf       	out	0x3d, r28	; 61
    6af6:	cf 91       	pop	r28
    6af8:	df 91       	pop	r29
    6afa:	0f 91       	pop	r16
    6afc:	08 95       	ret

00006afe <LCD_concatWith>:
static void LCD_concatWith(uint8* a_mainStr,uint8 * string_Ptr,uint8 * string_Ptr2,uint8 a_symb)
{
    6afe:	df 93       	push	r29
    6b00:	cf 93       	push	r28
    6b02:	cd b7       	in	r28, 0x3d	; 61
    6b04:	de b7       	in	r29, 0x3e	; 62
    6b06:	28 97       	sbiw	r28, 0x08	; 8
    6b08:	0f b6       	in	r0, 0x3f	; 63
    6b0a:	f8 94       	cli
    6b0c:	de bf       	out	0x3e, r29	; 62
    6b0e:	0f be       	out	0x3f, r0	; 63
    6b10:	cd bf       	out	0x3d, r28	; 61
    6b12:	9b 83       	std	Y+3, r25	; 0x03
    6b14:	8a 83       	std	Y+2, r24	; 0x02
    6b16:	7d 83       	std	Y+5, r23	; 0x05
    6b18:	6c 83       	std	Y+4, r22	; 0x04
    6b1a:	5f 83       	std	Y+7, r21	; 0x07
    6b1c:	4e 83       	std	Y+6, r20	; 0x06
    6b1e:	28 87       	std	Y+8, r18	; 0x08
	uint8 i=0;
    6b20:	19 82       	std	Y+1, r1	; 0x01
    6b22:	14 c0       	rjmp	.+40     	; 0x6b4c <LCD_concatWith+0x4e>
	while(*string_Ptr !='\0')
	{
		*(a_mainStr+i) = *(string_Ptr);
    6b24:	89 81       	ldd	r24, Y+1	; 0x01
    6b26:	28 2f       	mov	r18, r24
    6b28:	30 e0       	ldi	r19, 0x00	; 0
    6b2a:	8a 81       	ldd	r24, Y+2	; 0x02
    6b2c:	9b 81       	ldd	r25, Y+3	; 0x03
    6b2e:	dc 01       	movw	r26, r24
    6b30:	a2 0f       	add	r26, r18
    6b32:	b3 1f       	adc	r27, r19
    6b34:	ec 81       	ldd	r30, Y+4	; 0x04
    6b36:	fd 81       	ldd	r31, Y+5	; 0x05
    6b38:	80 81       	ld	r24, Z
    6b3a:	8c 93       	st	X, r24
		i++;
    6b3c:	89 81       	ldd	r24, Y+1	; 0x01
    6b3e:	8f 5f       	subi	r24, 0xFF	; 255
    6b40:	89 83       	std	Y+1, r24	; 0x01
		string_Ptr++;
    6b42:	8c 81       	ldd	r24, Y+4	; 0x04
    6b44:	9d 81       	ldd	r25, Y+5	; 0x05
    6b46:	01 96       	adiw	r24, 0x01	; 1
    6b48:	9d 83       	std	Y+5, r25	; 0x05
    6b4a:	8c 83       	std	Y+4, r24	; 0x04

}
static void LCD_concatWith(uint8* a_mainStr,uint8 * string_Ptr,uint8 * string_Ptr2,uint8 a_symb)
{
	uint8 i=0;
	while(*string_Ptr !='\0')
    6b4c:	ec 81       	ldd	r30, Y+4	; 0x04
    6b4e:	fd 81       	ldd	r31, Y+5	; 0x05
    6b50:	80 81       	ld	r24, Z
    6b52:	88 23       	and	r24, r24
    6b54:	39 f7       	brne	.-50     	; 0x6b24 <LCD_concatWith+0x26>
		*(a_mainStr+i) = *(string_Ptr);
		i++;
		string_Ptr++;
	}

	*(a_mainStr+i)=a_symb;
    6b56:	89 81       	ldd	r24, Y+1	; 0x01
    6b58:	28 2f       	mov	r18, r24
    6b5a:	30 e0       	ldi	r19, 0x00	; 0
    6b5c:	8a 81       	ldd	r24, Y+2	; 0x02
    6b5e:	9b 81       	ldd	r25, Y+3	; 0x03
    6b60:	fc 01       	movw	r30, r24
    6b62:	e2 0f       	add	r30, r18
    6b64:	f3 1f       	adc	r31, r19
    6b66:	88 85       	ldd	r24, Y+8	; 0x08
    6b68:	80 83       	st	Z, r24
	i++;
    6b6a:	89 81       	ldd	r24, Y+1	; 0x01
    6b6c:	8f 5f       	subi	r24, 0xFF	; 255
    6b6e:	89 83       	std	Y+1, r24	; 0x01
    6b70:	14 c0       	rjmp	.+40     	; 0x6b9a <LCD_concatWith+0x9c>
	while(*string_Ptr2 !='\0')
		{
			*(a_mainStr+i) = *(string_Ptr2);
    6b72:	89 81       	ldd	r24, Y+1	; 0x01
    6b74:	28 2f       	mov	r18, r24
    6b76:	30 e0       	ldi	r19, 0x00	; 0
    6b78:	8a 81       	ldd	r24, Y+2	; 0x02
    6b7a:	9b 81       	ldd	r25, Y+3	; 0x03
    6b7c:	dc 01       	movw	r26, r24
    6b7e:	a2 0f       	add	r26, r18
    6b80:	b3 1f       	adc	r27, r19
    6b82:	ee 81       	ldd	r30, Y+6	; 0x06
    6b84:	ff 81       	ldd	r31, Y+7	; 0x07
    6b86:	80 81       	ld	r24, Z
    6b88:	8c 93       	st	X, r24
			string_Ptr2++;
    6b8a:	8e 81       	ldd	r24, Y+6	; 0x06
    6b8c:	9f 81       	ldd	r25, Y+7	; 0x07
    6b8e:	01 96       	adiw	r24, 0x01	; 1
    6b90:	9f 83       	std	Y+7, r25	; 0x07
    6b92:	8e 83       	std	Y+6, r24	; 0x06
			i++;
    6b94:	89 81       	ldd	r24, Y+1	; 0x01
    6b96:	8f 5f       	subi	r24, 0xFF	; 255
    6b98:	89 83       	std	Y+1, r24	; 0x01
		string_Ptr++;
	}

	*(a_mainStr+i)=a_symb;
	i++;
	while(*string_Ptr2 !='\0')
    6b9a:	ee 81       	ldd	r30, Y+6	; 0x06
    6b9c:	ff 81       	ldd	r31, Y+7	; 0x07
    6b9e:	80 81       	ld	r24, Z
    6ba0:	88 23       	and	r24, r24
    6ba2:	39 f7       	brne	.-50     	; 0x6b72 <LCD_concatWith+0x74>
		{
			*(a_mainStr+i) = *(string_Ptr2);
			string_Ptr2++;
			i++;
		}
	*(a_mainStr+i)='\0';
    6ba4:	89 81       	ldd	r24, Y+1	; 0x01
    6ba6:	28 2f       	mov	r18, r24
    6ba8:	30 e0       	ldi	r19, 0x00	; 0
    6baa:	8a 81       	ldd	r24, Y+2	; 0x02
    6bac:	9b 81       	ldd	r25, Y+3	; 0x03
    6bae:	fc 01       	movw	r30, r24
    6bb0:	e2 0f       	add	r30, r18
    6bb2:	f3 1f       	adc	r31, r19
    6bb4:	10 82       	st	Z, r1


}
    6bb6:	28 96       	adiw	r28, 0x08	; 8
    6bb8:	0f b6       	in	r0, 0x3f	; 63
    6bba:	f8 94       	cli
    6bbc:	de bf       	out	0x3e, r29	; 62
    6bbe:	0f be       	out	0x3f, r0	; 63
    6bc0:	cd bf       	out	0x3d, r28	; 61
    6bc2:	cf 91       	pop	r28
    6bc4:	df 91       	pop	r29
    6bc6:	08 95       	ret

00006bc8 <__udivmodhi4>:
    6bc8:	aa 1b       	sub	r26, r26
    6bca:	bb 1b       	sub	r27, r27
    6bcc:	51 e1       	ldi	r21, 0x11	; 17
    6bce:	07 c0       	rjmp	.+14     	; 0x6bde <__udivmodhi4_ep>

00006bd0 <__udivmodhi4_loop>:
    6bd0:	aa 1f       	adc	r26, r26
    6bd2:	bb 1f       	adc	r27, r27
    6bd4:	a6 17       	cp	r26, r22
    6bd6:	b7 07       	cpc	r27, r23
    6bd8:	10 f0       	brcs	.+4      	; 0x6bde <__udivmodhi4_ep>
    6bda:	a6 1b       	sub	r26, r22
    6bdc:	b7 0b       	sbc	r27, r23

00006bde <__udivmodhi4_ep>:
    6bde:	88 1f       	adc	r24, r24
    6be0:	99 1f       	adc	r25, r25
    6be2:	5a 95       	dec	r21
    6be4:	a9 f7       	brne	.-22     	; 0x6bd0 <__udivmodhi4_loop>
    6be6:	80 95       	com	r24
    6be8:	90 95       	com	r25
    6bea:	bc 01       	movw	r22, r24
    6bec:	cd 01       	movw	r24, r26
    6bee:	08 95       	ret

00006bf0 <__udivmodsi4>:
    6bf0:	a1 e2       	ldi	r26, 0x21	; 33
    6bf2:	1a 2e       	mov	r1, r26
    6bf4:	aa 1b       	sub	r26, r26
    6bf6:	bb 1b       	sub	r27, r27
    6bf8:	fd 01       	movw	r30, r26
    6bfa:	0d c0       	rjmp	.+26     	; 0x6c16 <__udivmodsi4_ep>

00006bfc <__udivmodsi4_loop>:
    6bfc:	aa 1f       	adc	r26, r26
    6bfe:	bb 1f       	adc	r27, r27
    6c00:	ee 1f       	adc	r30, r30
    6c02:	ff 1f       	adc	r31, r31
    6c04:	a2 17       	cp	r26, r18
    6c06:	b3 07       	cpc	r27, r19
    6c08:	e4 07       	cpc	r30, r20
    6c0a:	f5 07       	cpc	r31, r21
    6c0c:	20 f0       	brcs	.+8      	; 0x6c16 <__udivmodsi4_ep>
    6c0e:	a2 1b       	sub	r26, r18
    6c10:	b3 0b       	sbc	r27, r19
    6c12:	e4 0b       	sbc	r30, r20
    6c14:	f5 0b       	sbc	r31, r21

00006c16 <__udivmodsi4_ep>:
    6c16:	66 1f       	adc	r22, r22
    6c18:	77 1f       	adc	r23, r23
    6c1a:	88 1f       	adc	r24, r24
    6c1c:	99 1f       	adc	r25, r25
    6c1e:	1a 94       	dec	r1
    6c20:	69 f7       	brne	.-38     	; 0x6bfc <__udivmodsi4_loop>
    6c22:	60 95       	com	r22
    6c24:	70 95       	com	r23
    6c26:	80 95       	com	r24
    6c28:	90 95       	com	r25
    6c2a:	9b 01       	movw	r18, r22
    6c2c:	ac 01       	movw	r20, r24
    6c2e:	bd 01       	movw	r22, r26
    6c30:	cf 01       	movw	r24, r30
    6c32:	08 95       	ret

00006c34 <__prologue_saves__>:
    6c34:	2f 92       	push	r2
    6c36:	3f 92       	push	r3
    6c38:	4f 92       	push	r4
    6c3a:	5f 92       	push	r5
    6c3c:	6f 92       	push	r6
    6c3e:	7f 92       	push	r7
    6c40:	8f 92       	push	r8
    6c42:	9f 92       	push	r9
    6c44:	af 92       	push	r10
    6c46:	bf 92       	push	r11
    6c48:	cf 92       	push	r12
    6c4a:	df 92       	push	r13
    6c4c:	ef 92       	push	r14
    6c4e:	ff 92       	push	r15
    6c50:	0f 93       	push	r16
    6c52:	1f 93       	push	r17
    6c54:	cf 93       	push	r28
    6c56:	df 93       	push	r29
    6c58:	cd b7       	in	r28, 0x3d	; 61
    6c5a:	de b7       	in	r29, 0x3e	; 62
    6c5c:	ca 1b       	sub	r28, r26
    6c5e:	db 0b       	sbc	r29, r27
    6c60:	0f b6       	in	r0, 0x3f	; 63
    6c62:	f8 94       	cli
    6c64:	de bf       	out	0x3e, r29	; 62
    6c66:	0f be       	out	0x3f, r0	; 63
    6c68:	cd bf       	out	0x3d, r28	; 61
    6c6a:	09 94       	ijmp

00006c6c <__epilogue_restores__>:
    6c6c:	2a 88       	ldd	r2, Y+18	; 0x12
    6c6e:	39 88       	ldd	r3, Y+17	; 0x11
    6c70:	48 88       	ldd	r4, Y+16	; 0x10
    6c72:	5f 84       	ldd	r5, Y+15	; 0x0f
    6c74:	6e 84       	ldd	r6, Y+14	; 0x0e
    6c76:	7d 84       	ldd	r7, Y+13	; 0x0d
    6c78:	8c 84       	ldd	r8, Y+12	; 0x0c
    6c7a:	9b 84       	ldd	r9, Y+11	; 0x0b
    6c7c:	aa 84       	ldd	r10, Y+10	; 0x0a
    6c7e:	b9 84       	ldd	r11, Y+9	; 0x09
    6c80:	c8 84       	ldd	r12, Y+8	; 0x08
    6c82:	df 80       	ldd	r13, Y+7	; 0x07
    6c84:	ee 80       	ldd	r14, Y+6	; 0x06
    6c86:	fd 80       	ldd	r15, Y+5	; 0x05
    6c88:	0c 81       	ldd	r16, Y+4	; 0x04
    6c8a:	1b 81       	ldd	r17, Y+3	; 0x03
    6c8c:	aa 81       	ldd	r26, Y+2	; 0x02
    6c8e:	b9 81       	ldd	r27, Y+1	; 0x01
    6c90:	ce 0f       	add	r28, r30
    6c92:	d1 1d       	adc	r29, r1
    6c94:	0f b6       	in	r0, 0x3f	; 63
    6c96:	f8 94       	cli
    6c98:	de bf       	out	0x3e, r29	; 62
    6c9a:	0f be       	out	0x3f, r0	; 63
    6c9c:	cd bf       	out	0x3d, r28	; 61
    6c9e:	ed 01       	movw	r28, r26
    6ca0:	08 95       	ret

00006ca2 <_exit>:
    6ca2:	f8 94       	cli

00006ca4 <__stop_program>:
    6ca4:	ff cf       	rjmp	.-2      	; 0x6ca4 <__stop_program>
